// Auto-generated by make_tiles.py — do not edit.
#include "wfc_tiles.h"

static const uint8_t wfc_tile_circuit[6144u] = {
    0x11, 0xE4, 0x09, 0x63, 0x09, 0x63, 0x09, 0x63, 0x09, 0x63, 0x09, 0x63, 0x09, 0x63, 0x09, 0x63,
    0x11, 0xE4, 0x09, 0x63, 0x09, 0x63, 0x09, 0x63, 0x09, 0x63, 0x09, 0x63, 0x09, 0x63, 0x09, 0x63,
    0x09, 0x63, 0x09, 0x63, 0x09, 0x63, 0x09, 0x63, 0x09, 0x63, 0x09, 0x63, 0x09, 0x63, 0x11, 0xE4,
    0x09, 0x63, 0x09, 0x63, 0x09, 0x63, 0x09, 0x63, 0x09, 0x63, 0x09, 0x63, 0x09, 0x63, 0x11, 0xE4,
    0x09, 0x63, 0x09, 0x63, 0x09, 0x63, 0x09, 0x63, 0x09, 0x63, 0x09, 0x63, 0x11, 0xE4, 0x09, 0x63,
    0x09, 0x63, 0x09, 0x63, 0x09, 0x63, 0x09, 0x63, 0x09, 0x63, 0x09, 0x63, 0x11, 0xE4, 0x09, 0x63,
    0x09, 0x63, 0x09, 0x63, 0x09, 0x63, 0xFF, 0x10, 0xFF, 0x10, 0xCC, 0xE5, 0xCC, 0xE5, 0x09, 0x63,
    0x09, 0x63, 0x09, 0x63, 0x09, 0x63, 0x09, 0x63, 0x09, 0x63, 0x11, 0xE4, 0x09, 0x63, 0x09, 0x63,
    0x09, 0x63, 0x09, 0x63, 0x09, 0x63, 0xFF, 0x10, 0x08, 0xE2, 0x08, 0xE2, 0xCC, 0xE5, 0x09, 0x63,
    0x09, 0x63, 0x09, 0x63, 0x09, 0x63, 0x09, 0x63, 0x11, 0xE4, 0x09, 0x63, 0x09, 0x63, 0x09, 0x63,
    0x09, 0x63, 0x09, 0x63, 0x09, 0x63, 0xCC, 0xE5, 0x08, 0xE2, 0x08, 0xE2, 0xCC, 0xE5, 0x09, 0x63,
    0x09, 0x63, 0x09, 0x63, 0x09, 0x63, 0x11, 0xE4, 0x09, 0x63, 0x09, 0x63, 0x09, 0x63, 0x09, 0x63,
    0x09, 0x63, 0x09, 0x63, 0x11, 0xE4, 0xCC, 0xE5, 0xCC, 0xE5, 0xCC, 0xE5, 0x49, 0x81, 0x09, 0x63,
    0x09, 0x63, 0x09, 0x63, 0x11, 0xE4, 0x08, 0xE2, 0x09, 0x63, 0x09, 0x63, 0x09, 0x63, 0x09, 0x63,
    0x09, 0x63, 0x11, 0xE4, 0x09, 0x63, 0x09, 0x63, 0x09, 0x63, 0x09, 0x63, 0x09, 0x63, 0x09, 0x63,
    0x09, 0x63, 0x11, 0xE4, 0x09, 0x63, 0x09, 0x63, 0x09, 0x63, 0x09, 0x63, 0x09, 0x63, 0x09, 0x63,
    0x11, 0xE4, 0x09, 0x63, 0x09, 0x63, 0x09, 0x63, 0x09, 0x63, 0x09, 0x63, 0x09, 0x63, 0x09, 0x63,
    0x11, 0xE4, 0x09, 0x63, 0x09, 0x63, 0x09, 0x63, 0x09, 0x63, 0x09, 0x63, 0x09, 0x63, 0x09, 0x63,
    0x09, 0x63, 0x09, 0x63, 0x09, 0x63, 0x09, 0x63, 0x09, 0x63, 0x09, 0x63, 0x09, 0x63, 0x11, 0xE4,
    0x09, 0x63, 0xFF, 0x10, 0xFF, 0x10, 0xCC, 0xE5, 0xCC, 0xE5, 0x09, 0x63, 0x09, 0x63, 0x11, 0xE4,
    0x09, 0x63, 0x09, 0x63, 0x09, 0x63, 0x09, 0x63, 0x09, 0x63, 0x09, 0x63, 0x11, 0xE4, 0x09, 0x63,
    0x09, 0x63, 0xFF, 0x10, 0x08, 0xE2, 0x08, 0xE2, 0xCC, 0xE5, 0x09, 0x63, 0x11, 0xE4, 0x09, 0x63,
    0x09, 0x63, 0x09, 0x63, 0x09, 0x63, 0x09, 0x63, 0x09, 0x63, 0x11, 0xE4, 0x09, 0x63, 0x09, 0x63,
    0x09, 0x63, 0xCC, 0xE5, 0x08, 0xE2, 0x08, 0xE2, 0xCC, 0xE5, 0x11, 0xE4, 0x09, 0x63, 0x09, 0x63,
    0x09, 0x63, 0x09, 0x63, 0x09, 0x63, 0x09, 0x63, 0x11, 0xE4, 0x09, 0x63, 0x09, 0x63, 0x09, 0x63,
    0x09, 0x63, 0xCC, 0xE5, 0xCC, 0xE5, 0xCC, 0xE5, 0x49, 0x81, 0x09, 0x63, 0x09, 0x63, 0x09, 0x63,
    0x09, 0x63, 0x09, 0x63, 0x09, 0x63, 0x11, 0xE4, 0x09, 0x63, 0x09, 0x63, 0x09, 0x63, 0x09, 0x63,
    0x09, 0x63, 0x09, 0x63, 0x09, 0x63, 0x11, 0xE4, 0x09, 0x63, 0x09, 0x63, 0x09, 0x63, 0x09, 0x63,
    0x09, 0x63, 0x09, 0x63, 0x11, 0xE4, 0x08, 0xE2, 0x09, 0x63, 0x09, 0x63, 0x09, 0x63, 0x09, 0x63,
    0x09, 0x63, 0x09, 0x63, 0x11, 0xE4, 0x08, 0xE2, 0x09, 0x63, 0x09, 0x63, 0x09, 0x63, 0x09, 0x63,
    0x09, 0x63, 0x11, 0xE4, 0x09, 0x63, 0x09, 0x63, 0x09, 0x63, 0x09, 0x63, 0x09, 0x63, 0x09, 0x63,
    0x09, 0x63, 0x11, 0xE4, 0x09, 0x63, 0x09, 0x63, 0x09, 0x63, 0x09, 0x63, 0x09, 0x63, 0x09, 0x63,
    0x11, 0xE4, 0x09, 0x63, 0x09, 0x63, 0x09, 0x63, 0x09, 0x63, 0x09, 0x63, 0x09, 0x63, 0x09, 0x63,
    0x11, 0xE4, 0x09, 0x63, 0x09, 0x63, 0x09, 0x63, 0x09, 0x63, 0x09, 0x63, 0x09, 0x63, 0x09, 0x63,
    0x09, 0x63, 0x09, 0x63, 0x09, 0x63, 0x09, 0x63, 0x09, 0x63, 0x09, 0x63, 0x09, 0x63, 0x11, 0xE4,
    0x09, 0x63, 0x09, 0x63, 0x09, 0x63, 0x09, 0x63, 0x09, 0x63, 0x09, 0x63, 0x09, 0x63, 0x11, 0xE4,
    0x09, 0x63, 0x09, 0x63, 0x09, 0x63, 0x09, 0x63, 0x09, 0x63, 0x09, 0x63, 0x11, 0xE4, 0x09, 0x63,
    0x09, 0x63, 0x09, 0x63, 0x09, 0x63, 0x09, 0x63, 0x09, 0x63, 0x09, 0x63, 0x11, 0xE4, 0x09, 0x63,
    0x09, 0x63, 0x09, 0x63, 0x09, 0x63, 0x09, 0x63, 0x09, 0x63, 0x11, 0xE4, 0x09, 0x63, 0x09, 0x63,
    0x09, 0x63, 0x09, 0x63, 0x09, 0x63, 0x09, 0x63, 0x09, 0x63, 0x11, 0xE4, 0x09, 0x63, 0x09, 0x63,
    0x09, 0x63, 0x09, 0x63, 0x09, 0x63, 0x09, 0x63, 0x11, 0xE4, 0x09, 0x63, 0x09, 0x63, 0x09, 0x63,
    0x09, 0x63, 0x09, 0x63, 0x09, 0x63, 0x09, 0x63, 0x11, 0xE4, 0x09, 0x63, 0x09, 0x63, 0x09, 0x63,
    0x09, 0x63, 0x09, 0x63, 0x09, 0x63, 0x11, 0xE4, 0x09, 0x63, 0x09, 0x63, 0x09, 0x63, 0x09, 0x63,
    0x09, 0x63, 0x09, 0x63, 0x09, 0x63, 0x11, 0xE4, 0x09, 0x63, 0x09, 0x63, 0x09, 0x63, 0x09, 0x63,
    0xFF, 0x10, 0xFF, 0x10, 0xFF, 0x10, 0xFF, 0x10, 0xFF, 0x10, 0xFF, 0x10, 0xFF, 0x10, 0xFF, 0x10,
    0xFF, 0x10, 0xFF, 0x10, 0xFF, 0x10, 0xFF, 0x10, 0xFF, 0x10, 0xFF, 0x10, 0xFF, 0x10, 0xFF, 0x10,
    0xCC, 0xE5, 0xCC, 0xE5, 0xCC, 0xE5, 0xCC, 0xE5, 0xCC, 0xE5, 0xCC, 0xE5, 0xCC, 0xE5, 0xCC, 0xE5,
    0xCC, 0xE5, 0xCC, 0xE5, 0xCC, 0xE5, 0xCC, 0xE5, 0xCC, 0xE5, 0xCC, 0xE5, 0xCC, 0xE5, 0xCC, 0xE5,
    0xCC, 0xE5, 0xCC, 0xE5, 0xCC, 0xE5, 0xCC, 0xE5, 0xCC, 0xE5, 0xCC, 0xE5, 0xCC, 0xE5, 0xCC, 0xE5,
    0xCC, 0xE5, 0xCC, 0xE5, 0xCC, 0xE5, 0xCC, 0xE5, 0xCC, 0xE5, 0xCC, 0xE5, 0xCC, 0xE5, 0xCC, 0xE5,
    0x49, 0x81, 0x49, 0x81, 0x49, 0x81, 0x49, 0x81, 0x49, 0x81, 0x49, 0x81, 0x49, 0x81, 0x49, 0x81,
    0x49, 0x81, 0x49, 0x81, 0x49, 0x81, 0x49, 0x81, 0x49, 0x81, 0x49, 0x81, 0x49, 0x81, 0x49, 0x81,
    0x09, 0x63, 0x09, 0x63, 0x09, 0x63, 0x09, 0x63, 0x09, 0x63, 0x09, 0x63, 0x11, 0xE4, 0x09, 0x63,
    0x09, 0x63, 0x09, 0x63, 0x09, 0x63, 0x09, 0x63, 0x09, 0x63, 0x09, 0x63, 0x11, 0xE4, 0x09, 0x63,
    0x09, 0x63, 0x09, 0x63, 0x09, 0x63, 0x09, 0x63, 0x09, 0x63, 0x11, 0xE4, 0x09, 0x63, 0x09, 0x63,
    0x09, 0x63, 0x09, 0x63, 0x09, 0x63, 0x09, 0x63, 0x09, 0x63, 0x11, 0xE4, 0x09, 0x63, 0x09, 0x63,
    0x09, 0x63, 0x09, 0x63, 0x09, 0x63, 0x09, 0x63, 0x11, 0xE4, 0x09, 0x63, 0x09, 0x63, 0x09, 0x63,
    0x09, 0x63, 0x09, 0x63, 0x09, 0x63, 0x09, 0x63, 0x11, 0xE4, 0x09, 0x63, 0x09, 0x63, 0x09, 0x63,
    0x09, 0x63, 0x09, 0x63, 0x09, 0x63, 0x11, 0xE4, 0x09, 0x63, 0x09, 0x63, 0x09, 0x63, 0x09, 0x63,
    0x09, 0x63, 0x09, 0x63, 0x09, 0x63, 0x11, 0xE4, 0x09, 0x63, 0x09, 0x63, 0x09, 0x63, 0x09, 0x63,
    0x09, 0x63, 0x09, 0x63, 0x11, 0xE4, 0x08, 0xE2, 0x09, 0x63, 0x09, 0x63, 0x09, 0x63, 0x09, 0x63,
    0x09, 0x63, 0x09, 0x63, 0x11, 0xE4, 0x08, 0xE2, 0x09, 0x63, 0x09, 0x63, 0x09, 0x63, 0x09, 0x63,
    0x09, 0x63, 0x11, 0xE4, 0x09, 0x63, 0x09, 0x63, 0x09, 0x63, 0x09, 0x63, 0x09, 0x63, 0x09, 0x63,
    0x09, 0x63, 0x11, 0xE4, 0x09, 0x63, 0x09, 0x63, 0x09, 0x63, 0x09, 0x63, 0x09, 0x63, 0x09, 0x63,
    0x11, 0xE4, 0x09, 0x63, 0x09, 0x63, 0x09, 0x63, 0x09, 0x63, 0x09, 0x63, 0xFF, 0x10, 0xCC, 0xE5,
    0xCC, 0xE5, 0x49, 0x81, 0x09, 0x63, 0x09, 0x63, 0x09, 0x63, 0x09, 0x63, 0x09, 0x63, 0x09, 0x63,
    0x09, 0x63, 0x09, 0x63, 0x09, 0x63, 0x09, 0x63, 0x09, 0x63, 0x09, 0x63, 0xFF, 0x10, 0xCC, 0xE5,
    0xCC, 0xE5, 0x49, 0x81, 0x09, 0x63, 0x09, 0x63, 0x09, 0x63, 0x09, 0x63, 0x09, 0x63, 0x11, 0xE4,
    0x09, 0x63, 0x09, 0x63, 0x09, 0x63, 0x09, 0x63, 0x09, 0x63, 0x09, 0x63, 0xFF, 0x10, 0xCC, 0xE5,
    0xCC, 0xE5, 0x49, 0x81, 0x09, 0x63, 0x09, 0x63, 0x09, 0x63, 0x09, 0x63, 0x11, 0xE4, 0x09, 0x63,
    0x09, 0x63, 0x09, 0x63, 0x09, 0x63, 0x09, 0x63, 0x09, 0x63, 0x11, 0xE4, 0xFF, 0x10, 0xCC, 0xE5,
    0xCC, 0xE5, 0x49, 0x81, 0x09, 0x63, 0x09, 0x63, 0x09, 0x63, 0x11, 0xE4, 0x09, 0x63, 0x09, 0x63,
    0x09, 0x63, 0x09, 0x63, 0x09, 0x63, 0x09, 0x63, 0x11, 0xE4, 0x09, 0x63, 0xFF, 0x10, 0xCC, 0xE5,
    0xCC, 0xE5, 0x49, 0x81, 0x09, 0x63, 0x09, 0x63, 0x11, 0xE4, 0x09, 0x63, 0x09, 0x63, 0x09, 0x63,
    0x09, 0x63, 0x09, 0x63, 0x09, 0x63, 0x11, 0xE4, 0x09, 0x63, 0x09, 0x63, 0xFF, 0x10, 0xCC, 0xE5,
    0xCC, 0xE5, 0x49, 0x81, 0x09, 0x63, 0x11, 0xE4, 0x09, 0x63, 0x09, 0x63, 0x09, 0x63, 0x09, 0x63,
    0x09, 0x63, 0x09, 0x63, 0x11, 0xE4, 0x08, 0xE2, 0x09, 0x63, 0x09, 0x63, 0xFF, 0x10, 0xCC, 0xE5,
    0xCC, 0xE5, 0x49, 0x81, 0x11, 0xE4, 0x08, 0xE2, 0x09, 0x63, 0x09, 0x63, 0x09, 0x63, 0x09, 0x63,
    0x09, 0x63, 0x11, 0xE4, 0x09, 0x63, 0x09, 0x63, 0x09, 0x63, 0x09, 0x63, 0xFF, 0x10, 0xCC, 0xE5,
    0xCC, 0xE5, 0x49, 0x81, 0x09, 0x63, 0x09, 0x63, 0x09, 0x63, 0x09, 0x63, 0x09, 0x63, 0x09, 0x63,
    0x11, 0xE4, 0x09, 0x63, 0x09, 0x63, 0x09, 0x63, 0x09, 0x63, 0x09, 0x63, 0xFF, 0x10, 0xCC, 0xE5,
    0xCC, 0xE5, 0x49, 0x81, 0x09, 0x63, 0x09, 0x63, 0x09, 0x63, 0x09, 0x63, 0x09, 0x63, 0x09, 0x63,
    0x09, 0x63, 0x09, 0x63, 0x09, 0x63, 0x09, 0x63, 0x09, 0x63, 0x09, 0x63, 0xFF, 0x10, 0xCC, 0xE5,
    0xCC, 0xE5, 0x49, 0x81, 0x09, 0x63, 0x09, 0x63, 0x09, 0x63, 0x09, 0x63, 0x09, 0x63, 0x11, 0xE4,
    0x09, 0x63, 0x09, 0x63, 0x09, 0x63, 0x09, 0x63, 0x09, 0x63, 0x09, 0x63, 0xFF, 0x10, 0xCC, 0xE5,
    0xCC, 0xE5, 0x49, 0x81, 0x09, 0x63, 0x09, 0x63, 0x09, 0x63, 0x09, 0x63, 0x11, 0xE4, 0x09, 0x63,
    0x09, 0x63, 0x09, 0x63, 0x09, 0x63, 0x09, 0x63, 0x09, 0x63, 0x11, 0xE4, 0xFF, 0x10, 0xCC, 0xE5,
    0xCC, 0xE5, 0x49, 0x81, 0x09, 0x63, 0x09, 0x63, 0x09, 0x63, 0x11, 0xE4, 0x09, 0x63, 0x09, 0x63,
    0x09, 0x63, 0x09, 0x63, 0x09, 0x63, 0x09, 0x63, 0x11, 0xE4, 0x09, 0x63, 0xFF, 0x10, 0xCC, 0xE5,
    0xCC, 0xE5, 0x49, 0x81, 0x09, 0x63, 0x09, 0x63, 0x11, 0xE4, 0x09, 0x63, 0x09, 0x63, 0x09, 0x63,
    0x09, 0x63, 0x09, 0x63, 0x09, 0x63, 0x11, 0xE4, 0x09, 0x63, 0x09, 0x63, 0xFF, 0x10, 0xCC, 0xE5,
    0xCC, 0xE5, 0x49, 0x81, 0x09, 0x63, 0x11, 0xE4, 0x09, 0x63, 0x09, 0x63, 0x09, 0x63, 0x09, 0x63,
    0x09, 0x63, 0x09, 0x63, 0x11, 0xE4, 0x08, 0xE2, 0x09, 0x63, 0x09, 0x63, 0xFF, 0x10, 0xCC, 0xE5,
    0xCC, 0xE5, 0x49, 0x81, 0x11, 0xE4, 0x08, 0xE2, 0x09, 0x63, 0x09, 0x63, 0x09, 0x63, 0x09, 0x63,
    0x09, 0x63, 0x11, 0xE4, 0x09, 0x63, 0x09, 0x63, 0x09, 0x63, 0x09, 0x63, 0xFF, 0x10, 0xCC, 0xE5,
    0xCC, 0xE5, 0x49, 0x81, 0x09, 0x63, 0x09, 0x63, 0x09, 0x63, 0x09, 0x63, 0x09, 0x63, 0x09, 0x63,
    0x11, 0xE4, 0x09, 0x63, 0x09, 0x63, 0x09, 0x63, 0x09, 0x63, 0x09, 0x63, 0xFF, 0x10, 0xCC, 0xE5,
    0xCC, 0xE5, 0x49, 0x81, 0x09, 0x63, 0x09, 0x63, 0x09, 0x63, 0x09, 0x63, 0x09, 0x63, 0x09, 0x63,
    0x09, 0x63, 0x09, 0x63, 0x09, 0x63, 0x09, 0x63, 0x09, 0x63, 0x09, 0x63, 0xFF, 0x10, 0xCC, 0xE5,
    0xCC, 0xE5, 0x49, 0x81, 0x09, 0x63, 0x09, 0x63, 0x09, 0x63, 0x09, 0x63, 0x09, 0x63, 0x11, 0xE4,
    0x09, 0x63, 0x09, 0x63, 0x09, 0x63, 0x09, 0x63, 0x09, 0x63, 0x09, 0x63, 0xFF, 0x10, 0xCC, 0xE5,
    0xCC, 0xE5, 0x49, 0x81, 0x09, 0x63, 0x09, 0x63, 0x09, 0x63, 0x09, 0x63, 0x11, 0xE4, 0x09, 0x63,
    0x09, 0x63, 0x09, 0x63, 0x09, 0x63, 0x09, 0x63, 0x09, 0x63, 0x11, 0xE4, 0xFF, 0x10, 0xCC, 0xE5,
    0xCC, 0xE5, 0x49, 0x81, 0x09, 0x63, 0x09, 0x63, 0x09, 0x63, 0x11, 0xE4, 0x09, 0x63, 0x09, 0x63,
    0x09, 0x63, 0x09, 0x63, 0x09, 0x63, 0x09, 0x63, 0x11, 0xE4, 0x09, 0x63, 0xFF, 0x10, 0xCC, 0xE5,
    0xCC, 0xE5, 0x49, 0x81, 0x09, 0x63, 0x09, 0x63, 0x11, 0xE4, 0x09, 0x63, 0x09, 0x63, 0x09, 0x63,
    0x09, 0x63, 0x09, 0x63, 0x09, 0x63, 0x11, 0xE4, 0x09, 0x63, 0x09, 0x63, 0xFF, 0x10, 0xCC, 0xE5,
    0xCC, 0xE5, 0x49, 0x81, 0x09, 0x63, 0x11, 0xE4, 0x09, 0x63, 0x09, 0x63, 0x09, 0x63, 0x09, 0x63,
    0x09, 0x63, 0x09, 0x63, 0x11, 0xE4, 0x08, 0xE2, 0x09, 0x63, 0x09, 0x63, 0xFF, 0x10, 0xCC, 0xE5,
    0xCC, 0xE5, 0xCC, 0xE5, 0xFF, 0x10, 0xFF, 0x10, 0xFF, 0x10, 0xFF, 0x10, 0xFF, 0x10, 0xFF, 0x10,
    0x09, 0x63, 0x11, 0xE4, 0x09, 0x63, 0x09, 0x63, 0x09, 0x63, 0x09, 0x63, 0xFF, 0x10, 0xCC, 0xE5,
    0xCC, 0xE5, 0xCC, 0xE5, 0xCC, 0xE5, 0xCC, 0xE5, 0xCC, 0xE5, 0xCC, 0xE5, 0xCC, 0xE5, 0xCC, 0xE5,
    0x11, 0xE4, 0x09, 0x63, 0x09, 0x63, 0x09, 0x63, 0x09, 0x63, 0x09, 0x63, 0xFF, 0x10, 0xCC, 0xE5,
    0xCC, 0xE5, 0xCC, 0xE5, 0xCC, 0xE5, 0xCC, 0xE5, 0xCC, 0xE5, 0xCC, 0xE5, 0xCC, 0xE5, 0xCC, 0xE5,
    0x09, 0x63, 0x09, 0x63, 0x09, 0x63, 0x09, 0x63, 0x09, 0x63, 0x09, 0x63, 0x49, 0x81, 0x49, 0x81,
    0x49, 0x81, 0x49, 0x81, 0x49, 0x81, 0x49, 0x81, 0x49, 0x81, 0x49, 0x81, 0x49, 0x81, 0x49, 0x81,
    0x09, 0x63, 0x09, 0x63, 0x09, 0x63, 0x09, 0x63, 0x09, 0x63, 0x09, 0x63, 0x11, 0xE4, 0x09, 0x63,
    0x09, 0x63, 0x09, 0x63, 0x09, 0x63, 0x09, 0x63, 0x09, 0x63, 0x09, 0x63, 0x11, 0xE4, 0x09, 0x63,
    0x09, 0x63, 0x09, 0x63, 0x09, 0x63, 0x09, 0x63, 0x09, 0x63, 0x11, 0xE4, 0x09, 0x63, 0x09, 0x63,
    0x09, 0x63, 0x09, 0x63, 0x09, 0x63, 0x09, 0x63, 0x09, 0x63, 0x11, 0xE4, 0x09, 0x63, 0x09, 0x63,
    0x09, 0x63, 0x09, 0x63, 0x09, 0x63, 0x09, 0x63, 0x11, 0xE4, 0x09, 0x63, 0x09, 0x63, 0x09, 0x63,
    0x09, 0x63, 0x09, 0x63, 0x09, 0x63, 0x09, 0x63, 0x11, 0xE4, 0x09, 0x63, 0x09, 0x63, 0x09, 0x63,
    0x09, 0x63, 0x09, 0x63, 0x09, 0x63, 0x11, 0xE4, 0x09, 0x63, 0x09, 0x63, 0x09, 0x63, 0x09, 0x63,
    0x09, 0x63, 0x09, 0x63, 0x09, 0x63, 0x11, 0xE4, 0x09, 0x63, 0x09, 0x63, 0x09, 0x63, 0x09, 0x63,
    0x09, 0x63, 0x09, 0x63, 0x11, 0xE4, 0x08, 0xE2, 0x09, 0x63, 0x09, 0x63, 0x09, 0x63, 0x09, 0x63,
    0x09, 0x63, 0x09, 0x63, 0x11, 0xE4, 0x08, 0xE2, 0x09, 0x63, 0x09, 0x63, 0x09, 0x63, 0x09, 0x63,
    0x09, 0x63, 0x11, 0xE4, 0x09, 0x63, 0x09, 0x63, 0x09, 0x63, 0x09, 0x63, 0x09, 0x63, 0x09, 0x63,
    0x09, 0x63, 0x11, 0xE4, 0x09, 0x63, 0x09, 0x63, 0x09, 0x63, 0x09, 0x63, 0x09, 0x63, 0x09, 0x63,
    0x11, 0xE4, 0x09, 0x63, 0x09, 0x63, 0x09, 0x63, 0x09, 0x63, 0x09, 0x63, 0xFF, 0x10, 0xCC, 0xE5,
    0xCC, 0xE5, 0x49, 0x81, 0x09, 0x63, 0x09, 0x63, 0x09, 0x63, 0x09, 0x63, 0x09, 0x63, 0x09, 0x63,
    0x09, 0x63, 0x09, 0x63, 0x09, 0x63, 0x09, 0x63, 0x09, 0x63, 0x09, 0x63, 0xFF, 0x10, 0xCC, 0xE5,
    0xCC, 0xE5, 0x49, 0x81, 0x09, 0x63, 0x09, 0x63, 0x09, 0x63, 0x09, 0x63, 0x09, 0x63, 0x11, 0xE4,
    0x09, 0x63, 0x09, 0x63, 0x09, 0x63, 0x09, 0x63, 0x09, 0x63, 0x09, 0x63, 0xFF, 0x10, 0xCC, 0xE5,
    0xCC, 0xE5, 0x49, 0x81, 0x09, 0x63, 0x09, 0x63, 0x09, 0x63, 0x09, 0x63, 0x11, 0xE4, 0x09, 0x63,
    0x09, 0x63, 0x09, 0x63, 0x09, 0x63, 0x09, 0x63, 0x09, 0x63, 0x11, 0xE4, 0xFF, 0x10, 0xCC, 0xE5,
    0xCC, 0xE5, 0x49, 0x81, 0x09, 0x63, 0x09, 0x63, 0x09, 0x63, 0x11, 0xE4, 0x09, 0x63, 0x09, 0x63,
    0x09, 0x63, 0x09, 0x63, 0x09, 0x63, 0x09, 0x63, 0x11, 0xE4, 0x09, 0x63, 0xFF, 0x10, 0xCC, 0xE5,
    0xCC, 0xE5, 0x49, 0x81, 0x09, 0x63, 0x09, 0x63, 0x11, 0xE4, 0x09, 0x63, 0x09, 0x63, 0x09, 0x63,
    0x09, 0x63, 0x09, 0x63, 0x09, 0x63, 0x11, 0xE4, 0x09, 0x63, 0x09, 0x63, 0xFF, 0x10, 0xCC, 0xE5,
    0xCC, 0xE5, 0x49, 0x81, 0x09, 0x63, 0x11, 0xE4, 0x09, 0x63, 0x09, 0x63, 0x09, 0x63, 0x09, 0x63,
    0xFF, 0x10, 0xFF, 0x10, 0xFF, 0x10, 0xFF, 0x10, 0xFF, 0x10, 0xFF, 0x10, 0xCC, 0xE5, 0xCC, 0xE5,
    0xCC, 0xE5, 0x49, 0x81, 0x11, 0xE4, 0x08, 0xE2, 0x09, 0x63, 0x09, 0x63, 0x09, 0x63, 0x09, 0x63,
    0xCC, 0xE5, 0xCC, 0xE5, 0xCC, 0xE5, 0xCC, 0xE5, 0xCC, 0xE5, 0xCC, 0xE5, 0xCC, 0xE5, 0xCC, 0xE5,
    0xCC, 0xE5, 0x49, 0x81, 0x09, 0x63, 0x09, 0x63, 0x09, 0x63, 0x09, 0x63, 0x09, 0x63, 0x09, 0x63,
    0xCC, 0xE5, 0xCC, 0xE5, 0xCC, 0xE5, 0xCC, 0xE5, 0xCC, 0xE5, 0xCC, 0xE5, 0xCC, 0xE5, 0xCC, 0xE5,
    0xCC, 0xE5, 0x49, 0x81, 0x09, 0x63, 0x09, 0x63, 0x09, 0x63, 0x09, 0x63, 0x09, 0x63, 0x09, 0x63,
    0x49, 0x81, 0x49, 0x81, 0x49, 0x81, 0x49, 0x81, 0x49, 0x81, 0x49, 0x81, 0x49, 0x81, 0x49, 0x81,
    0x49, 0x81, 0x49, 0x81, 0x09, 0x63, 0x09, 0x63, 0x09, 0x63, 0x09, 0x63, 0x09, 0x63, 0x11, 0xE4,
    0x09, 0x63, 0x09, 0x63, 0x09, 0x63, 0x09, 0x63, 0x09, 0x63, 0x09, 0x63, 0x11, 0xE4, 0x09, 0x63,
    0x09, 0x63, 0x09, 0x63, 0x09, 0x63, 0x09, 0x63, 0x09, 0x63, 0x09, 0x63, 0x11, 0xE4, 0x09, 0x63,
    0x09, 0x63, 0x09, 0x63, 0x09, 0x63, 0x09, 0x63, 0x09, 0x63, 0x11, 0xE4, 0x09, 0x63, 0x09, 0x63,
    0x09, 0x63, 0x09, 0x63, 0x09, 0x63, 0x09, 0x63, 0x09, 0x63, 0x11, 0xE4, 0x09, 0x63, 0x09, 0x63,
    0x09, 0x63, 0x09, 0x63, 0x09, 0x63, 0x09, 0x63, 0x11, 0xE4, 0x09, 0x63, 0x09, 0x63, 0x09, 0x63,
    0x09, 0x63, 0x09, 0x63, 0x09, 0x63, 0x09, 0x63, 0x11, 0xE4, 0x09, 0x63, 0x09, 0x63, 0x09, 0x63,
    0x09, 0x63, 0x09, 0x63, 0x09, 0x63, 0x11, 0xE4, 0x09, 0x63, 0x09, 0x63, 0x09, 0x63, 0x09, 0x63,
    0x09, 0x63, 0x09, 0x63, 0x09, 0x63, 0x11, 0xE4, 0x09, 0x63, 0x09, 0x63, 0x09, 0x63, 0x09, 0x63,
    0x09, 0x63, 0x09, 0x63, 0x11, 0xE4, 0x08, 0xE2, 0x09, 0x63, 0x09, 0x63, 0x09, 0x63, 0x09, 0x63,
    0x09, 0x63, 0x09, 0x63, 0x11, 0xE4, 0x08, 0xE2, 0x09, 0x63, 0x09, 0x63, 0x09, 0x63, 0x09, 0x63,
    0x09, 0x63, 0x11, 0xE4, 0x09, 0x63, 0x09, 0x63, 0x09, 0x63, 0x09, 0x63, 0x09, 0x63, 0x09, 0x63,
    0x09, 0x63, 0x11, 0xE4, 0x09, 0x63, 0x09, 0x63, 0x09, 0x63, 0x09, 0x63, 0x09, 0x63, 0x09, 0x63,
    0x11, 0xE4, 0x09, 0x63, 0x09, 0x63, 0x09, 0x63, 0x09, 0x63, 0x09, 0x63, 0x09, 0x63, 0x09, 0x63,
    0x11, 0xE4, 0x09, 0x63, 0x09, 0x63, 0x09, 0x63, 0x09, 0x63, 0x09, 0x63, 0x09, 0x63, 0x09, 0x63,
    0x09, 0x63, 0x09, 0x63, 0x09, 0x63, 0x09, 0x63, 0x09, 0x63, 0x09, 0x63, 0x09, 0x63, 0x11, 0xE4,
    0x09, 0x63, 0x09, 0x63, 0x09, 0x63, 0x09, 0x63, 0x09, 0x63, 0x09, 0x63, 0x09, 0x63, 0x11, 0xE4,
    0x09, 0x63, 0x09, 0x63, 0x09, 0x63, 0x09, 0x63, 0x09, 0x63, 0x09, 0x63, 0x11, 0xE4, 0x09, 0x63,
    0x09, 0x63, 0x09, 0x63, 0x09, 0x63, 0x09, 0x63, 0x09, 0x63, 0x09, 0x63, 0x11, 0xE4, 0x09, 0x63,
    0x09, 0x63, 0x09, 0x63, 0x09, 0x63, 0x09, 0x63, 0x09, 0x63, 0x11, 0xE4, 0x09, 0x63, 0x09, 0x63,
    0x09, 0x63, 0x09, 0x63, 0x09, 0x63, 0x09, 0x63, 0x09, 0x63, 0x11, 0xE4, 0x09, 0x63, 0x09, 0x63,
    0x09, 0x63, 0x09, 0x63, 0x09, 0x63, 0x09, 0x63, 0x11, 0xE4, 0x09, 0x63, 0x09, 0x63, 0x09, 0x63,
    0x09, 0x63, 0x09, 0x63, 0x09, 0x63, 0x09, 0x63, 0x11, 0xE4, 0x09, 0x63, 0x09, 0x63, 0x09, 0x63,
    0x09, 0x63, 0x09, 0x63, 0x09, 0x63, 0x11, 0xE4, 0x09, 0x63, 0x09, 0x63, 0x09, 0x63, 0x09, 0x63,
    0x09, 0x63, 0x09, 0x63, 0x09, 0x63, 0x11, 0xE4, 0x09, 0x63, 0x09, 0x63, 0x09, 0x63, 0x09, 0x63,
    0x09, 0x63, 0x09, 0x63, 0x11, 0xE4, 0x08, 0xE2, 0x09, 0x63, 0x09, 0x63, 0xFF, 0x10, 0xFF, 0x10,
    0xFF, 0x10, 0xFF, 0x10, 0xFF, 0x10, 0xFF, 0x10, 0xFF, 0x10, 0xFF, 0x10, 0xFF, 0x10, 0xFF, 0x10,
    0x09, 0x63, 0x11, 0xE4, 0x09, 0x63, 0x09, 0x63, 0x09, 0x63, 0x09, 0x63, 0xFF, 0x10, 0xCC, 0xE5,
    0xCC, 0xE5, 0xCC, 0xE5, 0xCC, 0xE5, 0xCC, 0xE5, 0xCC, 0xE5, 0xCC, 0xE5, 0xCC, 0xE5, 0xCC, 0xE5,
    0x11, 0xE4, 0x09, 0x63, 0x09, 0x63, 0x09, 0x63, 0x09, 0x63, 0x09, 0x63, 0xFF, 0x10, 0xCC, 0xE5,
    0xCC, 0xE5, 0xCC, 0xE5, 0xCC, 0xE5, 0xCC, 0xE5, 0xCC, 0xE5, 0xCC, 0xE5, 0xCC, 0xE5, 0xCC, 0xE5,
    0x09, 0x63, 0x09, 0x63, 0x09, 0x63, 0x09, 0x63, 0x09, 0x63, 0x09, 0x63, 0xFF, 0x10, 0xCC, 0xE5,
    0xCC, 0xE5, 0xCC, 0xE5, 0x49, 0x81, 0x49, 0x81, 0x49, 0x81, 0x49, 0x81, 0x49, 0x81, 0x49, 0x81,
    0x09, 0x63, 0x09, 0x63, 0x09, 0x63, 0x09, 0x63, 0x09, 0x63, 0x09, 0x63, 0xFF, 0x10, 0xCC, 0xE5,
    0xCC, 0xE5, 0x49, 0x81, 0x09, 0x63, 0x09, 0x63, 0x09, 0x63, 0x09, 0x63, 0x11, 0xE4, 0x09, 0x63,
    0x09, 0x63, 0x09, 0x63, 0x09, 0x63, 0x09, 0x63, 0x09, 0x63, 0x11, 0xE4, 0xFF, 0x10, 0xCC, 0xE5,
    0xCC, 0xE5, 0x49, 0x81, 0x09, 0x63, 0x09, 0x63, 0x09, 0x63, 0x11, 0xE4, 0x09, 0x63, 0x09, 0x63,
    0x09, 0x63, 0x09, 0x63, 0x09, 0x63, 0x09, 0x63, 0x11, 0xE4, 0x09, 0x63, 0xFF, 0x10, 0xCC, 0xE5,
    0xCC, 0xE5, 0x49, 0x81, 0x09, 0x63, 0x09, 0x63, 0x11, 0xE4, 0x09, 0x63, 0x09, 0x63, 0x09, 0x63,
    0x09, 0x63, 0x09, 0x63, 0x09, 0x63, 0x11, 0xE4, 0x09, 0x63, 0x09, 0x63, 0xFF, 0x10, 0xCC, 0xE5,
    0xCC, 0xE5, 0x49, 0x81, 0x09, 0x63, 0x11, 0xE4, 0x09, 0x63, 0x09, 0x63, 0x09, 0x63, 0x09, 0x63,
    0x09, 0x63, 0x09, 0x63, 0x11, 0xE4, 0x08, 0xE2, 0x09, 0x63, 0x09, 0x63, 0xFF, 0x10, 0xCC, 0xE5,
    0xCC, 0xE5, 0x49, 0x81, 0x11, 0xE4, 0x08, 0xE2, 0x09, 0x63, 0x09, 0x63, 0x09, 0x63, 0x09, 0x63,
    0x09, 0x63, 0x11, 0xE4, 0x09, 0x63, 0x09, 0x63, 0x09, 0x63, 0x09, 0x63, 0xFF, 0x10, 0xCC, 0xE5,
    0xCC, 0xE5, 0x49, 0x81, 0x09, 0x63, 0x09, 0x63, 0x09, 0x63, 0x09, 0x63, 0x09, 0x63, 0x09, 0x63,
    0x11, 0xE4, 0x09, 0x63, 0x09, 0x63, 0x09, 0x63, 0x09, 0x63, 0x09, 0x63, 0x09, 0x63, 0x09, 0x63,
    0x11, 0xE4, 0x09, 0x63, 0x09, 0x63, 0x09, 0x63, 0x09, 0x63, 0x09, 0x63, 0x09, 0x63, 0x09, 0x63,
    0x09, 0x63, 0x09, 0x63, 0x09, 0x63, 0x09, 0x63, 0x09, 0x63, 0x09, 0x63, 0x09, 0x63, 0x11, 0xE4,
    0x09, 0x63, 0x09, 0x63, 0x09, 0x63, 0x09, 0x63, 0x09, 0x63, 0x09, 0x63, 0x09, 0x63, 0x11, 0xE4,
    0x09, 0x63, 0x09, 0x63, 0x09, 0x63, 0x09, 0x63, 0x09, 0x63, 0x09, 0x63, 0x11, 0xE4, 0x09, 0x63,
    0x09, 0x63, 0x09, 0x63, 0x09, 0x63, 0x09, 0x63, 0x09, 0x63, 0x09, 0x63, 0x11, 0xE4, 0x09, 0x63,
    0x09, 0x63, 0x09, 0x63, 0x09, 0x63, 0x09, 0x63, 0x09, 0x63, 0x11, 0xE4, 0x09, 0x63, 0x09, 0x63,
    0x09, 0x63, 0x09, 0x63, 0x09, 0x63, 0x09, 0x63, 0x09, 0x63, 0x11, 0xE4, 0x09, 0x63, 0x09, 0x63,
    0x09, 0x63, 0x09, 0x63, 0x09, 0x63, 0x09, 0x63, 0x11, 0xE4, 0x09, 0x63, 0x09, 0x63, 0x09, 0x63,
    0x09, 0x63, 0x09, 0x63, 0x09, 0x63, 0x09, 0x63, 0x11, 0xE4, 0x09, 0x63, 0x09, 0x63, 0x09, 0x63,
    0x09, 0x63, 0x09, 0x63, 0x09, 0x63, 0x11, 0xE4, 0x09, 0x63, 0x09, 0x63, 0x09, 0x63, 0x09, 0x63,
    0x09, 0x63, 0x09, 0x63, 0x09, 0x63, 0x11, 0xE4, 0x09, 0x63, 0x09, 0x63, 0x09, 0x63, 0x09, 0x63,
    0xFF, 0x10, 0xFF, 0x10, 0xFF, 0x10, 0xFF, 0x10, 0xFF, 0x10, 0xFF, 0x10, 0xFF, 0x10, 0xFF, 0x10,
    0xFF, 0x10, 0xFF, 0x10, 0x11, 0xE4, 0x08, 0xE2, 0x09, 0x63, 0x09, 0x63, 0x09, 0x63, 0x09, 0x63,
    0xCC, 0xE5, 0xCC, 0xE5, 0xCC, 0xE5, 0xCC, 0xE5, 0xCC, 0xE5, 0xCC, 0xE5, 0xCC, 0xE5, 0xCC, 0xE5,
    0xCC, 0xE5, 0x49, 0x81, 0x09, 0x63, 0x09, 0x63, 0x09, 0x63, 0x09, 0x63, 0x09, 0x63, 0x09, 0x63,
    0xCC, 0xE5, 0xCC, 0xE5, 0xCC, 0xE5, 0xCC, 0xE5, 0xCC, 0xE5, 0xCC, 0xE5, 0xCC, 0xE5, 0xCC, 0xE5,
    0xCC, 0xE5, 0x49, 0x81, 0x09, 0x63, 0x09, 0x63, 0x09, 0x63, 0x09, 0x63, 0x09, 0x63, 0x09, 0x63,
    0x49, 0x81, 0x49, 0x81, 0x49, 0x81, 0x49, 0x81, 0x49, 0x81, 0x49, 0x81, 0xCC, 0xE5, 0xCC, 0xE5,
    0xCC, 0xE5, 0x49, 0x81, 0x09, 0x63, 0x09, 0x63, 0x09, 0x63, 0x09, 0x63, 0x09, 0x63, 0x11, 0xE4,
    0x09, 0x63, 0x09, 0x63, 0x09, 0x63, 0x09, 0x63, 0x09, 0x63, 0x09, 0x63, 0xFF, 0x10, 0xCC, 0xE5,
    0xCC, 0xE5, 0x49, 0x81, 0x09, 0x63, 0x09, 0x63, 0x09, 0x63, 0x09, 0x63, 0x11, 0xE4, 0x09, 0x63,
    0x09, 0x63, 0x09, 0x63, 0x09, 0x63, 0x09, 0x63, 0x09, 0x63, 0x11, 0xE4, 0xFF, 0x10, 0xCC, 0xE5,
    0xCC, 0xE5, 0x49, 0x81, 0x09, 0x63, 0x09, 0x63, 0x09, 0x63, 0x11, 0xE4, 0x09, 0x63, 0x09, 0x63,
    0x09, 0x63, 0x09, 0x63, 0x09, 0x63, 0x09, 0x63, 0x11, 0xE4, 0x09, 0x63, 0xFF, 0x10, 0xCC, 0xE5,
    0xCC, 0xE5, 0x49, 0x81, 0x09, 0x63, 0x09, 0x63, 0x11, 0xE4, 0x09, 0x63, 0x09, 0x63, 0x09, 0x63,
    0x09, 0x63, 0x09, 0x63, 0x09, 0x63, 0x11, 0xE4, 0x09, 0x63, 0x09, 0x63, 0xFF, 0x10, 0xCC, 0xE5,
    0xCC, 0xE5, 0x49, 0x81, 0x09, 0x63, 0x11, 0xE4, 0x09, 0x63, 0x09, 0x63, 0x09, 0x63, 0x09, 0x63,
    0x09, 0x63, 0x09, 0x63, 0x11, 0xE4, 0x08, 0xE2, 0x09, 0x63, 0x09, 0x63, 0xFF, 0x10, 0xCC, 0xE5,
    0xCC, 0xE5, 0x49, 0x81, 0x11, 0xE4, 0x08, 0xE2, 0x09, 0x63, 0x09, 0x63, 0x09, 0x63, 0x09, 0x63,
    0x09, 0x63, 0x11, 0xE4, 0x09, 0x63, 0x09, 0x63, 0x09, 0x63, 0x09, 0x63, 0xFF, 0x10, 0xCC, 0xE5,
    0xCC, 0xE5, 0x49, 0x81, 0x09, 0x63, 0x09, 0x63, 0x09, 0x63, 0x09, 0x63, 0x09, 0x63, 0x09, 0x63,
    0x11, 0xE4, 0x09, 0x63, 0x09, 0x63, 0x09, 0x63, 0x09, 0x63, 0x09, 0x63, 0xFF, 0x10, 0xCC, 0xE5,
    0xCC, 0xE5, 0x49, 0x81, 0x09, 0x63, 0x09, 0x63, 0x09, 0x63, 0x09, 0x63, 0x09, 0x63, 0x09, 0x63,
    0x09, 0x63, 0x09, 0x63, 0x09, 0x63, 0x09, 0x63, 0x09, 0x63, 0x09, 0x63, 0xFF, 0x10, 0xCC, 0xE5,
    0xCC, 0xE5, 0x49, 0x81, 0x09, 0x63, 0x09, 0x63, 0x09, 0x63, 0x09, 0x63, 0x09, 0x63, 0x11, 0xE4,
    0x09, 0x63, 0x09, 0x63, 0x09, 0x63, 0x09, 0x63, 0x09, 0x63, 0x09, 0x63, 0xFF, 0x10, 0xCC, 0xE5,
    0xCC, 0xE5, 0x49, 0x81, 0x09, 0x63, 0x09, 0x63, 0x09, 0x63, 0x09, 0x63, 0x11, 0xE4, 0x09, 0x63,
    0x09, 0x63, 0x09, 0x63, 0x09, 0x63, 0x09, 0x63, 0x09, 0x63, 0x11, 0xE4, 0xFF, 0x10, 0xCC, 0xE5,
    0xCC, 0xE5, 0x49, 0x81, 0x09, 0x63, 0x09, 0x63, 0x09, 0x63, 0x11, 0xE4, 0x09, 0x63, 0x09, 0x63,
    0x09, 0x63, 0x09, 0x63, 0x09, 0x63, 0x09, 0x63, 0x11, 0xE4, 0x09, 0x63, 0xFF, 0x10, 0xCC, 0xE5,
    0xCC, 0xE5, 0x49, 0x81, 0x09, 0x63, 0x09, 0x63, 0x11, 0xE4, 0x09, 0x63, 0x09, 0x63, 0x09, 0x63,
    0x09, 0x63, 0x09, 0x63, 0x09, 0x63, 0x11, 0xE4, 0x09, 0x63, 0xFF, 0x10, 0xCC, 0xE5, 0xCC, 0xE5,
    0xCC, 0xE5, 0xCC, 0xE5, 0xFF, 0x10, 0x11, 0xE4, 0x09, 0x63, 0x09, 0x63, 0x09, 0x63, 0x09, 0x63,
    0xFF, 0x10, 0xFF, 0x10, 0xFF, 0x10, 0xFF, 0x10, 0xFF, 0x10, 0xCC, 0xE5, 0xCC, 0xE5, 0xCC, 0xE5,
    0xCC, 0xE5, 0xCC, 0xE5, 0xCC, 0xE5, 0xFF, 0x10, 0xFF, 0x10, 0xFF, 0x10, 0xFF, 0x10, 0xFF, 0x10,
    0xCC, 0xE5, 0xCC, 0xE5, 0xCC, 0xE5, 0xCC, 0xE5, 0xCC, 0xE5, 0xCC, 0xE5, 0xCC, 0xE5, 0x08, 0xE2,
    0x08, 0xE2, 0xCC, 0xE5, 0xCC, 0xE5, 0xCC, 0xE5, 0xCC, 0xE5, 0xCC, 0xE5, 0xCC, 0xE5, 0xCC, 0xE5,
    0xCC, 0xE5, 0xCC, 0xE5, 0xCC, 0xE5, 0xCC, 0xE5, 0xCC, 0xE5, 0xCC, 0xE5, 0xCC, 0xE5, 0x08, 0xE2,
    0x08, 0xE2, 0xCC, 0xE5, 0xCC, 0xE5, 0xCC, 0xE5, 0xCC, 0xE5, 0xCC, 0xE5, 0xCC, 0xE5, 0xCC, 0xE5,
    0x49, 0x81, 0x49, 0x81, 0x49, 0x81, 0x49, 0x81, 0x49, 0x81, 0xCC, 0xE5, 0xCC, 0xE5, 0xCC, 0xE5,
    0xCC, 0xE5, 0xCC, 0xE5, 0xCC, 0xE5, 0x49, 0x81, 0x49, 0x81, 0x49, 0x81, 0x49, 0x81, 0x49, 0x81,
    0x09, 0x63, 0x09, 0x63, 0x09, 0x63, 0x09, 0x63, 0x09, 0x63, 0x49, 0x81, 0x49, 0x81, 0x49, 0x81,
    0x49, 0x81, 0x49, 0x81, 0x49, 0x81, 0x09, 0x63, 0x09, 0x63, 0x09, 0x63, 0x11, 0xE4, 0x09, 0x63,
    0x09, 0x63, 0x09, 0x63, 0x09, 0x63, 0x09, 0x63, 0x09, 0x63, 0x11, 0xE4, 0x09, 0x63, 0x09, 0x63,
    0x09, 0x63, 0x09, 0x63, 0x09, 0x63, 0x09, 0x63, 0x09, 0x63, 0x11, 0xE4, 0x09, 0x63, 0x09, 0x63,
    0x09, 0x63, 0x09, 0x63, 0x09, 0x63, 0x09, 0x63, 0x11, 0xE4, 0x09, 0x63, 0x09, 0x63, 0x09, 0x63,
    0x09, 0x63, 0x09, 0x63, 0x09, 0x63, 0x09, 0x63, 0x11, 0xE4, 0x09, 0x63, 0x09, 0x63, 0x09, 0x63,
    0x09, 0x63, 0x09, 0x63, 0x09, 0x63, 0x11, 0xE4, 0x09, 0x63, 0x09, 0x63, 0x09, 0x63, 0x09, 0x63,
    0x09, 0x63, 0x09, 0x63, 0x09, 0x63, 0x11, 0xE4, 0x09, 0x63, 0x09, 0x63, 0x09, 0x63, 0x09, 0x63,
    0x09, 0x63, 0x09, 0x63, 0x11, 0xE4, 0x08, 0xE2, 0x09, 0x63, 0x09, 0x63, 0x09, 0x63, 0x09, 0x63,
    0x09, 0x63, 0x09, 0x63, 0x11, 0xE4, 0x08, 0xE2, 0x09, 0x63, 0x09, 0x63, 0x09, 0x63, 0x09, 0x63,
    0x09, 0x63, 0x11, 0xE4, 0x09, 0x63, 0x09, 0x63, 0x09, 0x63, 0x09, 0x63, 0x09, 0x63, 0x09, 0x63,
    0x09, 0x63, 0x11, 0xE4, 0x09, 0x63, 0x09, 0x63, 0x09, 0x63, 0x09, 0x63, 0x09, 0x63, 0x09, 0x63,
    0x11, 0xE4, 0x09, 0x63, 0x09, 0x63, 0x09, 0x63, 0x09, 0x63, 0x09, 0x63, 0xFF, 0x10, 0xCC, 0xE5,
    0xCC, 0xE5, 0x49, 0x81, 0x09, 0x63, 0x09, 0x63, 0x09, 0x63, 0x09, 0x63, 0x09, 0x63, 0x09, 0x63,
    0x09, 0x63, 0x09, 0x63, 0x09, 0x63, 0x09, 0x63, 0x09, 0x63, 0x09, 0x63, 0xFF, 0x10, 0xCC, 0xE5,
    0xCC, 0xE5, 0x49, 0x81, 0x09, 0x63, 0x09, 0x63, 0x09, 0x63, 0x09, 0x63, 0x09, 0x63, 0x11, 0xE4,
    0x09, 0x63, 0x09, 0x63, 0x09, 0x63, 0x09, 0x63, 0x09, 0x63, 0x09, 0x63, 0xFF, 0x10, 0xCC, 0xE5,
    0xCC, 0xE5, 0x49, 0x81, 0x09, 0x63, 0x09, 0x63, 0x09, 0x63, 0x09, 0x63, 0x11, 0xE4, 0x09, 0x63,
    0x09, 0x63, 0x09, 0x63, 0x09, 0x63, 0x09, 0x63, 0x09, 0x63, 0x11, 0xE4, 0xFF, 0x10, 0xCC, 0xE5,
    0xCC, 0xE5, 0x49, 0x81, 0x09, 0x63, 0x09, 0x63, 0x09, 0x63, 0x11, 0xE4, 0x09, 0x63, 0x09, 0x63,
    0x09, 0x63, 0x09, 0x63, 0x09, 0x63, 0x09, 0x63, 0x11, 0xE4, 0x09, 0x63, 0xFF, 0x10, 0xCC, 0xE5,
    0xCC, 0xE5, 0x49, 0x81, 0x09, 0x63, 0x09, 0x63, 0x11, 0xE4, 0x09, 0x63, 0x09, 0x63, 0x09, 0x63,
    0x09, 0x63, 0x09, 0x63, 0x09, 0x63, 0x11, 0xE4, 0x09, 0x63, 0xFF, 0x10, 0xCC, 0xE5, 0xCC, 0xE5,
    0xCC, 0xE5, 0xCC, 0xE5, 0xFF, 0x10, 0x11, 0xE4, 0x09, 0x63, 0x09, 0x63, 0x09, 0x63, 0x09, 0x63,
    0x09, 0x63, 0x09, 0x63, 0x11, 0xE4, 0x08, 0xE2, 0x09, 0x63, 0xFF, 0x10, 0xCC, 0xE5, 0xCC, 0xE5,
    0xCC, 0xE5, 0xCC, 0xE5, 0xCC, 0xE5, 0xFF, 0x10, 0xFF, 0x10, 0xFF, 0x10, 0xFF, 0x10, 0xFF, 0x10,
    0x09, 0x63, 0x11, 0xE4, 0x09, 0x63, 0x09, 0x63, 0x09, 0x63, 0xFF, 0x10, 0xCC, 0xE5, 0x08, 0xE2,
    0x08, 0xE2, 0xCC, 0xE5, 0xCC, 0xE5, 0xCC, 0xE5, 0xCC, 0xE5, 0xCC, 0xE5, 0xCC, 0xE5, 0xCC, 0xE5,
    0x11, 0xE4, 0x09, 0x63, 0x09, 0x63, 0x09, 0x63, 0x09, 0x63, 0xFF, 0x10, 0xCC, 0xE5, 0x08, 0xE2,
    0x08, 0xE2, 0xCC, 0xE5, 0xCC, 0xE5, 0xCC, 0xE5, 0xCC, 0xE5, 0xCC, 0xE5, 0xCC, 0xE5, 0xCC, 0xE5,
    0x09, 0x63, 0x09, 0x63, 0x09, 0x63, 0x09, 0x63, 0x09, 0x63, 0xFF, 0x10, 0xCC, 0xE5, 0xCC, 0xE5,
    0xCC, 0xE5, 0xCC, 0xE5, 0xCC, 0xE5, 0x49, 0x81, 0x49, 0x81, 0x49, 0x81, 0x49, 0x81, 0x49, 0x81,
    0x09, 0x63, 0x09, 0x63, 0x09, 0x63, 0x09, 0x63, 0x09, 0x63, 0x49, 0x81, 0xCC, 0xE5, 0xCC, 0xE5,
    0xCC, 0xE5, 0xCC, 0xE5, 0x49, 0x81, 0x09, 0x63, 0x09, 0x63, 0x09, 0x63, 0x11, 0xE4, 0x09, 0x63,
    0x09, 0x63, 0x09, 0x63, 0x09, 0x63, 0x09, 0x63, 0x09, 0x63, 0x11, 0xE4, 0xFF, 0x10, 0xCC, 0xE5,
    0xCC, 0xE5, 0x49, 0x81, 0x09, 0x63, 0x09, 0x63, 0x09, 0x63, 0x11, 0xE4, 0x09, 0x63, 0x09, 0x63,
    0x09, 0x63, 0x09, 0x63, 0x09, 0x63, 0x09, 0x63, 0x11, 0xE4, 0x09, 0x63, 0xFF, 0x10, 0xCC, 0xE5,
    0xCC, 0xE5, 0x49, 0x81, 0x09, 0x63, 0x09, 0x63, 0x11, 0xE4, 0x09, 0x63, 0x09, 0x63, 0x09, 0x63,
    0x09, 0x63, 0x09, 0x63, 0x09, 0x63, 0x11, 0xE4, 0x09, 0x63, 0x09, 0x63, 0xFF, 0x10, 0xCC, 0xE5,
    0xCC, 0xE5, 0x49, 0x81, 0x09, 0x63, 0x11, 0xE4, 0x09, 0x63, 0x09, 0x63, 0x09, 0x63, 0x09, 0x63,
    0x09, 0x63, 0x09, 0x63, 0x11, 0xE4, 0x08, 0xE2, 0x09, 0x63, 0x09, 0x63, 0xFF, 0x10, 0xCC, 0xE5,
    0xCC, 0xE5, 0x49, 0x81, 0x11, 0xE4, 0x08, 0xE2, 0x09, 0x63, 0x09, 0x63, 0x09, 0x63, 0x09, 0x63,
    0x09, 0x63, 0x11, 0xE4, 0x09, 0x63, 0x09, 0x63, 0x09, 0x63, 0x09, 0x63, 0xFF, 0x10, 0xCC, 0xE5,
    0xCC, 0xE5, 0x49, 0x81, 0x09, 0x63, 0x09, 0x63, 0x09, 0x63, 0x09, 0x63, 0x09, 0x63, 0x09, 0x63,
    0x11, 0xE4, 0x09, 0x63, 0x09, 0x63, 0x09, 0x63, 0x09, 0x63, 0x09, 0x63, 0x09, 0x63, 0x09, 0x63,
    0x11, 0xE4, 0x09, 0x63, 0x09, 0x63, 0x09, 0x63, 0x09, 0x63, 0x09, 0x63, 0x09, 0x63, 0x09, 0x63,
    0x09, 0x63, 0x09, 0x63, 0x09, 0x63, 0x09, 0x63, 0x09, 0x63, 0x09, 0x63, 0x09, 0x63, 0x11, 0xE4,
    0x09, 0x63, 0x09, 0x63, 0x09, 0x63, 0x09, 0x63, 0x09, 0x63, 0x09, 0x63, 0x09, 0x63, 0x11, 0xE4,
    0x09, 0x63, 0x09, 0x63, 0x09, 0x63, 0x09, 0x63, 0x09, 0x63, 0x09, 0x63, 0x11, 0xE4, 0x09, 0x63,
    0x09, 0x63, 0x09, 0x63, 0x09, 0x63, 0x09, 0x63, 0x09, 0x63, 0x09, 0x63, 0x11, 0xE4, 0x09, 0x63,
    0x09, 0x63, 0x09, 0x63, 0x09, 0x63, 0x09, 0x63, 0x09, 0x63, 0x11, 0xE4, 0x09, 0x63, 0x09, 0x63,
    0x09, 0x63, 0x09, 0x63, 0x09, 0x63, 0x09, 0x63, 0x09, 0x63, 0x11, 0xE4, 0x09, 0x63, 0x09, 0x63,
    0x09, 0x63, 0x09, 0x63, 0x09, 0x63, 0x09, 0x63, 0x11, 0xE4, 0x09, 0x63, 0x09, 0x63, 0x09, 0x63,
    0x09, 0x63, 0x09, 0x63, 0x09, 0x63, 0x09, 0x63, 0x11, 0xE4, 0x09, 0x63, 0x09, 0x63, 0x09, 0x63,
    0x09, 0x63, 0x09, 0x63, 0x09, 0x63, 0x11, 0xE4, 0x09, 0x63, 0xFF, 0x10, 0xFF, 0x10, 0xFF, 0x10,
    0xFF, 0x10, 0xFF, 0x10, 0xFF, 0x10, 0x11, 0xE4, 0x09, 0x63, 0x09, 0x63, 0x09, 0x63, 0x09, 0x63,
    0xFF, 0x10, 0xFF, 0x10, 0xFF, 0x10, 0xFF, 0x10, 0xFF, 0x10, 0xCC, 0xE5, 0xCC, 0xE5, 0xCC, 0xE5,
    0xCC, 0xE5, 0xCC, 0xE5, 0xCC, 0xE5, 0xFF, 0x10, 0xFF, 0x10, 0xFF, 0x10, 0xFF, 0x10, 0xFF, 0x10,
    0xCC, 0xE5, 0xCC, 0xE5, 0xCC, 0xE5, 0xCC, 0xE5, 0xCC, 0xE5, 0xCC, 0xE5, 0xCC, 0xE5, 0x08, 0xE2,
    0x08, 0xE2, 0xCC, 0xE5, 0xCC, 0xE5, 0xCC, 0xE5, 0xCC, 0xE5, 0xCC, 0xE5, 0xCC, 0xE5, 0xCC, 0xE5,
    0xCC, 0xE5, 0xCC, 0xE5, 0xCC, 0xE5, 0xCC, 0xE5, 0xCC, 0xE5, 0xCC, 0xE5, 0xCC, 0xE5, 0x08, 0xE2,
    0x08, 0xE2, 0xCC, 0xE5, 0xCC, 0xE5, 0xCC, 0xE5, 0xCC, 0xE5, 0xCC, 0xE5, 0xCC, 0xE5, 0xCC, 0xE5,
    0x49, 0x81, 0x49, 0x81, 0x49, 0x81, 0x49, 0x81, 0x49, 0x81, 0xCC, 0xE5, 0xCC, 0xE5, 0xCC, 0xE5,
    0xCC, 0xE5, 0xCC, 0xE5, 0xCC, 0xE5, 0x49, 0x81, 0x49, 0x81, 0x49, 0x81, 0x49, 0x81, 0x49, 0x81,
    0x09, 0x63, 0x09, 0x63, 0x09, 0x63, 0x09, 0x63, 0x09, 0x63, 0x49, 0x81, 0xCC, 0xE5, 0xCC, 0xE5,
    0xCC, 0xE5, 0xCC, 0xE5, 0x49, 0x81, 0x09, 0x63, 0x09, 0x63, 0x09, 0x63, 0x11, 0xE4, 0x09, 0x63,
    0x09, 0x63, 0x09, 0x63, 0x09, 0x63, 0x09, 0x63, 0x09, 0x63, 0x11, 0xE4, 0xFF, 0x10, 0xCC, 0xE5,
    0xCC, 0xE5, 0x49, 0x81, 0x09, 0x63, 0x09, 0x63, 0x09, 0x63, 0x11, 0xE4, 0x09, 0x63, 0x09, 0x63,
    0x09, 0x63, 0x09, 0x63, 0x09, 0x63, 0x09, 0x63, 0x11, 0xE4, 0x09, 0x63, 0xFF, 0x10, 0xCC, 0xE5,
    0xCC, 0xE5, 0x49, 0x81, 0x09, 0x63, 0x09, 0x63, 0x11, 0xE4, 0x09, 0x63, 0x09, 0x63, 0x09, 0x63,
    0x09, 0x63, 0x09, 0x63, 0x09, 0x63, 0x11, 0xE4, 0x09, 0x63, 0x09, 0x63, 0xFF, 0x10, 0xCC, 0xE5,
    0xCC, 0xE5, 0x49, 0x81, 0x09, 0x63, 0x11, 0xE4, 0x09, 0x63, 0x09, 0x63, 0x09, 0x63, 0x09, 0x63,
    0x09, 0x63, 0x09, 0x63, 0x11, 0xE4, 0x08, 0xE2, 0x09, 0x63, 0x09, 0x63, 0xFF, 0x10, 0xCC, 0xE5,
    0xCC, 0xE5, 0x49, 0x81, 0x11, 0xE4, 0x08, 0xE2, 0x09, 0x63, 0x09, 0x63, 0x09, 0x63, 0x09, 0x63,
    0x09, 0x63, 0x11, 0xE4, 0x09, 0x63, 0x09, 0x63, 0x09, 0x63, 0x09, 0x63, 0xFF, 0x10, 0xCC, 0xE5,
    0xCC, 0xE5, 0x49, 0x81, 0x09, 0x63, 0x09, 0x63, 0x09, 0x63, 0x09, 0x63, 0x09, 0x63, 0x09, 0x63,
    0x11, 0xE4, 0x09, 0x63, 0x09, 0x63, 0x09, 0x63, 0x09, 0x63, 0x09, 0x63, 0xFF, 0x10, 0xCC, 0xE5,
    0xCC, 0xE5, 0x49, 0x81, 0x09, 0x63, 0x09, 0x63, 0x09, 0x63, 0x09, 0x63, 0x09, 0x63, 0x09, 0x63,
    0x09, 0x63, 0x09, 0x63, 0x09, 0x63, 0x09, 0x63, 0x09, 0x63, 0x09, 0x63, 0xFF, 0x10, 0xCC, 0xE5,
    0xCC, 0xE5, 0x49, 0x81, 0x09, 0x63, 0x09, 0x63, 0x09, 0x63, 0x09, 0x63, 0x09, 0x63, 0x11, 0xE4,
    0x09, 0x63, 0x09, 0x63, 0x09, 0x63, 0x09, 0x63, 0x09, 0x63, 0x09, 0x63, 0xFF, 0x10, 0xCC, 0xE5,
    0xCC, 0xE5, 0x49, 0x81, 0x09, 0x63, 0x09, 0x63, 0x09, 0x63, 0x09, 0x63, 0x11, 0xE4, 0x09, 0x63,
    0x09, 0x63, 0x09, 0x63, 0x09, 0x63, 0x09, 0x63, 0x09, 0x63, 0x11, 0xE4, 0xFF, 0x10, 0xCC, 0xE5,
    0xCC, 0xE5, 0x49, 0x81, 0x09, 0x63, 0x09, 0x63, 0x09, 0x63, 0x11, 0xE4, 0x09, 0x63, 0x09, 0x63,
    0x09, 0x63, 0x09, 0x63, 0x09, 0x63, 0x09, 0x63, 0x11, 0xE4, 0x09, 0x63, 0xFF, 0x10, 0xCC, 0xE5,
    0xCC, 0xE5, 0x49, 0x81, 0x09, 0x63, 0x09, 0x63, 0x11, 0xE4, 0x09, 0x63, 0x09, 0x63, 0x09, 0x63,
    0x09, 0x63, 0x09, 0x63, 0x09, 0x63, 0x11, 0xE4, 0x09, 0x63, 0xFF, 0x10, 0xCC, 0xE5, 0xCC, 0xE5,
    0xCC, 0xE5, 0xCC, 0xE5, 0xFF, 0x10, 0x11, 0xE4, 0x09, 0x63, 0x09, 0x63, 0x09, 0x63, 0x09, 0x63,
    0xFF, 0x10, 0xFF, 0x10, 0xFF, 0x10, 0xFF, 0x10, 0xFF, 0x10, 0xCC, 0xE5, 0xCC, 0xE5, 0xCC, 0xE5,
    0xCC, 0xE5, 0xCC, 0xE5, 0x49, 0x81, 0x08, 0xE2, 0x09, 0x63, 0x09, 0x63, 0x09, 0x63, 0x09, 0x63,
    0xCC, 0xE5, 0xCC, 0xE5, 0xCC, 0xE5, 0xCC, 0xE5, 0xCC, 0xE5, 0xCC, 0xE5, 0xCC, 0xE5, 0x08, 0xE2,
    0x08, 0xE2, 0xCC, 0xE5, 0x49, 0x81, 0x09, 0x63, 0x09, 0x63, 0x09, 0x63, 0x09, 0x63, 0x09, 0x63,
    0xCC, 0xE5, 0xCC, 0xE5, 0xCC, 0xE5, 0xCC, 0xE5, 0xCC, 0xE5, 0xCC, 0xE5, 0xCC, 0xE5, 0x08, 0xE2,
    0x08, 0xE2, 0xCC, 0xE5, 0x49, 0x81, 0x09, 0x63, 0x09, 0x63, 0x09, 0x63, 0x09, 0x63, 0x09, 0x63,
    0x49, 0x81, 0x49, 0x81, 0x49, 0x81, 0x49, 0x81, 0x49, 0x81, 0xCC, 0xE5, 0xCC, 0xE5, 0xCC, 0xE5,
    0xCC, 0xE5, 0xCC, 0xE5, 0x49, 0x81, 0x09, 0x63, 0x09, 0x63, 0x09, 0x63, 0x09, 0x63, 0x11, 0xE4,
    0x09, 0x63, 0x09, 0x63, 0x09, 0x63, 0x09, 0x63, 0x09, 0x63, 0x49, 0x81, 0xCC, 0xE5, 0xCC, 0xE5,
    0xCC, 0xE5, 0xCC, 0xE5, 0x49, 0x81, 0x09, 0x63, 0x09, 0x63, 0x09, 0x63, 0x11, 0xE4, 0x09, 0x63,
    0x09, 0x63, 0x09, 0x63, 0x09, 0x63, 0x09, 0x63, 0x09, 0x63, 0x11, 0xE4, 0xFF, 0x10, 0xCC, 0xE5,
    0xCC, 0xE5, 0x49, 0x81, 0x09, 0x63, 0x09, 0x63, 0x09, 0x63, 0x11, 0xE4, 0x09, 0x63, 0x09, 0x63,
    0x09, 0x63, 0x09, 0x63, 0x09, 0x63, 0x09, 0x63, 0x11, 0xE4, 0x09, 0x63, 0xFF, 0x10, 0xCC, 0xE5,
    0xCC, 0xE5, 0x49, 0x81, 0x09, 0x63, 0x09, 0x63, 0x11, 0xE4, 0x09, 0x63, 0x09, 0x63, 0x09, 0x63,
    0x09, 0x63, 0x09, 0x63, 0x09, 0x63, 0x11, 0xE4, 0x09, 0x63, 0x09, 0x63, 0xFF, 0x10, 0xCC, 0xE5,
    0xCC, 0xE5, 0x49, 0x81, 0x09, 0x63, 0x11, 0xE4, 0x09, 0x63, 0x09, 0x63, 0x09, 0x63, 0x09, 0x63,
    0x09, 0x63, 0x09, 0x63, 0x11, 0xE4, 0x08, 0xE2, 0x09, 0x63, 0x09, 0x63, 0xFF, 0x10, 0xCC, 0xE5,
    0xCC, 0xE5, 0x49, 0x81, 0x11, 0xE4, 0x08, 0xE2, 0x09, 0x63, 0x09, 0x63, 0x09, 0x63, 0x09, 0x63,
    0x09, 0x63, 0x11, 0xE4, 0x09, 0x63, 0x09, 0x63, 0x09, 0x63, 0x09, 0x63, 0xFF, 0x10, 0xCC, 0xE5,
    0xCC, 0xE5, 0x49, 0x81, 0x09, 0x63, 0x09, 0x63, 0x09, 0x63, 0x09, 0x63, 0x09, 0x63, 0x09, 0x63,
    0x11, 0xE4, 0x09, 0x63, 0x09, 0x63, 0x09, 0x63, 0x09, 0x63, 0x09, 0x63, 0xFF, 0x10, 0xCC, 0xE5,
    0xCC, 0xE5, 0x49, 0x81, 0x09, 0x63, 0x09, 0x63, 0x09, 0x63, 0x09, 0x63, 0x09, 0x63, 0x09, 0x63,
    0x09, 0x63, 0x09, 0x63, 0x09, 0x63, 0x09, 0x63, 0x09, 0x63, 0x09, 0x63, 0xFF, 0x10, 0xCC, 0xE5,
    0xCC, 0xE5, 0x49, 0x81, 0x09, 0x63, 0x09, 0x63, 0x09, 0x63, 0x09, 0x63, 0x09, 0x63, 0x11, 0xE4,
    0x09, 0x63, 0x09, 0x63, 0x09, 0x63, 0x09, 0x63, 0x09, 0x63, 0x09, 0x63, 0xFF, 0x10, 0xCC, 0xE5,
    0xCC, 0xE5, 0x49, 0x81, 0x09, 0x63, 0x09, 0x63, 0x09, 0x63, 0x09, 0x63, 0x11, 0xE4, 0x09, 0x63,
    0x09, 0x63, 0x09, 0x63, 0x09, 0x63, 0x09, 0x63, 0x09, 0x63, 0x11, 0xE4, 0xFF, 0x10, 0xCC, 0xE5,
    0xCC, 0xE5, 0x49, 0x81, 0x09, 0x63, 0x09, 0x63, 0x09, 0x63, 0x11, 0xE4, 0x09, 0x63, 0x09, 0x63,
    0x09, 0x63, 0x09, 0x63, 0x09, 0x63, 0x09, 0x63, 0x11, 0xE4, 0x09, 0x63, 0xFF, 0x10, 0xCC, 0xE5,
    0xCC, 0xE5, 0x49, 0x81, 0x09, 0x63, 0x09, 0x63, 0x11, 0xE4, 0x09, 0x63, 0x09, 0x63, 0x09, 0x63,
    0x09, 0x63, 0x09, 0x63, 0x09, 0x63, 0x11, 0xE4, 0x09, 0x63, 0xFF, 0x10, 0xCC, 0xE5, 0xCC, 0xE5,
    0xCC, 0xE5, 0xCC, 0xE5, 0xFF, 0x10, 0x11, 0xE4, 0x09, 0x63, 0x09, 0x63, 0x09, 0x63, 0x09, 0x63,
    0xFF, 0x10, 0xFF, 0x10, 0xFF, 0x10, 0xFF, 0x10, 0xFF, 0x10, 0xCC, 0xE5, 0xCC, 0xE5, 0xCC, 0xE5,
    0xCC, 0xE5, 0xCC, 0xE5, 0xCC, 0xE5, 0xFF, 0x10, 0xFF, 0x10, 0xFF, 0x10, 0xFF, 0x10, 0xFF, 0x10,
    0xCC, 0xE5, 0xCC, 0xE5, 0xCC, 0xE5, 0xCC, 0xE5, 0xCC, 0xE5, 0xCC, 0xE5, 0xCC, 0xE5, 0x08, 0xE2,
    0x08, 0xE2, 0xCC, 0xE5, 0xCC, 0xE5, 0xCC, 0xE5, 0xCC, 0xE5, 0xCC, 0xE5, 0xCC, 0xE5, 0xCC, 0xE5,
    0xCC, 0xE5, 0xCC, 0xE5, 0xCC, 0xE5, 0xCC, 0xE5, 0xCC, 0xE5, 0xCC, 0xE5, 0xCC, 0xE5, 0x08, 0xE2,
    0x08, 0xE2, 0xCC, 0xE5, 0xCC, 0xE5, 0xCC, 0xE5, 0xCC, 0xE5, 0xCC, 0xE5, 0xCC, 0xE5, 0xCC, 0xE5,
    0x49, 0x81, 0x49, 0x81, 0x49, 0x81, 0x49, 0x81, 0x49, 0x81, 0xCC, 0xE5, 0xCC, 0xE5, 0xCC, 0xE5,
    0xCC, 0xE5, 0xCC, 0xE5, 0xCC, 0xE5, 0x49, 0x81, 0x49, 0x81, 0x49, 0x81, 0x49, 0x81, 0x49, 0x81,
    0x09, 0x63, 0x09, 0x63, 0x09, 0x63, 0x09, 0x63, 0x09, 0x63, 0x49, 0x81, 0xCC, 0xE5, 0xCC, 0xE5,
    0xCC, 0xE5, 0xCC, 0xE5, 0x49, 0x81, 0x09, 0x63, 0x09, 0x63, 0x09, 0x63, 0x11, 0xE4, 0x09, 0x63,
    0x09, 0x63, 0x09, 0x63, 0x09, 0x63, 0x09, 0x63, 0x09, 0x63, 0x11, 0xE4, 0xFF, 0x10, 0xCC, 0xE5,
    0xCC, 0xE5, 0x49, 0x81, 0x09, 0x63, 0x09, 0x63, 0x09, 0x63, 0x11, 0xE4, 0x09, 0x63, 0x09, 0x63,
    0x09, 0x63, 0x09, 0x63, 0x09, 0x63, 0x09, 0x63, 0x11, 0xE4, 0x09, 0x63, 0xFF, 0x10, 0xCC, 0xE5,
    0xCC, 0xE5, 0x49, 0x81, 0x09, 0x63, 0x09, 0x63, 0x11, 0xE4, 0x09, 0x63, 0x09, 0x63, 0x09, 0x63,
    0x09, 0x63, 0x09, 0x63, 0x09, 0x63, 0x11, 0xE4, 0x09, 0x63, 0x09, 0x63, 0xFF, 0x10, 0xCC, 0xE5,
    0xCC, 0xE5, 0x49, 0x81, 0x09, 0x63, 0x11, 0xE4, 0x09, 0x63, 0x09, 0x63, 0x09, 0x63, 0x09, 0x63,
    0x09, 0x63, 0x09, 0x63, 0x11, 0xE4, 0x08, 0xE2, 0x09, 0x63, 0x09, 0x63, 0xFF, 0x10, 0xCC, 0xE5,
    0xCC, 0xE5, 0x49, 0x81, 0x11, 0xE4, 0x08, 0xE2, 0x09, 0x63, 0x09, 0x63, 0x09, 0x63, 0x09, 0x63,
    0x09, 0x63, 0x11, 0xE4, 0x09, 0x63, 0x09, 0x63, 0x09, 0x63, 0x09, 0x63, 0xFF, 0x10, 0xCC, 0xE5,
    0xCC, 0xE5, 0x49, 0x81, 0x09, 0x63, 0x09, 0x63, 0x09, 0x63, 0x09, 0x63, 0x09, 0x63, 0x09, 0x63,
};

static const uint8_t wfc_tile_pipes[6144u] = {
    0x08, 0x63, 0x08, 0x63, 0x08, 0x63, 0x08, 0x63, 0x08, 0x63, 0x08, 0x63, 0x08, 0x63, 0x08, 0x63,
    0x08, 0x63, 0x08, 0x63, 0x08, 0x63, 0x08, 0x63, 0x08, 0x63, 0x08, 0x63, 0x08, 0x63, 0x08, 0x63,
    0x08, 0x63, 0x08, 0x63, 0x08, 0x63, 0x08, 0x63, 0x08, 0x63, 0x08, 0x63, 0x08, 0x63, 0x08, 0x63,
    0x08, 0x63, 0x08, 0x63, 0x08, 0x63, 0x08, 0x63, 0x08, 0x63, 0x08, 0x63, 0x08, 0x63, 0x08, 0x63,
    0x08, 0x63, 0x08, 0x63, 0x08, 0x63, 0x08, 0x63, 0x08, 0x63, 0x08, 0x63, 0x08, 0x63, 0x08, 0x63,
    0x08, 0x63, 0x08, 0x63, 0x08, 0x63, 0x08, 0x63, 0x08, 0x63, 0x08, 0x63, 0x08, 0x63, 0x08, 0x63,
    0x08, 0x63, 0x08, 0x63, 0x08, 0x63, 0x08, 0x63, 0x08, 0x63, 0x08, 0x63, 0x08, 0x63, 0x08, 0x63,
    0x08, 0x63, 0x08, 0x63, 0x08, 0x63, 0x08, 0x63, 0x08, 0x63, 0x08, 0x63, 0x08, 0x63, 0x08, 0x63,
    0x08, 0x63, 0x08, 0x63, 0x08, 0x63, 0x08, 0x63, 0x08, 0x63, 0x08, 0x63, 0x08, 0x63, 0x08, 0x63,
    0x08, 0x63, 0x08, 0x63, 0x08, 0x63, 0x08, 0x63, 0x08, 0x63, 0x08, 0x63, 0x08, 0x63, 0x08, 0x63,
    0x08, 0x63, 0x08, 0x63, 0x10, 0xC5, 0x08, 0x63, 0x08, 0x63, 0x08, 0x63, 0x08, 0x63, 0x08, 0x63,
    0x08, 0x63, 0x08, 0x63, 0x10, 0xC5, 0x08, 0x63, 0x08, 0x63, 0x08, 0x63, 0x08, 0x63, 0x08, 0x63,
    0x08, 0x63, 0x08, 0x63, 0x08, 0x63, 0x08, 0x63, 0x08, 0x63, 0x08, 0x63, 0x08, 0x63, 0x08, 0x63,
    0x08, 0x63, 0x08, 0x63, 0x08, 0x63, 0x08, 0x63, 0x08, 0x63, 0x08, 0x63, 0x08, 0x63, 0x08, 0x63,
    0x08, 0x63, 0x08, 0x63, 0x08, 0x63, 0x08, 0x63, 0x08, 0x63, 0x08, 0x63, 0x08, 0x63, 0x08, 0x63,
    0x08, 0x63, 0x08, 0x63, 0x08, 0x63, 0x08, 0x63, 0x08, 0x63, 0x08, 0x63, 0x08, 0x63, 0x08, 0x63,
    0x08, 0x63, 0x08, 0x63, 0x08, 0x63, 0x08, 0x63, 0x08, 0x63, 0x08, 0x63, 0x08, 0x63, 0x08, 0x63,
    0x08, 0x63, 0x08, 0x63, 0x08, 0x63, 0x08, 0x63, 0x08, 0x63, 0x08, 0x63, 0x08, 0x63, 0x08, 0x63,
    0x08, 0x63, 0x08, 0x63, 0x08, 0x63, 0x08, 0x63, 0x08, 0x63, 0x08, 0x63, 0x08, 0x63, 0x08, 0x63,
    0x08, 0x63, 0x08, 0x63, 0x08, 0x63, 0x08, 0x63, 0x08, 0x63, 0x08, 0x63, 0x08, 0x63, 0x08, 0x63,
    0x08, 0x63, 0x08, 0x63, 0x08, 0x63, 0x08, 0x63, 0x08, 0x63, 0x08, 0x63, 0x08, 0x63, 0x08, 0x63,
    0x08, 0x63, 0x08, 0x63, 0x08, 0x63, 0x08, 0x63, 0x08, 0x63, 0x08, 0x63, 0x08, 0x63, 0x08, 0x63,
    0x08, 0x63, 0x08, 0x63, 0x08, 0x63, 0x08, 0x63, 0x08, 0x63, 0x08, 0x63, 0x08, 0x63, 0x08, 0x63,
    0x08, 0x63, 0x08, 0x63, 0x08, 0x63, 0x08, 0x63, 0x08, 0x63, 0x08, 0x63, 0x08, 0x63, 0x08, 0x63,
    0x08, 0x63, 0x08, 0x63, 0x08, 0x63, 0x08, 0x63, 0x08, 0x63, 0x08, 0x63, 0x08, 0x63, 0x08, 0x63,
    0x08, 0x63, 0x08, 0x63, 0x08, 0x63, 0x08, 0x63, 0x08, 0x63, 0x08, 0x63, 0x08, 0x63, 0x08, 0x63,
    0x08, 0x63, 0x08, 0x63, 0x10, 0xC5, 0x08, 0x63, 0x08, 0x63, 0x08, 0x63, 0x08, 0x63, 0x08, 0x63,
    0x08, 0x63, 0x08, 0x63, 0x10, 0xC5, 0x08, 0x63, 0x08, 0x63, 0x08, 0x63, 0x08, 0x63, 0x08, 0x63,
    0x08, 0x63, 0x08, 0x63, 0x08, 0x63, 0x08, 0x63, 0x08, 0x63, 0x08, 0x63, 0x08, 0x63, 0x08, 0x63,
    0x08, 0x63, 0x08, 0x63, 0x08, 0x63, 0x08, 0x63, 0x08, 0x63, 0x08, 0x63, 0x08, 0x63, 0x08, 0x63,
    0x08, 0x63, 0x08, 0x63, 0x08, 0x63, 0x08, 0x63, 0x08, 0x63, 0x08, 0x63, 0x08, 0x63, 0x08, 0x63,
    0x08, 0x63, 0x08, 0x63, 0x08, 0x63, 0x08, 0x63, 0x08, 0x63, 0x08, 0x63, 0x08, 0x63, 0x08, 0x63,
    0x08, 0x63, 0x08, 0x63, 0x08, 0x63, 0x08, 0x63, 0x08, 0x63, 0x5D, 0xBD, 0xB7, 0x5F, 0x2C, 0x5A,
    0x2C, 0x5A, 0x2C, 0x5A, 0x09, 0x6A, 0x08, 0x63, 0x08, 0x63, 0x08, 0x63, 0x08, 0x63, 0x08, 0x63,
    0x08, 0x63, 0x08, 0x63, 0x08, 0x63, 0x08, 0x63, 0xD6, 0xFD, 0x95, 0x16, 0x95, 0x16, 0x95, 0x16,
    0x95, 0x16, 0x95, 0x16, 0x95, 0x16, 0x4A, 0xAD, 0x08, 0x63, 0x08, 0x63, 0x08, 0x63, 0x08, 0x63,
    0x08, 0x63, 0x08, 0x63, 0x08, 0x63, 0x08, 0x63, 0xD6, 0xFD, 0x95, 0x16, 0x95, 0x16, 0x95, 0x16,
    0x95, 0x16, 0x95, 0x16, 0x95, 0x16, 0x4A, 0xAD, 0x08, 0x63, 0x08, 0x63, 0x08, 0x63, 0x08, 0x63,
    0x08, 0x63, 0x08, 0x63, 0x08, 0x63, 0x08, 0x63, 0x08, 0x63, 0x5D, 0xBD, 0xB7, 0x5F, 0x2C, 0x5A,
    0x2C, 0x5A, 0x2C, 0x5A, 0x09, 0x6A, 0x08, 0x63, 0x08, 0x63, 0x08, 0x63, 0x08, 0x63, 0x08, 0x63,
    0x08, 0x63, 0xD6, 0xFD, 0xD6, 0xFD, 0x08, 0x63, 0x08, 0x63, 0x5D, 0xBD, 0xB7, 0x5F, 0x2C, 0x5A,
    0x2C, 0x5A, 0x2C, 0x5A, 0x09, 0x6A, 0x08, 0x63, 0x08, 0x63, 0xD6, 0xFD, 0xD6, 0xFD, 0x08, 0x63,
    0x5D, 0xBD, 0x95, 0x16, 0x95, 0x16, 0x5D, 0xBD, 0x5D, 0xBD, 0x2C, 0x5A, 0x2C, 0x5A, 0x2C, 0x5A,
    0x2C, 0x5A, 0x2C, 0x5A, 0x2C, 0x5A, 0x5D, 0xBD, 0x5D, 0xBD, 0x95, 0x16, 0x95, 0x16, 0x5D, 0xBD,
    0xB7, 0x5F, 0x95, 0x16, 0x95, 0x16, 0xB7, 0x5F, 0xB7, 0x5F, 0x2C, 0x5A, 0x2C, 0x5A, 0x2C, 0x5A,
    0x2C, 0x5A, 0x2C, 0x5A, 0x2C, 0x5A, 0xB7, 0x5F, 0xB7, 0x5F, 0x95, 0x16, 0x95, 0x16, 0xB7, 0x5F,
    0x2C, 0x5A, 0x95, 0x16, 0x95, 0x16, 0x2C, 0x5A, 0x2C, 0x5A, 0x2C, 0x5A, 0x2C, 0x5A, 0x2C, 0x5A,
    0x2C, 0x5A, 0x2C, 0x5A, 0x2C, 0x5A, 0x2C, 0x5A, 0x2C, 0x5A, 0x95, 0x16, 0x95, 0x16, 0x2C, 0x5A,
    0x2C, 0x5A, 0x95, 0x16, 0x95, 0x16, 0x2C, 0x5A, 0x2C, 0x5A, 0x2C, 0x5A, 0x2C, 0x5A, 0x2C, 0x5A,
    0x2C, 0x5A, 0x2C, 0x5A, 0x2C, 0x5A, 0x2C, 0x5A, 0x2C, 0x5A, 0x95, 0x16, 0x95, 0x16, 0x2C, 0x5A,
    0x2C, 0x5A, 0x95, 0x16, 0x95, 0x16, 0x2C, 0x5A, 0x2C, 0x5A, 0x2C, 0x5A, 0x2C, 0x5A, 0x2C, 0x5A,
    0x2C, 0x5A, 0x2C, 0x5A, 0x2C, 0x5A, 0x2C, 0x5A, 0x2C, 0x5A, 0x95, 0x16, 0x95, 0x16, 0x2C, 0x5A,
    0x09, 0x6A, 0x95, 0x16, 0x95, 0x16, 0x09, 0x6A, 0x09, 0x6A, 0x2C, 0x5A, 0x2C, 0x5A, 0x2C, 0x5A,
    0x2C, 0x5A, 0x2C, 0x5A, 0x2C, 0x5A, 0x09, 0x6A, 0x09, 0x6A, 0x95, 0x16, 0x95, 0x16, 0x09, 0x6A,
    0x08, 0x63, 0x4A, 0xAD, 0x4A, 0xAD, 0x08, 0x63, 0x08, 0x63, 0x5D, 0xBD, 0xB7, 0x5F, 0x2C, 0x5A,
    0x2C, 0x5A, 0x2C, 0x5A, 0x09, 0x6A, 0x08, 0x63, 0x08, 0x63, 0x4A, 0xAD, 0x4A, 0xAD, 0x08, 0x63,
    0x08, 0x63, 0x08, 0x63, 0x08, 0x63, 0x08, 0x63, 0x08, 0x63, 0x5D, 0xBD, 0xB7, 0x5F, 0x2C, 0x5A,
    0x2C, 0x5A, 0x2C, 0x5A, 0x09, 0x6A, 0x08, 0x63, 0x08, 0x63, 0x08, 0x63, 0x08, 0x63, 0x08, 0x63,
    0x08, 0x63, 0x08, 0x63, 0x10, 0xC5, 0x08, 0x63, 0xD6, 0xFD, 0x95, 0x16, 0x95, 0x16, 0x95, 0x16,
    0x95, 0x16, 0x95, 0x16, 0x95, 0x16, 0x4A, 0xAD, 0x08, 0x63, 0x08, 0x63, 0x08, 0x63, 0x08, 0x63,
    0x08, 0x63, 0x08, 0x63, 0x08, 0x63, 0x08, 0x63, 0xD6, 0xFD, 0x95, 0x16, 0x95, 0x16, 0x95, 0x16,
    0x95, 0x16, 0x95, 0x16, 0x95, 0x16, 0x4A, 0xAD, 0x08, 0x63, 0x08, 0x63, 0x08, 0x63, 0x08, 0x63,
    0x08, 0x63, 0x08, 0x63, 0x08, 0x63, 0x08, 0x63, 0x08, 0x63, 0x5D, 0xBD, 0xB7, 0x5F, 0x2C, 0x5A,
    0x2C, 0x5A, 0x2C, 0x5A, 0x09, 0x6A, 0x08, 0x63, 0x08, 0x63, 0x08, 0x63, 0x08, 0x63, 0x08, 0x63,
    0x08, 0x63, 0x08, 0x63, 0x08, 0x63, 0x08, 0x63, 0x08, 0x63, 0x5D, 0xBD, 0xB7, 0x5F, 0x2C, 0x5A,
    0x2C, 0x5A, 0x2C, 0x5A, 0x09, 0x6A, 0x08, 0x63, 0x08, 0x63, 0x08, 0x63, 0x08, 0x63, 0x08, 0x63,
    0x08, 0x63, 0x08, 0x63, 0x08, 0x63, 0x08, 0x63, 0xD6, 0xFD, 0x95, 0x16, 0x95, 0x16, 0x95, 0x16,
    0x95, 0x16, 0x95, 0x16, 0x95, 0x16, 0x4A, 0xAD, 0x08, 0x63, 0x08, 0x63, 0x08, 0x63, 0x08, 0x63,
    0x08, 0x63, 0x08, 0x63, 0x08, 0x63, 0x08, 0x63, 0xD6, 0xFD, 0x95, 0x16, 0x95, 0x16, 0x95, 0x16,
    0x95, 0x16, 0x95, 0x16, 0x95, 0x16, 0x4A, 0xAD, 0x08, 0x63, 0x08, 0x63, 0x08, 0x63, 0x08, 0x63,
    0x08, 0x63, 0x08, 0x63, 0x08, 0x63, 0x08, 0x63, 0x08, 0x63, 0x5D, 0xBD, 0xB7, 0x5F, 0x2C, 0x5A,
    0x2C, 0x5A, 0x2C, 0x5A, 0x09, 0x6A, 0x08, 0x63, 0x08, 0x63, 0x08, 0x63, 0x08, 0x63, 0x08, 0x63,
    0x08, 0x63, 0x08, 0x63, 0x08, 0x63, 0x08, 0x63, 0x08, 0x63, 0x5D, 0xBD, 0xB7, 0x5F, 0x2C, 0x5A,
    0x2C, 0x5A, 0x2C, 0x5A, 0x09, 0x6A, 0x08, 0x63, 0x08, 0x63, 0x08, 0x63, 0x08, 0x63, 0x08, 0x63,
    0x08, 0x63, 0x08, 0x63, 0x10, 0xC5, 0x08, 0x63, 0x08, 0x63, 0x5D, 0xBD, 0xB7, 0x5F, 0x2C, 0x5A,
    0x2C, 0x5A, 0x2C, 0x5A, 0x09, 0x6A, 0x08, 0x63, 0x08, 0x63, 0x08, 0x63, 0x08, 0x63, 0x08, 0x63,
    0x08, 0x63, 0x08, 0x63, 0x08, 0x63, 0x08, 0x63, 0x08, 0x63, 0x5D, 0xBD, 0xB7, 0x5F, 0x2C, 0x5A,
    0x2C, 0x5A, 0x2C, 0x5A, 0x09, 0x6A, 0x08, 0x63, 0x08, 0x63, 0x08, 0x63, 0x08, 0x63, 0x08, 0x63,
    0x08, 0x63, 0x08, 0x63, 0x08, 0x63, 0x08, 0x63, 0x08, 0x63, 0x5D, 0xBD, 0xB7, 0x5F, 0x2C, 0x5A,
    0x2C, 0x5A, 0x2C, 0x5A, 0x09, 0x6A, 0x08, 0x63, 0x08, 0x63, 0x08, 0x63, 0x08, 0x63, 0x08, 0x63,
    0x08, 0x63, 0x08, 0x63, 0x08, 0x63, 0x08, 0x63, 0x08, 0x63, 0x5D, 0xBD, 0xB7, 0x5F, 0x2C, 0x5A,
    0x2C, 0x5A, 0x2C, 0x5A, 0x09, 0x6A, 0x08, 0x63, 0x08, 0x63, 0x08, 0x63, 0x08, 0x63, 0x08, 0x63,
    0x08, 0x63, 0x08, 0x63, 0x08, 0x63, 0x08, 0x63, 0x08, 0x63, 0x5D, 0xBD, 0xB7, 0x5F, 0x2C, 0x5A,
    0x2C, 0x5A, 0x2C, 0x5A, 0x09, 0x6A, 0x08, 0x63, 0x08, 0x63, 0x08, 0x63, 0x08, 0x63, 0x08, 0x63,
    0x08, 0x63, 0x08, 0x63, 0x08, 0x63, 0xD6, 0xFD, 0xD6, 0xFD, 0xD6, 0xFD, 0xD6, 0xFD, 0xD6, 0xFD,
    0xD6, 0xFD, 0xD6, 0xFD, 0xD6, 0xFD, 0xD6, 0xFD, 0xD6, 0xFD, 0x08, 0x63, 0x08, 0x63, 0x08, 0x63,
    0x08, 0x63, 0x08, 0x63, 0x08, 0x63, 0xD6, 0xFD, 0x11, 0xAB, 0x95, 0x16, 0x95, 0x16, 0x95, 0x16,
    0x95, 0x16, 0x95, 0x16, 0x11, 0xAB, 0x95, 0x16, 0x4A, 0xAD, 0x08, 0x63, 0x08, 0x63, 0x08, 0x63,
    0x08, 0x63, 0x08, 0x63, 0x08, 0x63, 0xD6, 0xFD, 0x4A, 0xAD, 0x4A, 0xAD, 0x4A, 0xAD, 0x4A, 0xAD,
    0x4A, 0xAD, 0x4A, 0xAD, 0x4A, 0xAD, 0x4A, 0xAD, 0x4A, 0xAD, 0x08, 0x63, 0x08, 0x63, 0x08, 0x63,
    0x08, 0x63, 0x08, 0x63, 0x10, 0xC5, 0x08, 0x63, 0x08, 0x63, 0x08, 0x63, 0x08, 0x63, 0x08, 0x63,
    0x08, 0x63, 0x08, 0x63, 0x10, 0xC5, 0x08, 0x63, 0x08, 0x63, 0x08, 0x63, 0x08, 0x63, 0x08, 0x63,
    0x08, 0x63, 0x08, 0x63, 0x08, 0x63, 0x08, 0x63, 0x08, 0x63, 0x08, 0x63, 0x08, 0x63, 0x08, 0x63,
    0x08, 0x63, 0x08, 0x63, 0x08, 0x63, 0x08, 0x63, 0x08, 0x63, 0x08, 0x63, 0x08, 0x63, 0x08, 0x63,
    0x08, 0x63, 0x08, 0x63, 0x08, 0x63, 0x08, 0x63, 0x08, 0x63, 0x08, 0x63, 0x08, 0x63, 0x08, 0x63,
    0x08, 0x63, 0x08, 0x63, 0x08, 0x63, 0x08, 0x63, 0x08, 0x63, 0x08, 0x63, 0x08, 0x63, 0x08, 0x63,
    0x08, 0x63, 0x08, 0x63, 0x08, 0x63, 0x08, 0x63, 0x08, 0x63, 0x08, 0x63, 0x08, 0x63, 0x08, 0x63,
    0x08, 0x63, 0x08, 0x63, 0x08, 0x63, 0x08, 0x63, 0x08, 0x63, 0x08, 0x63, 0x08, 0x63, 0x08, 0x63,
    0x08, 0x63, 0x08, 0x63, 0x08, 0x63, 0x08, 0x63, 0x08, 0x63, 0x08, 0x63, 0x08, 0x63, 0x08, 0x63,
    0x08, 0x63, 0x08, 0x63, 0x08, 0x63, 0x08, 0x63, 0x08, 0x63, 0x08, 0x63, 0x08, 0x63, 0x08, 0x63,
    0x08, 0x63, 0x08, 0x63, 0x08, 0x63, 0x08, 0x63, 0x08, 0x63, 0x08, 0x63, 0x08, 0x63, 0x08, 0x63,
    0x08, 0x63, 0x08, 0x63, 0x08, 0x63, 0x08, 0x63, 0x08, 0x63, 0x08, 0x63, 0x08, 0x63, 0x08, 0x63,
    0x08, 0x63, 0x08, 0x63, 0x08, 0x63, 0xD6, 0xFD, 0xD6, 0xFD, 0xD6, 0xFD, 0x08, 0x63, 0x08, 0x63,
    0x08, 0x63, 0x08, 0x63, 0x08, 0x63, 0x08, 0x63, 0x08, 0x63, 0x08, 0x63, 0x08, 0x63, 0x08, 0x63,
    0x08, 0x63, 0x08, 0x63, 0x08, 0x63, 0xD6, 0xFD, 0x11, 0xAB, 0x4A, 0xAD, 0x08, 0x63, 0x08, 0x63,
    0x08, 0x63, 0x08, 0x63, 0x08, 0x63, 0x08, 0x63, 0x08, 0x63, 0xD6, 0xFD, 0xD6, 0xFD, 0x08, 0x63,
    0x08, 0x63, 0x08, 0x63, 0x10, 0xC5, 0xD6, 0xFD, 0x95, 0x16, 0x4A, 0xAD, 0x5D, 0xBD, 0x5D, 0xBD,
    0x5D, 0xBD, 0x5D, 0xBD, 0x5D, 0xBD, 0x5D, 0xBD, 0x5D, 0xBD, 0x95, 0x16, 0x95, 0x16, 0x5D, 0xBD,
    0x08, 0x63, 0x08, 0x63, 0x08, 0x63, 0xD6, 0xFD, 0x95, 0x16, 0x4A, 0xAD, 0xB7, 0x5F, 0xB7, 0x5F,
    0xB7, 0x5F, 0xB7, 0x5F, 0xB7, 0x5F, 0xB7, 0x5F, 0xB7, 0x5F, 0x95, 0x16, 0x95, 0x16, 0xB7, 0x5F,
    0x08, 0x63, 0x08, 0x63, 0x08, 0x63, 0xD6, 0xFD, 0x95, 0x16, 0x4A, 0xAD, 0x2C, 0x5A, 0x2C, 0x5A,
    0x2C, 0x5A, 0x2C, 0x5A, 0x2C, 0x5A, 0x2C, 0x5A, 0x2C, 0x5A, 0x95, 0x16, 0x95, 0x16, 0x2C, 0x5A,
    0x08, 0x63, 0x08, 0x63, 0x08, 0x63, 0xD6, 0xFD, 0x95, 0x16, 0x4A, 0xAD, 0x2C, 0x5A, 0x2C, 0x5A,
    0x2C, 0x5A, 0x2C, 0x5A, 0x2C, 0x5A, 0x2C, 0x5A, 0x2C, 0x5A, 0x95, 0x16, 0x95, 0x16, 0x2C, 0x5A,
    0x08, 0x63, 0x08, 0x63, 0x08, 0x63, 0xD6, 0xFD, 0x95, 0x16, 0x4A, 0xAD, 0x2C, 0x5A, 0x2C, 0x5A,
    0x2C, 0x5A, 0x2C, 0x5A, 0x2C, 0x5A, 0x2C, 0x5A, 0x2C, 0x5A, 0x95, 0x16, 0x95, 0x16, 0x2C, 0x5A,
    0x08, 0x63, 0x08, 0x63, 0x08, 0x63, 0xD6, 0xFD, 0x11, 0xAB, 0x4A, 0xAD, 0x09, 0x6A, 0x09, 0x6A,
    0x09, 0x6A, 0x09, 0x6A, 0x09, 0x6A, 0x09, 0x6A, 0x09, 0x6A, 0x95, 0x16, 0x95, 0x16, 0x09, 0x6A,
    0x08, 0x63, 0x08, 0x63, 0x08, 0x63, 0xD6, 0xFD, 0x95, 0x16, 0x4A, 0xAD, 0x08, 0x63, 0x08, 0x63,
    0x08, 0x63, 0x08, 0x63, 0x08, 0x63, 0x08, 0x63, 0x08, 0x63, 0x4A, 0xAD, 0x4A, 0xAD, 0x08, 0x63,
    0x08, 0x63, 0x08, 0x63, 0x08, 0x63, 0xD6, 0xFD, 0x4A, 0xAD, 0x4A, 0xAD, 0x08, 0x63, 0x08, 0x63,
    0x08, 0x63, 0x08, 0x63, 0x08, 0x63, 0x08, 0x63, 0x08, 0x63, 0x08, 0x63, 0x08, 0x63, 0x08, 0x63,
    0x08, 0x63, 0x08, 0x63, 0x10, 0xC5, 0x08, 0x63, 0x08, 0x63, 0x08, 0x63, 0x08, 0x63, 0x08, 0x63,
    0x08, 0x63, 0x08, 0x63, 0x10, 0xC5, 0x08, 0x63, 0x08, 0x63, 0x08, 0x63, 0x08, 0x63, 0x08, 0x63,
    0x08, 0x63, 0x08, 0x63, 0x08, 0x63, 0x08, 0x63, 0x08, 0x63, 0x08, 0x63, 0x08, 0x63, 0x08, 0x63,
    0x08, 0x63, 0x08, 0x63, 0x08, 0x63, 0x08, 0x63, 0x08, 0x63, 0x08, 0x63, 0x08, 0x63, 0x08, 0x63,
    0x08, 0x63, 0x08, 0x63, 0x08, 0x63, 0x08, 0x63, 0x08, 0x63, 0x08, 0x63, 0x08, 0x63, 0x08, 0x63,
    0x08, 0x63, 0x08, 0x63, 0x08, 0x63, 0x08, 0x63, 0x08, 0x63, 0x08, 0x63, 0x08, 0x63, 0x08, 0x63,
    0x08, 0x63, 0x08, 0x63, 0x08, 0x63, 0x08, 0x63, 0x08, 0x63, 0x08, 0x63, 0x08, 0x63, 0x08, 0x63,
    0x08, 0x63, 0x08, 0x63, 0x08, 0x63, 0x08, 0x63, 0x08, 0x63, 0x08, 0x63, 0x08, 0x63, 0x08, 0x63,
    0x08, 0x63, 0x08, 0x63, 0x08, 0x63, 0x08, 0x63, 0x08, 0x63, 0x08, 0x63, 0x08, 0x63, 0x08, 0x63,
    0x08, 0x63, 0x08, 0x63, 0x08, 0x63, 0x08, 0x63, 0x08, 0x63, 0x08, 0x63, 0x08, 0x63, 0x08, 0x63,
    0x08, 0x63, 0x08, 0x63, 0x08, 0x63, 0x08, 0x63, 0x08, 0x63, 0x08, 0x63, 0x08, 0x63, 0x08, 0x63,
    0x08, 0x63, 0x08, 0x63, 0x08, 0x63, 0x08, 0x63, 0x08, 0x63, 0x08, 0x63, 0x08, 0x63, 0x08, 0x63,
    0x08, 0x63, 0x08, 0x63, 0x08, 0x63, 0xD6, 0xFD, 0xD6, 0xFD, 0xD6, 0xFD, 0xD6, 0xFD, 0xD6, 0xFD,
    0xD6, 0xFD, 0xD6, 0xFD, 0xD6, 0xFD, 0xD6, 0xFD, 0xD6, 0xFD, 0x08, 0x63, 0x08, 0x63, 0x08, 0x63,
    0x08, 0x63, 0x08, 0x63, 0x08, 0x63, 0xD6, 0xFD, 0x11, 0xAB, 0x95, 0x16, 0x95, 0x16, 0x95, 0x16,
    0x95, 0x16, 0x95, 0x16, 0x11, 0xAB, 0x95, 0x16, 0x4A, 0xAD, 0x08, 0x63, 0x08, 0x63, 0x08, 0x63,
    0x08, 0x63, 0x08, 0x63, 0x10, 0xC5, 0xD6, 0xFD, 0x4A, 0xAD, 0x4A, 0xAD, 0x4A, 0xAD, 0x4A, 0xAD,
    0x4A, 0xAD, 0x4A, 0xAD, 0x4A, 0xAD, 0x4A, 0xAD, 0x4A, 0xAD, 0x08, 0x63, 0x08, 0x63, 0x08, 0x63,
    0x08, 0x63, 0x08, 0x63, 0x08, 0x63, 0x08, 0x63, 0x08, 0x63, 0x5D, 0xBD, 0xB7, 0x5F, 0x2C, 0x5A,
    0x2C, 0x5A, 0x2C, 0x5A, 0x09, 0x6A, 0x08, 0x63, 0x08, 0x63, 0x08, 0x63, 0x08, 0x63, 0x08, 0x63,
    0x08, 0x63, 0x08, 0x63, 0x08, 0x63, 0x08, 0x63, 0x08, 0x63, 0x5D, 0xBD, 0xB7, 0x5F, 0x2C, 0x5A,
    0x2C, 0x5A, 0x2C, 0x5A, 0x09, 0x6A, 0x08, 0x63, 0x08, 0x63, 0x08, 0x63, 0x08, 0x63, 0x08, 0x63,
    0x08, 0x63, 0x08, 0x63, 0x08, 0x63, 0x08, 0x63, 0x08, 0x63, 0x5D, 0xBD, 0xB7, 0x5F, 0x2C, 0x5A,
    0x2C, 0x5A, 0x2C, 0x5A, 0x09, 0x6A, 0x08, 0x63, 0x08, 0x63, 0x08, 0x63, 0x08, 0x63, 0x08, 0x63,
    0x08, 0x63, 0x08, 0x63, 0x08, 0x63, 0x08, 0x63, 0x08, 0x63, 0x5D, 0xBD, 0xB7, 0x5F, 0x2C, 0x5A,
    0x2C, 0x5A, 0x2C, 0x5A, 0x09, 0x6A, 0x08, 0x63, 0x08, 0x63, 0x08, 0x63, 0x08, 0x63, 0x08, 0x63,
    0x08, 0x63, 0x08, 0x63, 0x08, 0x63, 0x08, 0x63, 0x08, 0x63, 0x5D, 0xBD, 0xB7, 0x5F, 0x2C, 0x5A,
    0x2C, 0x5A, 0x2C, 0x5A, 0x09, 0x6A, 0x08, 0x63, 0x08, 0x63, 0x08, 0x63, 0x08, 0x63, 0x08, 0x63,
    0x08, 0x63, 0x08, 0x63, 0x08, 0x63, 0x08, 0x63, 0x08, 0x63, 0x5D, 0xBD, 0xB7, 0x5F, 0x2C, 0x5A,
    0x2C, 0x5A, 0x2C, 0x5A, 0x09, 0x6A, 0x08, 0x63, 0x08, 0x63, 0x08, 0x63, 0x08, 0x63, 0x08, 0x63,
    0x08, 0x63, 0x08, 0x63, 0x08, 0x63, 0x08, 0x63, 0x08, 0x63, 0x5D, 0xBD, 0xB7, 0x5F, 0x2C, 0x5A,
    0x2C, 0x5A, 0x2C, 0x5A, 0x09, 0x6A, 0x08, 0x63, 0x08, 0x63, 0x08, 0x63, 0x08, 0x63, 0x08, 0x63,
    0x08, 0x63, 0x08, 0x63, 0x10, 0xC5, 0x08, 0x63, 0xD6, 0xFD, 0x95, 0x16, 0x95, 0x16, 0x95, 0x16,
    0x95, 0x16, 0x95, 0x16, 0x95, 0x16, 0x4A, 0xAD, 0x08, 0x63, 0x08, 0x63, 0x08, 0x63, 0x08, 0x63,
    0x08, 0x63, 0x08, 0x63, 0x08, 0x63, 0x08, 0x63, 0xD6, 0xFD, 0x95, 0x16, 0x95, 0x16, 0x95, 0x16,
    0x95, 0x16, 0x95, 0x16, 0x95, 0x16, 0x4A, 0xAD, 0x08, 0x63, 0x08, 0x63, 0x08, 0x63, 0x08, 0x63,
    0x08, 0x63, 0x08, 0x63, 0x08, 0x63, 0x08, 0x63, 0x08, 0x63, 0x5D, 0xBD, 0xB7, 0x5F, 0x2C, 0x5A,
    0x2C, 0x5A, 0x2C, 0x5A, 0x09, 0x6A, 0x08, 0x63, 0x08, 0x63, 0x08, 0x63, 0x08, 0x63, 0x08, 0x63,
    0x08, 0x63, 0x08, 0x63, 0x08, 0x63, 0x08, 0x63, 0x08, 0x63, 0x08, 0x63, 0x08, 0x63, 0x08, 0x63,
    0x08, 0x63, 0x08, 0x63, 0x08, 0x63, 0x08, 0x63, 0x08, 0x63, 0x08, 0x63, 0x08, 0x63, 0x08, 0x63,
    0x08, 0x63, 0x08, 0x63, 0x08, 0x63, 0x08, 0x63, 0x08, 0x63, 0x08, 0x63, 0x08, 0x63, 0x08, 0x63,
    0x08, 0x63, 0x08, 0x63, 0x08, 0x63, 0x08, 0x63, 0x08, 0x63, 0x08, 0x63, 0x08, 0x63, 0x08, 0x63,
    0x08, 0x63, 0x08, 0x63, 0x08, 0x63, 0x08, 0x63, 0x08, 0x63, 0x08, 0x63, 0x08, 0x63, 0x08, 0x63,
    0x08, 0x63, 0x08, 0x63, 0x08, 0x63, 0x08, 0x63, 0x08, 0x63, 0x08, 0x63, 0x08, 0x63, 0x08, 0x63,
    0x08, 0x63, 0x08, 0x63, 0x08, 0x63, 0x08, 0x63, 0x08, 0x63, 0x08, 0x63, 0x08, 0x63, 0x08, 0x63,
    0x08, 0x63, 0x08, 0x63, 0xD6, 0xFD, 0xD6, 0xFD, 0xD6, 0xFD, 0x08, 0x63, 0x08, 0x63, 0x08, 0x63,
    0x08, 0x63, 0xD6, 0xFD, 0xD6, 0xFD, 0x08, 0x63, 0x08, 0x63, 0x08, 0x63, 0x08, 0x63, 0x08, 0x63,
    0x08, 0x63, 0x08, 0x63, 0xD6, 0xFD, 0x11, 0xAB, 0x4A, 0xAD, 0x08, 0x63, 0x08, 0x63, 0x08, 0x63,
    0x5D, 0xBD, 0x95, 0x16, 0x95, 0x16, 0x5D, 0xBD, 0x5D, 0xBD, 0x5D, 0xBD, 0x5D, 0xBD, 0x5D, 0xBD,
    0x5D, 0xBD, 0x5D, 0xBD, 0xD6, 0xFD, 0x95, 0x16, 0x4A, 0xAD, 0x08, 0x63, 0x08, 0x63, 0x08, 0x63,
    0xB7, 0x5F, 0x95, 0x16, 0x95, 0x16, 0xB7, 0x5F, 0xB7, 0x5F, 0xB7, 0x5F, 0xB7, 0x5F, 0xB7, 0x5F,
    0xB7, 0x5F, 0xB7, 0x5F, 0xD6, 0xFD, 0x95, 0x16, 0x4A, 0xAD, 0x08, 0x63, 0x08, 0x63, 0x08, 0x63,
    0x2C, 0x5A, 0x95, 0x16, 0x95, 0x16, 0x2C, 0x5A, 0x2C, 0x5A, 0x2C, 0x5A, 0x2C, 0x5A, 0x2C, 0x5A,
    0x2C, 0x5A, 0x2C, 0x5A, 0xD6, 0xFD, 0x95, 0x16, 0x4A, 0xAD, 0x08, 0x63, 0x08, 0x63, 0x08, 0x63,
    0x2C, 0x5A, 0x95, 0x16, 0x95, 0x16, 0x2C, 0x5A, 0x2C, 0x5A, 0x2C, 0x5A, 0x2C, 0x5A, 0x2C, 0x5A,
    0x2C, 0x5A, 0x2C, 0x5A, 0xD6, 0xFD, 0x95, 0x16, 0x4A, 0xAD, 0x08, 0x63, 0x08, 0x63, 0x08, 0x63,
    0x2C, 0x5A, 0x95, 0x16, 0x95, 0x16, 0x2C, 0x5A, 0x2C, 0x5A, 0x2C, 0x5A, 0x2C, 0x5A, 0x2C, 0x5A,
    0x2C, 0x5A, 0x2C, 0x5A, 0xD6, 0xFD, 0x95, 0x16, 0x4A, 0xAD, 0x08, 0x63, 0x08, 0x63, 0x08, 0x63,
    0x09, 0x6A, 0x95, 0x16, 0x95, 0x16, 0x09, 0x6A, 0x09, 0x6A, 0x09, 0x6A, 0x09, 0x6A, 0x09, 0x6A,
    0x09, 0x6A, 0x09, 0x6A, 0xD6, 0xFD, 0x11, 0xAB, 0x4A, 0xAD, 0x08, 0x63, 0x08, 0x63, 0x08, 0x63,
    0x08, 0x63, 0x4A, 0xAD, 0x4A, 0xAD, 0x08, 0x63, 0x08, 0x63, 0x08, 0x63, 0x08, 0x63, 0x08, 0x63,
    0x08, 0x63, 0x08, 0x63, 0xD6, 0xFD, 0x95, 0x16, 0x4A, 0xAD, 0x08, 0x63, 0x08, 0x63, 0x08, 0x63,
    0x08, 0x63, 0x08, 0x63, 0x08, 0x63, 0x08, 0x63, 0x08, 0x63, 0x08, 0x63, 0x08, 0x63, 0x08, 0x63,
    0x08, 0x63, 0x08, 0x63, 0xD6, 0xFD, 0x4A, 0xAD, 0x4A, 0xAD, 0x08, 0x63, 0x08, 0x63, 0x08, 0x63,
    0x08, 0x63, 0x08, 0x63, 0x10, 0xC5, 0x08, 0x63, 0x08, 0x63, 0x08, 0x63, 0x08, 0x63, 0x08, 0x63,
    0x08, 0x63, 0x08, 0x63, 0x10, 0xC5, 0x08, 0x63, 0x08, 0x63, 0x08, 0x63, 0x08, 0x63, 0x08, 0x63,
    0x08, 0x63, 0x08, 0x63, 0x08, 0x63, 0x08, 0x63, 0x08, 0x63, 0x08, 0x63, 0x08, 0x63, 0x08, 0x63,
    0x08, 0x63, 0x08, 0x63, 0x08, 0x63, 0x08, 0x63, 0x08, 0x63, 0x08, 0x63, 0x08, 0x63, 0x08, 0x63,
    0x08, 0x63, 0x08, 0x63, 0x08, 0x63, 0x08, 0x63, 0x08, 0x63, 0x08, 0x63, 0x08, 0x63, 0x08, 0x63,
    0x08, 0x63, 0x08, 0x63, 0x08, 0x63, 0x08, 0x63, 0x08, 0x63, 0x08, 0x63, 0x08, 0x63, 0x08, 0x63,
    0x08, 0x63, 0x08, 0x63, 0x08, 0x63, 0x08, 0x63, 0x08, 0x63, 0x5D, 0xBD, 0xB7, 0x5F, 0x2C, 0x5A,
    0x2C, 0x5A, 0x2C, 0x5A, 0x09, 0x6A, 0x08, 0x63, 0x08, 0x63, 0x08, 0x63, 0x08, 0x63, 0x08, 0x63,
    0x08, 0x63, 0x08, 0x63, 0x08, 0x63, 0x08, 0x63, 0xD6, 0xFD, 0x95, 0x16, 0x95, 0x16, 0x95, 0x16,
    0x95, 0x16, 0x95, 0x16, 0x95, 0x16, 0x4A, 0xAD, 0x08, 0x63, 0x08, 0x63, 0x08, 0x63, 0x08, 0x63,
    0x08, 0x63, 0x08, 0x63, 0x08, 0x63, 0x08, 0x63, 0xD6, 0xFD, 0x95, 0x16, 0x95, 0x16, 0x95, 0x16,
    0x95, 0x16, 0x95, 0x16, 0x95, 0x16, 0x4A, 0xAD, 0x08, 0x63, 0x08, 0x63, 0x08, 0x63, 0x08, 0x63,
    0x08, 0x63, 0x08, 0x63, 0x08, 0x63, 0x08, 0x63, 0x08, 0x63, 0x5D, 0xBD, 0xB7, 0x5F, 0x2C, 0x5A,
    0x2C, 0x5A, 0x2C, 0x5A, 0x09, 0x6A, 0x08, 0x63, 0x08, 0x63, 0x08, 0x63, 0x08, 0x63, 0x08, 0x63,
    0x08, 0x63, 0xD6, 0xFD, 0xD6, 0xFD, 0x08, 0x63, 0x08, 0x63, 0x5D, 0xBD, 0xB7, 0x5F, 0x2C, 0x5A,
    0x2C, 0x5A, 0x2C, 0x5A, 0x09, 0x6A, 0x08, 0x63, 0x08, 0x63, 0x08, 0x63, 0x08, 0x63, 0x08, 0x63,
    0x5D, 0xBD, 0x95, 0x16, 0x95, 0x16, 0x5D, 0xBD, 0x5D, 0xBD, 0x2C, 0x5A, 0x2C, 0x5A, 0x2C, 0x5A,
    0x2C, 0x5A, 0x2C, 0x5A, 0x09, 0x6A, 0x08, 0x63, 0x08, 0x63, 0x08, 0x63, 0x08, 0x63, 0x08, 0x63,
    0xB7, 0x5F, 0x95, 0x16, 0x95, 0x16, 0xB7, 0x5F, 0xB7, 0x5F, 0x2C, 0x5A, 0x2C, 0x5A, 0x2C, 0x5A,
    0x2C, 0x5A, 0x2C, 0x5A, 0x09, 0x6A, 0x08, 0x63, 0x08, 0x63, 0x08, 0x63, 0x08, 0x63, 0x08, 0x63,
    0x2C, 0x5A, 0x95, 0x16, 0x95, 0x16, 0x2C, 0x5A, 0x2C, 0x5A, 0x2C, 0x5A, 0x2C, 0x5A, 0x2C, 0x5A,
    0x2C, 0x5A, 0x2C, 0x5A, 0x09, 0x6A, 0x08, 0x63, 0x08, 0x63, 0x08, 0x63, 0x08, 0x63, 0x08, 0x63,
    0x2C, 0x5A, 0x95, 0x16, 0x95, 0x16, 0x2C, 0x5A, 0x2C, 0x5A, 0x2C, 0x5A, 0x2C, 0x5A, 0x2C, 0x5A,
    0x2C, 0x5A, 0x2C, 0x5A, 0x09, 0x6A, 0x08, 0x63, 0x08, 0x63, 0x08, 0x63, 0x08, 0x63, 0x08, 0x63,
    0x2C, 0x5A, 0x95, 0x16, 0x95, 0x16, 0x2C, 0x5A, 0x2C, 0x5A, 0x2C, 0x5A, 0x2C, 0x5A, 0x2C, 0x5A,
    0x2C, 0x5A, 0x2C, 0x5A, 0x09, 0x6A, 0x08, 0x63, 0x08, 0x63, 0x08, 0x63, 0x08, 0x63, 0x08, 0x63,
    0x09, 0x6A, 0x95, 0x16, 0x95, 0x16, 0x09, 0x6A, 0x09, 0x6A, 0x09, 0x6A, 0x09, 0x6A, 0x09, 0x6A,
    0x09, 0x6A, 0x09, 0x6A, 0x09, 0x6A, 0x08, 0x63, 0x08, 0x63, 0x08, 0x63, 0x08, 0x63, 0x08, 0x63,
    0x08, 0x63, 0x4A, 0xAD, 0x4A, 0xAD, 0x08, 0x63, 0x08, 0x63, 0x08, 0x63, 0x08, 0x63, 0x08, 0x63,
    0x08, 0x63, 0x08, 0x63, 0x08, 0x63, 0x08, 0x63, 0x08, 0x63, 0x08, 0x63, 0x08, 0x63, 0x08, 0x63,
    0x08, 0x63, 0x08, 0x63, 0x08, 0x63, 0x08, 0x63, 0x08, 0x63, 0x08, 0x63, 0x08, 0x63, 0x08, 0x63,
    0x08, 0x63, 0x08, 0x63, 0x08, 0x63, 0x08, 0x63, 0x08, 0x63, 0x08, 0x63, 0x08, 0x63, 0x08, 0x63,
    0x08, 0x63, 0x08, 0x63, 0x10, 0xC5, 0x08, 0x63, 0x08, 0x63, 0x08, 0x63, 0x08, 0x63, 0x08, 0x63,
    0x08, 0x63, 0x08, 0x63, 0x10, 0xC5, 0x08, 0x63, 0x08, 0x63, 0x08, 0x63, 0x08, 0x63, 0x08, 0x63,
    0x08, 0x63, 0x08, 0x63, 0x08, 0x63, 0x08, 0x63, 0x08, 0x63, 0x08, 0x63, 0x08, 0x63, 0x08, 0x63,
    0x08, 0x63, 0x08, 0x63, 0x08, 0x63, 0x08, 0x63, 0x08, 0x63, 0x08, 0x63, 0x08, 0x63, 0x08, 0x63,
    0x08, 0x63, 0x08, 0x63, 0x08, 0x63, 0x08, 0x63, 0x08, 0x63, 0x08, 0x63, 0x08, 0x63, 0x08, 0x63,
    0x08, 0x63, 0x08, 0x63, 0x08, 0x63, 0x08, 0x63, 0x08, 0x63, 0x08, 0x63, 0x08, 0x63, 0x08, 0x63,
    0x08, 0x63, 0x08, 0x63, 0x08, 0x63, 0x08, 0x63, 0x08, 0x63, 0x08, 0x63, 0x08, 0x63, 0x08, 0x63,
    0x08, 0x63, 0x08, 0x63, 0x08, 0x63, 0x08, 0x63, 0x08, 0x63, 0x08, 0x63, 0x08, 0x63, 0x08, 0x63,
    0x08, 0x63, 0x08, 0x63, 0x08, 0x63, 0x08, 0x63, 0x08, 0x63, 0x08, 0x63, 0x08, 0x63, 0x08, 0x63,
    0x08, 0x63, 0x08, 0x63, 0x08, 0x63, 0x08, 0x63, 0x08, 0x63, 0x08, 0x63, 0x08, 0x63, 0x08, 0x63,
    0x08, 0x63, 0x08, 0x63, 0x08, 0x63, 0x08, 0x63, 0x08, 0x63, 0x08, 0x63, 0x08, 0x63, 0x08, 0x63,
    0x08, 0x63, 0x08, 0x63, 0x08, 0x63, 0x08, 0x63, 0x08, 0x63, 0x08, 0x63, 0x08, 0x63, 0x08, 0x63,
    0x08, 0x63, 0x08, 0x63, 0x08, 0x63, 0x08, 0x63, 0x08, 0x63, 0x08, 0x63, 0x08, 0x63, 0x08, 0x63,
    0x08, 0x63, 0x08, 0x63, 0x08, 0x63, 0x08, 0x63, 0x08, 0x63, 0x08, 0x63, 0x08, 0x63, 0x08, 0x63,
    0x08, 0x63, 0x08, 0x63, 0x08, 0x63, 0x08, 0x63, 0x08, 0x63, 0x08, 0x63, 0x08, 0x63, 0x08, 0x63,
    0x08, 0x63, 0x08, 0x63, 0x08, 0x63, 0x08, 0x63, 0x08, 0x63, 0xD6, 0xFD, 0xD6, 0xFD, 0x08, 0x63,
    0x08, 0x63, 0x08, 0x63, 0x10, 0xC5, 0x08, 0x63, 0x08, 0x63, 0x5D, 0xBD, 0x5D, 0xBD, 0x5D, 0xBD,
    0x5D, 0xBD, 0x5D, 0xBD, 0x5D, 0xBD, 0x5D, 0xBD, 0x5D, 0xBD, 0x95, 0x16, 0x95, 0x16, 0x5D, 0xBD,
    0x08, 0x63, 0x08, 0x63, 0x08, 0x63, 0x08, 0x63, 0x08, 0x63, 0x5D, 0xBD, 0xB7, 0x5F, 0xB7, 0x5F,
    0xB7, 0x5F, 0xB7, 0x5F, 0xB7, 0x5F, 0xB7, 0x5F, 0xB7, 0x5F, 0x95, 0x16, 0x95, 0x16, 0xB7, 0x5F,
    0x08, 0x63, 0x08, 0x63, 0x08, 0x63, 0x08, 0x63, 0x08, 0x63, 0x5D, 0xBD, 0xB7, 0x5F, 0x2C, 0x5A,
    0x2C, 0x5A, 0x2C, 0x5A, 0x2C, 0x5A, 0x2C, 0x5A, 0x2C, 0x5A, 0x95, 0x16, 0x95, 0x16, 0x2C, 0x5A,
    0x08, 0x63, 0x08, 0x63, 0x08, 0x63, 0x08, 0x63, 0x08, 0x63, 0x5D, 0xBD, 0xB7, 0x5F, 0x2C, 0x5A,
    0x2C, 0x5A, 0x2C, 0x5A, 0x2C, 0x5A, 0x2C, 0x5A, 0x2C, 0x5A, 0x95, 0x16, 0x95, 0x16, 0x2C, 0x5A,
    0x08, 0x63, 0x08, 0x63, 0x08, 0x63, 0x08, 0x63, 0x08, 0x63, 0x5D, 0xBD, 0xB7, 0x5F, 0x2C, 0x5A,
    0x2C, 0x5A, 0x2C, 0x5A, 0x2C, 0x5A, 0x2C, 0x5A, 0x2C, 0x5A, 0x95, 0x16, 0x95, 0x16, 0x2C, 0x5A,
    0x08, 0x63, 0x08, 0x63, 0x08, 0x63, 0x08, 0x63, 0x08, 0x63, 0x5D, 0xBD, 0xB7, 0x5F, 0x2C, 0x5A,
    0x2C, 0x5A, 0x2C, 0x5A, 0x2C, 0x5A, 0x09, 0x6A, 0x09, 0x6A, 0x95, 0x16, 0x95, 0x16, 0x09, 0x6A,
    0x08, 0x63, 0x08, 0x63, 0x08, 0x63, 0x08, 0x63, 0x08, 0x63, 0x5D, 0xBD, 0xB7, 0x5F, 0x2C, 0x5A,
    0x2C, 0x5A, 0x2C, 0x5A, 0x09, 0x6A, 0x08, 0x63, 0x08, 0x63, 0x4A, 0xAD, 0x4A, 0xAD, 0x08, 0x63,
    0x08, 0x63, 0x08, 0x63, 0x08, 0x63, 0x08, 0x63, 0x08, 0x63, 0x5D, 0xBD, 0xB7, 0x5F, 0x2C, 0x5A,
    0x2C, 0x5A, 0x2C, 0x5A, 0x09, 0x6A, 0x08, 0x63, 0x08, 0x63, 0x08, 0x63, 0x08, 0x63, 0x08, 0x63,
    0x08, 0x63, 0x08, 0x63, 0x10, 0xC5, 0x08, 0x63, 0xD6, 0xFD, 0x95, 0x16, 0x95, 0x16, 0x95, 0x16,
    0x95, 0x16, 0x95, 0x16, 0x95, 0x16, 0x4A, 0xAD, 0x08, 0x63, 0x08, 0x63, 0x08, 0x63, 0x08, 0x63,
    0x08, 0x63, 0x08, 0x63, 0x08, 0x63, 0x08, 0x63, 0xD6, 0xFD, 0x95, 0x16, 0x95, 0x16, 0x95, 0x16,
    0x95, 0x16, 0x95, 0x16, 0x95, 0x16, 0x4A, 0xAD, 0x08, 0x63, 0x08, 0x63, 0x08, 0x63, 0x08, 0x63,
    0x08, 0x63, 0x08, 0x63, 0x08, 0x63, 0x08, 0x63, 0x08, 0x63, 0x5D, 0xBD, 0xB7, 0x5F, 0x2C, 0x5A,
    0x2C, 0x5A, 0x2C, 0x5A, 0x09, 0x6A, 0x08, 0x63, 0x08, 0x63, 0x08, 0x63, 0x08, 0x63, 0x08, 0x63,
    0x08, 0x63, 0x08, 0x63, 0x08, 0x63, 0x08, 0x63, 0x08, 0x63, 0x5D, 0xBD, 0xB7, 0x5F, 0x2C, 0x5A,
    0x2C, 0x5A, 0x2C, 0x5A, 0x09, 0x6A, 0x08, 0x63, 0x08, 0x63, 0x08, 0x63, 0x08, 0x63, 0x08, 0x63,
    0x08, 0x63, 0x08, 0x63, 0x08, 0x63, 0x08, 0x63, 0xD6, 0xFD, 0x95, 0x16, 0x95, 0x16, 0x95, 0x16,
    0x95, 0x16, 0x95, 0x16, 0x95, 0x16, 0x4A, 0xAD, 0x08, 0x63, 0x08, 0x63, 0x08, 0x63, 0x08, 0x63,
    0x08, 0x63, 0x08, 0x63, 0x08, 0x63, 0x08, 0x63, 0xD6, 0xFD, 0x95, 0x16, 0x95, 0x16, 0x95, 0x16,
    0x95, 0x16, 0x95, 0x16, 0x95, 0x16, 0x4A, 0xAD, 0x08, 0x63, 0x08, 0x63, 0x08, 0x63, 0x08, 0x63,
    0x08, 0x63, 0x08, 0x63, 0x08, 0x63, 0x08, 0x63, 0x08, 0x63, 0x5D, 0xBD, 0xB7, 0x5F, 0x2C, 0x5A,
    0x2C, 0x5A, 0x2C, 0x5A, 0x09, 0x6A, 0x08, 0x63, 0x08, 0x63, 0x08, 0x63, 0x08, 0x63, 0x08, 0x63,
    0x08, 0x63, 0x08, 0x63, 0x08, 0x63, 0x08, 0x63, 0x08, 0x63, 0x5D, 0xBD, 0xB7, 0x5F, 0x2C, 0x5A,
    0x2C, 0x5A, 0x2C, 0x5A, 0x09, 0x6A, 0x08, 0x63, 0x08, 0x63, 0xD6, 0xFD, 0xD6, 0xFD, 0x08, 0x63,
    0x08, 0x63, 0x08, 0x63, 0x10, 0xC5, 0x08, 0x63, 0x08, 0x63, 0x5D, 0xBD, 0xB7, 0x5F, 0x2C, 0x5A,
    0x2C, 0x5A, 0x2C, 0x5A, 0x2C, 0x5A, 0x5D, 0xBD, 0x5D, 0xBD, 0x95, 0x16, 0x95, 0x16, 0x5D, 0xBD,
    0x08, 0x63, 0x08, 0x63, 0x08, 0x63, 0x08, 0x63, 0x08, 0x63, 0x5D, 0xBD, 0xB7, 0x5F, 0x2C, 0x5A,
    0x2C, 0x5A, 0x2C, 0x5A, 0x2C, 0x5A, 0xB7, 0x5F, 0xB7, 0x5F, 0x95, 0x16, 0x95, 0x16, 0xB7, 0x5F,
    0x08, 0x63, 0x08, 0x63, 0x08, 0x63, 0x08, 0x63, 0x08, 0x63, 0x5D, 0xBD, 0xB7, 0x5F, 0x2C, 0x5A,
    0x2C, 0x5A, 0x2C, 0x5A, 0x2C, 0x5A, 0x2C, 0x5A, 0x2C, 0x5A, 0x95, 0x16, 0x95, 0x16, 0x2C, 0x5A,
    0x08, 0x63, 0x08, 0x63, 0x08, 0x63, 0x08, 0x63, 0x08, 0x63, 0x5D, 0xBD, 0xB7, 0x5F, 0x2C, 0x5A,
    0x2C, 0x5A, 0x2C, 0x5A, 0x2C, 0x5A, 0x2C, 0x5A, 0x2C, 0x5A, 0x95, 0x16, 0x95, 0x16, 0x2C, 0x5A,
    0x08, 0x63, 0x08, 0x63, 0x08, 0x63, 0x08, 0x63, 0x08, 0x63, 0x5D, 0xBD, 0xB7, 0x5F, 0x2C, 0x5A,
    0x2C, 0x5A, 0x2C, 0x5A, 0x2C, 0x5A, 0x2C, 0x5A, 0x2C, 0x5A, 0x95, 0x16, 0x95, 0x16, 0x2C, 0x5A,
    0x08, 0x63, 0x08, 0x63, 0x08, 0x63, 0x08, 0x63, 0x08, 0x63, 0x09, 0x6A, 0x09, 0x6A, 0x09, 0x6A,
    0x09, 0x6A, 0x09, 0x6A, 0x09, 0x6A, 0x09, 0x6A, 0x09, 0x6A, 0x95, 0x16, 0x95, 0x16, 0x09, 0x6A,
    0x08, 0x63, 0x08, 0x63, 0x08, 0x63, 0x08, 0x63, 0x08, 0x63, 0x08, 0x63, 0x08, 0x63, 0x08, 0x63,
    0x08, 0x63, 0x08, 0x63, 0x08, 0x63, 0x08, 0x63, 0x08, 0x63, 0x4A, 0xAD, 0x4A, 0xAD, 0x08, 0x63,
    0x08, 0x63, 0x08, 0x63, 0x08, 0x63, 0x08, 0x63, 0x08, 0x63, 0x08, 0x63, 0x08, 0x63, 0x08, 0x63,
    0x08, 0x63, 0x08, 0x63, 0x08, 0x63, 0x08, 0x63, 0x08, 0x63, 0x08, 0x63, 0x08, 0x63, 0x08, 0x63,
    0x08, 0x63, 0x08, 0x63, 0x10, 0xC5, 0x08, 0x63, 0x08, 0x63, 0x08, 0x63, 0x08, 0x63, 0x08, 0x63,
    0x08, 0x63, 0x08, 0x63, 0x10, 0xC5, 0x08, 0x63, 0x08, 0x63, 0x08, 0x63, 0x08, 0x63, 0x08, 0x63,
    0x08, 0x63, 0x08, 0x63, 0x08, 0x63, 0x08, 0x63, 0x08, 0x63, 0x08, 0x63, 0x08, 0x63, 0x08, 0x63,
    0x08, 0x63, 0x08, 0x63, 0x08, 0x63, 0x08, 0x63, 0x08, 0x63, 0x08, 0x63, 0x08, 0x63, 0x08, 0x63,
    0x08, 0x63, 0x08, 0x63, 0x08, 0x63, 0x08, 0x63, 0x08, 0x63, 0x08, 0x63, 0x08, 0x63, 0x08, 0x63,
    0x08, 0x63, 0x08, 0x63, 0x08, 0x63, 0x08, 0x63, 0x08, 0x63, 0x08, 0x63, 0x08, 0x63, 0x08, 0x63,
    0x08, 0x63, 0x08, 0x63, 0x08, 0x63, 0x08, 0x63, 0x08, 0x63, 0x08, 0x63, 0x08, 0x63, 0x08, 0x63,
    0x08, 0x63, 0x08, 0x63, 0x08, 0x63, 0x08, 0x63, 0x08, 0x63, 0x08, 0x63, 0x08, 0x63, 0x08, 0x63,
    0x08, 0x63, 0x08, 0x63, 0x08, 0x63, 0x08, 0x63, 0x08, 0x63, 0x08, 0x63, 0x08, 0x63, 0x08, 0x63,
    0x08, 0x63, 0x08, 0x63, 0x08, 0x63, 0x08, 0x63, 0x08, 0x63, 0x08, 0x63, 0x08, 0x63, 0x08, 0x63,
    0x08, 0x63, 0x08, 0x63, 0x08, 0x63, 0x08, 0x63, 0x08, 0x63, 0x08, 0x63, 0x08, 0x63, 0x08, 0x63,
    0x08, 0x63, 0x08, 0x63, 0x08, 0x63, 0x08, 0x63, 0x08, 0x63, 0x08, 0x63, 0x08, 0x63, 0x08, 0x63,
    0x08, 0x63, 0x08, 0x63, 0x08, 0x63, 0x08, 0x63, 0x08, 0x63, 0x08, 0x63, 0x08, 0x63, 0x08, 0x63,
    0x08, 0x63, 0x08, 0x63, 0x08, 0x63, 0x08, 0x63, 0x08, 0x63, 0x08, 0x63, 0x08, 0x63, 0x08, 0x63,
    0x08, 0x63, 0xD6, 0xFD, 0xD6, 0xFD, 0x08, 0x63, 0x08, 0x63, 0x08, 0x63, 0x08, 0x63, 0x08, 0x63,
    0x08, 0x63, 0x08, 0x63, 0x08, 0x63, 0x08, 0x63, 0x08, 0x63, 0x08, 0x63, 0x08, 0x63, 0x08, 0x63,
    0x5D, 0xBD, 0x95, 0x16, 0x95, 0x16, 0x5D, 0xBD, 0x5D, 0xBD, 0x5D, 0xBD, 0x5D, 0xBD, 0x5D, 0xBD,
    0x5D, 0xBD, 0x5D, 0xBD, 0x5D, 0xBD, 0x08, 0x63, 0x08, 0x63, 0x08, 0x63, 0x08, 0x63, 0x08, 0x63,
    0xB7, 0x5F, 0x95, 0x16, 0x95, 0x16, 0xB7, 0x5F, 0xB7, 0x5F, 0xB7, 0x5F, 0xB7, 0x5F, 0xB7, 0x5F,
    0xB7, 0x5F, 0xB7, 0x5F, 0x09, 0x6A, 0x08, 0x63, 0x08, 0x63, 0x08, 0x63, 0x08, 0x63, 0x08, 0x63,
    0x2C, 0x5A, 0x95, 0x16, 0x95, 0x16, 0x2C, 0x5A, 0x2C, 0x5A, 0x2C, 0x5A, 0x2C, 0x5A, 0x2C, 0x5A,
    0x2C, 0x5A, 0x2C, 0x5A, 0x09, 0x6A, 0x08, 0x63, 0x08, 0x63, 0x08, 0x63, 0x08, 0x63, 0x08, 0x63,
    0x2C, 0x5A, 0x95, 0x16, 0x95, 0x16, 0x2C, 0x5A, 0x2C, 0x5A, 0x2C, 0x5A, 0x2C, 0x5A, 0x2C, 0x5A,
    0x2C, 0x5A, 0x2C, 0x5A, 0x09, 0x6A, 0x08, 0x63, 0x08, 0x63, 0x08, 0x63, 0x08, 0x63, 0x08, 0x63,
    0x2C, 0x5A, 0x95, 0x16, 0x95, 0x16, 0x2C, 0x5A, 0x2C, 0x5A, 0x2C, 0x5A, 0x2C, 0x5A, 0x2C, 0x5A,
    0x2C, 0x5A, 0x2C, 0x5A, 0x09, 0x6A, 0x08, 0x63, 0x08, 0x63, 0x08, 0x63, 0x08, 0x63, 0x08, 0x63,
    0x09, 0x6A, 0x95, 0x16, 0x95, 0x16, 0x09, 0x6A, 0x09, 0x6A, 0x2C, 0x5A, 0x2C, 0x5A, 0x2C, 0x5A,
    0x2C, 0x5A, 0x2C, 0x5A, 0x09, 0x6A, 0x08, 0x63, 0x08, 0x63, 0x08, 0x63, 0x08, 0x63, 0x08, 0x63,
    0x08, 0x63, 0x4A, 0xAD, 0x4A, 0xAD, 0x08, 0x63, 0x08, 0x63, 0x5D, 0xBD, 0xB7, 0x5F, 0x2C, 0x5A,
    0x2C, 0x5A, 0x2C, 0x5A, 0x09, 0x6A, 0x08, 0x63, 0x08, 0x63, 0x08, 0x63, 0x08, 0x63, 0x08, 0x63,
    0x08, 0x63, 0x08, 0x63, 0x08, 0x63, 0x08, 0x63, 0x08, 0x63, 0x5D, 0xBD, 0xB7, 0x5F, 0x2C, 0x5A,
    0x2C, 0x5A, 0x2C, 0x5A, 0x09, 0x6A, 0x08, 0x63, 0x08, 0x63, 0x08, 0x63, 0x08, 0x63, 0x08, 0x63,
    0x08, 0x63, 0x08, 0x63, 0x10, 0xC5, 0x08, 0x63, 0xD6, 0xFD, 0x95, 0x16, 0x95, 0x16, 0x95, 0x16,
    0x95, 0x16, 0x95, 0x16, 0x95, 0x16, 0x4A, 0xAD, 0x08, 0x63, 0x08, 0x63, 0x08, 0x63, 0x08, 0x63,
    0x08, 0x63, 0x08, 0x63, 0x08, 0x63, 0x08, 0x63, 0xD6, 0xFD, 0x95, 0x16, 0x95, 0x16, 0x95, 0x16,
    0x95, 0x16, 0x95, 0x16, 0x95, 0x16, 0x4A, 0xAD, 0x08, 0x63, 0x08, 0x63, 0x08, 0x63, 0x08, 0x63,
    0x08, 0x63, 0x08, 0x63, 0x08, 0x63, 0x08, 0x63, 0x08, 0x63, 0x5D, 0xBD, 0xB7, 0x5F, 0x2C, 0x5A,
    0x2C, 0x5A, 0x2C, 0x5A, 0x09, 0x6A, 0x08, 0x63, 0x08, 0x63, 0x08, 0x63, 0x08, 0x63, 0x08, 0x63,
    0x08, 0x63, 0x08, 0x63, 0x08, 0x63, 0x08, 0x63, 0x08, 0x63, 0x5D, 0xBD, 0xB7, 0x5F, 0x2C, 0x5A,
    0x2C, 0x5A, 0x2C, 0x5A, 0x09, 0x6A, 0x08, 0x63, 0x08, 0x63, 0x08, 0x63, 0x08, 0x63, 0x08, 0x63,
    0x08, 0x63, 0x08, 0x63, 0x08, 0x63, 0x08, 0x63, 0xD6, 0xFD, 0x95, 0x16, 0x95, 0x16, 0x95, 0x16,
    0x95, 0x16, 0x95, 0x16, 0x95, 0x16, 0x4A, 0xAD, 0x08, 0x63, 0x08, 0x63, 0x08, 0x63, 0x08, 0x63,
    0x08, 0x63, 0x08, 0x63, 0x08, 0x63, 0x08, 0x63, 0xD6, 0xFD, 0x95, 0x16, 0x95, 0x16, 0x95, 0x16,
    0x95, 0x16, 0x95, 0x16, 0x95, 0x16, 0x4A, 0xAD, 0x08, 0x63, 0x08, 0x63, 0x08, 0x63, 0x08, 0x63,
    0x08, 0x63, 0x08, 0x63, 0x08, 0x63, 0x08, 0x63, 0x08, 0x63, 0x5D, 0xBD, 0xB7, 0x5F, 0x2C, 0x5A,
    0x2C, 0x5A, 0x2C, 0x5A, 0x09, 0x6A, 0x08, 0x63, 0x08, 0x63, 0x08, 0x63, 0x08, 0x63, 0x08, 0x63,
    0x08, 0x63, 0x08, 0x63, 0x08, 0x63, 0x08, 0x63, 0x08, 0x63, 0x5D, 0xBD, 0xB7, 0x5F, 0x2C, 0x5A,
    0x2C, 0x5A, 0x2C, 0x5A, 0x09, 0x6A, 0x08, 0x63, 0x08, 0x63, 0x08, 0x63, 0x08, 0x63, 0x08, 0x63,
    0x08, 0x63, 0x08, 0x63, 0x10, 0xC5, 0x08, 0x63, 0x08, 0x63, 0x5D, 0xBD, 0xB7, 0x5F, 0x2C, 0x5A,
    0x2C, 0x5A, 0x2C, 0x5A, 0x09, 0x6A, 0x08, 0x63, 0x08, 0x63, 0x08, 0x63, 0x08, 0x63, 0x08, 0x63,
    0x08, 0x63, 0x08, 0x63, 0x08, 0x63, 0x08, 0x63, 0x08, 0x63, 0x5D, 0xBD, 0xB7, 0x5F, 0x2C, 0x5A,
    0x2C, 0x5A, 0x2C, 0x5A, 0x09, 0x6A, 0x08, 0x63, 0x08, 0x63, 0x08, 0x63, 0x08, 0x63, 0x08, 0x63,
    0x08, 0x63, 0x08, 0x63, 0x08, 0x63, 0x08, 0x63, 0x08, 0x63, 0x5D, 0xBD, 0xB7, 0x5F, 0x2C, 0x5A,
    0x2C, 0x5A, 0x2C, 0x5A, 0x09, 0x6A, 0x08, 0x63, 0x08, 0x63, 0x08, 0x63, 0x08, 0x63, 0x08, 0x63,
    0x08, 0x63, 0x08, 0x63, 0x08, 0x63, 0x08, 0x63, 0x08, 0x63, 0x5D, 0xBD, 0xB7, 0x5F, 0x2C, 0x5A,
    0x2C, 0x5A, 0x2C, 0x5A, 0x09, 0x6A, 0x08, 0x63, 0x08, 0x63, 0x08, 0x63, 0x08, 0x63, 0x08, 0x63,
    0x08, 0x63, 0x08, 0x63, 0x08, 0x63, 0x08, 0x63, 0x08, 0x63, 0x5D, 0xBD, 0xB7, 0x5F, 0x2C, 0x5A,
    0x2C, 0x5A, 0x2C, 0x5A, 0x09, 0x6A, 0x08, 0x63, 0x08, 0x63, 0x08, 0x63, 0x08, 0x63, 0x08, 0x63,
    0x08, 0x63, 0x08, 0x63, 0x08, 0x63, 0x08, 0x63, 0x08, 0x63, 0x5D, 0xBD, 0xB7, 0x5F, 0x2C, 0x5A,
    0x2C, 0x5A, 0x2C, 0x5A, 0x09, 0x6A, 0x08, 0x63, 0x08, 0x63, 0x08, 0x63, 0x08, 0x63, 0x08, 0x63,
    0x08, 0x63, 0x08, 0x63, 0x08, 0x63, 0x08, 0x63, 0x08, 0x63, 0x5D, 0xBD, 0xB7, 0x5F, 0x2C, 0x5A,
    0x2C, 0x5A, 0x2C, 0x5A, 0x09, 0x6A, 0x08, 0x63, 0x08, 0x63, 0x08, 0x63, 0x08, 0x63, 0x08, 0x63,
    0x08, 0x63, 0x08, 0x63, 0x08, 0x63, 0x08, 0x63, 0x08, 0x63, 0x5D, 0xBD, 0xB7, 0x5F, 0x2C, 0x5A,
    0x2C, 0x5A, 0x2C, 0x5A, 0x09, 0x6A, 0x08, 0x63, 0x08, 0x63, 0x08, 0x63, 0x08, 0x63, 0x08, 0x63,
    0x08, 0x63, 0x08, 0x63, 0x10, 0xC5, 0x08, 0x63, 0xD6, 0xFD, 0x95, 0x16, 0x95, 0x16, 0x95, 0x16,
    0x95, 0x16, 0x95, 0x16, 0x95, 0x16, 0x4A, 0xAD, 0x08, 0x63, 0x08, 0x63, 0x08, 0x63, 0x08, 0x63,
    0x08, 0x63, 0x08, 0x63, 0x08, 0x63, 0x08, 0x63, 0xD6, 0xFD, 0x95, 0x16, 0x95, 0x16, 0x95, 0x16,
    0x95, 0x16, 0x95, 0x16, 0x95, 0x16, 0x4A, 0xAD, 0x08, 0x63, 0x08, 0x63, 0x08, 0x63, 0x08, 0x63,
    0x08, 0x63, 0x08, 0x63, 0x08, 0x63, 0x08, 0x63, 0x08, 0x63, 0x5D, 0xBD, 0xB7, 0x5F, 0x2C, 0x5A,
    0x2C, 0x5A, 0x2C, 0x5A, 0x09, 0x6A, 0x08, 0x63, 0x08, 0x63, 0x08, 0x63, 0x08, 0x63, 0x08, 0x63,
    0x08, 0x63, 0x08, 0x63, 0x08, 0x63, 0x08, 0x63, 0x08, 0x63, 0x08, 0x63, 0x08, 0x63, 0x08, 0x63,
    0x08, 0x63, 0x08, 0x63, 0x08, 0x63, 0x08, 0x63, 0x08, 0x63, 0x08, 0x63, 0x08, 0x63, 0x08, 0x63,
    0x08, 0x63, 0x08, 0x63, 0x08, 0x63, 0x08, 0x63, 0x08, 0x63, 0x08, 0x63, 0x08, 0x63, 0x08, 0x63,
    0x08, 0x63, 0x08, 0x63, 0x08, 0x63, 0x08, 0x63, 0x08, 0x63, 0x08, 0x63, 0x08, 0x63, 0x08, 0x63,
    0x08, 0x63, 0x08, 0x63, 0x08, 0x63, 0x08, 0x63, 0x08, 0x63, 0x08, 0x63, 0x08, 0x63, 0x08, 0x63,
    0x08, 0x63, 0x08, 0x63, 0x08, 0x63, 0x08, 0x63, 0x08, 0x63, 0x08, 0x63, 0x08, 0x63, 0x08, 0x63,
    0x08, 0x63, 0x08, 0x63, 0x08, 0x63, 0x08, 0x63, 0x08, 0x63, 0x08, 0x63, 0x08, 0x63, 0x08, 0x63,
    0x08, 0x63, 0x08, 0x63, 0x08, 0x63, 0x08, 0x63, 0x08, 0x63, 0x08, 0x63, 0x08, 0x63, 0x08, 0x63,
    0x08, 0x63, 0xD6, 0xFD, 0xD6, 0xFD, 0x08, 0x63, 0x08, 0x63, 0x08, 0x63, 0x08, 0x63, 0x08, 0x63,
    0x08, 0x63, 0x08, 0x63, 0x08, 0x63, 0x08, 0x63, 0x08, 0x63, 0xD6, 0xFD, 0xD6, 0xFD, 0x08, 0x63,
    0x5D, 0xBD, 0x95, 0x16, 0x95, 0x16, 0x5D, 0xBD, 0x5D, 0xBD, 0x5D, 0xBD, 0x5D, 0xBD, 0x5D, 0xBD,
    0x5D, 0xBD, 0x5D, 0xBD, 0x5D, 0xBD, 0x5D, 0xBD, 0x5D, 0xBD, 0x95, 0x16, 0x95, 0x16, 0x5D, 0xBD,
    0xB7, 0x5F, 0x95, 0x16, 0x95, 0x16, 0xB7, 0x5F, 0xB7, 0x5F, 0xB7, 0x5F, 0xB7, 0x5F, 0xB7, 0x5F,
    0xB7, 0x5F, 0xB7, 0x5F, 0xB7, 0x5F, 0xB7, 0x5F, 0xB7, 0x5F, 0x95, 0x16, 0x95, 0x16, 0xB7, 0x5F,
    0x2C, 0x5A, 0x95, 0x16, 0x95, 0x16, 0x2C, 0x5A, 0x2C, 0x5A, 0x2C, 0x5A, 0x2C, 0x5A, 0x2C, 0x5A,
    0x2C, 0x5A, 0x2C, 0x5A, 0x2C, 0x5A, 0x2C, 0x5A, 0x2C, 0x5A, 0x95, 0x16, 0x95, 0x16, 0x2C, 0x5A,
    0x2C, 0x5A, 0x95, 0x16, 0x95, 0x16, 0x2C, 0x5A, 0x2C, 0x5A, 0x2C, 0x5A, 0x2C, 0x5A, 0x2C, 0x5A,
    0x2C, 0x5A, 0x2C, 0x5A, 0x2C, 0x5A, 0x2C, 0x5A, 0x2C, 0x5A, 0x95, 0x16, 0x95, 0x16, 0x2C, 0x5A,
    0x2C, 0x5A, 0x95, 0x16, 0x95, 0x16, 0x2C, 0x5A, 0x2C, 0x5A, 0x2C, 0x5A, 0x2C, 0x5A, 0x2C, 0x5A,
    0x2C, 0x5A, 0x2C, 0x5A, 0x2C, 0x5A, 0x2C, 0x5A, 0x2C, 0x5A, 0x95, 0x16, 0x95, 0x16, 0x2C, 0x5A,
    0x09, 0x6A, 0x95, 0x16, 0x95, 0x16, 0x09, 0x6A, 0x09, 0x6A, 0x09, 0x6A, 0x09, 0x6A, 0x09, 0x6A,
    0x09, 0x6A, 0x09, 0x6A, 0x09, 0x6A, 0x09, 0x6A, 0x09, 0x6A, 0x95, 0x16, 0x95, 0x16, 0x09, 0x6A,
    0x08, 0x63, 0x4A, 0xAD, 0x4A, 0xAD, 0x08, 0x63, 0x08, 0x63, 0x08, 0x63, 0x08, 0x63, 0x08, 0x63,
    0x08, 0x63, 0x08, 0x63, 0x08, 0x63, 0x08, 0x63, 0x08, 0x63, 0x4A, 0xAD, 0x4A, 0xAD, 0x08, 0x63,
    0x08, 0x63, 0x08, 0x63, 0x08, 0x63, 0x08, 0x63, 0x08, 0x63, 0x08, 0x63, 0x08, 0x63, 0x08, 0x63,
    0x08, 0x63, 0x08, 0x63, 0x08, 0x63, 0x08, 0x63, 0x08, 0x63, 0x08, 0x63, 0x08, 0x63, 0x08, 0x63,
    0x08, 0x63, 0x08, 0x63, 0x10, 0xC5, 0x08, 0x63, 0x08, 0x63, 0x08, 0x63, 0x08, 0x63, 0x08, 0x63,
    0x08, 0x63, 0x08, 0x63, 0x10, 0xC5, 0x08, 0x63, 0x08, 0x63, 0x08, 0x63, 0x08, 0x63, 0x08, 0x63,
    0x08, 0x63, 0x08, 0x63, 0x08, 0x63, 0x08, 0x63, 0x08, 0x63, 0x08, 0x63, 0x08, 0x63, 0x08, 0x63,
    0x08, 0x63, 0x08, 0x63, 0x08, 0x63, 0x08, 0x63, 0x08, 0x63, 0x08, 0x63, 0x08, 0x63, 0x08, 0x63,
    0x08, 0x63, 0x08, 0x63, 0x08, 0x63, 0x08, 0x63, 0x08, 0x63, 0x08, 0x63, 0x08, 0x63, 0x08, 0x63,
    0x08, 0x63, 0x08, 0x63, 0x08, 0x63, 0x08, 0x63, 0x08, 0x63, 0x08, 0x63, 0x08, 0x63, 0x08, 0x63,
};

static const uint8_t wfc_tile_dungeon[12800u] = {
    0x7B, 0x6C, 0x7B, 0x6C, 0x7B, 0x6C, 0x7B, 0x6C, 0x7B, 0x6C, 0x7B, 0x6C, 0x7B, 0x6C, 0x7B, 0x6C,
    0x7B, 0x6C, 0x7B, 0x6C, 0x7B, 0x6C, 0x7B, 0x6C, 0x7B, 0x6C, 0x7B, 0x6C, 0x7B, 0x6C, 0x7B, 0x6C,
    0x7B, 0x6C, 0xD6, 0x77, 0xD6, 0x77, 0xD6, 0x77, 0xD6, 0x77, 0xD6, 0x77, 0xD6, 0x77, 0xD6, 0x77,
    0x7B, 0x6C, 0xD6, 0x77, 0xD6, 0x77, 0xD6, 0x77, 0xD6, 0x77, 0xD6, 0x77, 0xD6, 0x77, 0xD6, 0x77,
    0x7B, 0x6C, 0xA4, 0xF1, 0xA4, 0xF1, 0xA4, 0xF1, 0xA4, 0xF1, 0xA4, 0xF1, 0xA4, 0xF1, 0xA4, 0xF1,
    0x7B, 0x6C, 0xA4, 0xF1, 0xA4, 0xF1, 0xA4, 0xF1, 0xA4, 0xF1, 0xA4, 0xF1, 0xA4, 0xF1, 0xA4, 0xF1,
    0x7B, 0x6C, 0xA4, 0xF1, 0xA4, 0xF1, 0xA4, 0xF1, 0xA4, 0xF1, 0xA4, 0xF1, 0xA4, 0xF1, 0xA4, 0xF1,
    0x7B, 0x6C, 0xA4, 0xF1, 0xA4, 0xF1, 0xA4, 0xF1, 0xA4, 0xF1, 0xA4, 0xF1, 0xA4, 0xF1, 0xA4, 0xF1,
    0x7B, 0x6C, 0x7B, 0x6C, 0x7B, 0x6C, 0x7B, 0x6C, 0x7B, 0x6C, 0x7B, 0x6C, 0x7B, 0x6C, 0x7B, 0x6C,
    0x7B, 0x6C, 0x7B, 0x6C, 0x7B, 0x6C, 0x7B, 0x6C, 0x7B, 0x6C, 0x7B, 0x6C, 0x7B, 0x6C, 0x7B, 0x6C,
    0xD6, 0x77, 0xD6, 0x77, 0xD6, 0x77, 0xD6, 0x77, 0x7B, 0x6C, 0xD6, 0x77, 0xD6, 0x77, 0xD6, 0x77,
    0xD6, 0x77, 0xD6, 0x77, 0xD6, 0x77, 0xD6, 0x77, 0x7B, 0x6C, 0xD6, 0x77, 0xD6, 0x77, 0xD6, 0x77,
    0xA4, 0xF1, 0xA4, 0xF1, 0xA4, 0xF1, 0xA4, 0xF1, 0x7B, 0x6C, 0xA4, 0xF1, 0xA4, 0xF1, 0xA4, 0xF1,
    0xA4, 0xF1, 0xA4, 0xF1, 0xA4, 0xF1, 0xA4, 0xF1, 0x7B, 0x6C, 0xA4, 0xF1, 0xA4, 0xF1, 0xA4, 0xF1,
    0xA4, 0xF1, 0xA4, 0xF1, 0xA4, 0xF1, 0xA4, 0xF1, 0x7B, 0x6C, 0xA4, 0xF1, 0xA4, 0xF1, 0xA4, 0xF1,
    0xA4, 0xF1, 0xA4, 0xF1, 0xA4, 0xF1, 0xA4, 0xF1, 0x7B, 0x6C, 0xA4, 0xF1, 0xA4, 0xF1, 0xA4, 0xF1,
    0x7B, 0x6C, 0x7B, 0x6C, 0x7B, 0x6C, 0x7B, 0x6C, 0x7B, 0x6C, 0x7B, 0x6C, 0x7B, 0x6C, 0x7B, 0x6C,
    0x7B, 0x6C, 0x7B, 0x6C, 0x7B, 0x6C, 0x7B, 0x6C, 0x7B, 0x6C, 0x7B, 0x6C, 0x7B, 0x6C, 0x7B, 0x6C,
    0x7B, 0x6C, 0xD6, 0x77, 0xD6, 0x77, 0xD6, 0x77, 0xD6, 0x77, 0xD6, 0x77, 0xD6, 0x77, 0xD6, 0x77,
    0x7B, 0x6C, 0xD6, 0x77, 0xD6, 0x77, 0xD6, 0x77, 0xD6, 0x77, 0xD6, 0x77, 0xD6, 0x77, 0xD6, 0x77,
    0x7B, 0x6C, 0xA4, 0xF1, 0xA4, 0xF1, 0xA4, 0xF1, 0xA4, 0xF1, 0xA4, 0xF1, 0xA4, 0xF1, 0xA4, 0xF1,
    0x7B, 0x6C, 0xA4, 0xF1, 0xA4, 0xF1, 0xA4, 0xF1, 0xA4, 0xF1, 0xA4, 0xF1, 0xA4, 0xF1, 0xA4, 0xF1,
    0x7B, 0x6C, 0xA4, 0xF1, 0xA4, 0xF1, 0xA4, 0xF1, 0xA4, 0xF1, 0xA4, 0xF1, 0xA4, 0xF1, 0xA4, 0xF1,
    0x7B, 0x6C, 0xA4, 0xF1, 0xA4, 0xF1, 0xA4, 0xF1, 0xA4, 0xF1, 0xA4, 0xF1, 0xA4, 0xF1, 0xA4, 0xF1,
    0x7B, 0x6C, 0x7B, 0x6C, 0x7B, 0x6C, 0x7B, 0x6C, 0x7B, 0x6C, 0x7B, 0x6C, 0x7B, 0x6C, 0x7B, 0x6C,
    0x7B, 0x6C, 0x7B, 0x6C, 0x7B, 0x6C, 0x7B, 0x6C, 0x7B, 0x6C, 0x7B, 0x6C, 0x7B, 0x6C, 0x7B, 0x6C,
    0xD6, 0x77, 0xD6, 0x77, 0xD6, 0x77, 0xD6, 0x77, 0x7B, 0x6C, 0xD6, 0x77, 0xD6, 0x77, 0xD6, 0x77,
    0xD6, 0x77, 0xD6, 0x77, 0xD6, 0x77, 0xD6, 0x77, 0x7B, 0x6C, 0xD6, 0x77, 0xD6, 0x77, 0xD6, 0x77,
    0xA4, 0xF1, 0xA4, 0xF1, 0xA4, 0xF1, 0xA4, 0xF1, 0x7B, 0x6C, 0xA4, 0xF1, 0xA4, 0xF1, 0xA4, 0xF1,
    0xA4, 0xF1, 0xA4, 0xF1, 0xA4, 0xF1, 0xA4, 0xF1, 0x7B, 0x6C, 0xA4, 0xF1, 0xA4, 0xF1, 0xA4, 0xF1,
    0xA4, 0xF1, 0xA4, 0xF1, 0xA4, 0xF1, 0xA4, 0xF1, 0x7B, 0x6C, 0xA4, 0xF1, 0xA4, 0xF1, 0xA4, 0xF1,
    0xA4, 0xF1, 0xA4, 0xF1, 0xA4, 0xF1, 0xA4, 0xF1, 0x7B, 0x6C, 0xA4, 0xF1, 0xA4, 0xF1, 0xA4, 0xF1,
    0x7B, 0x6C, 0x7B, 0x6C, 0x7B, 0x6C, 0x7B, 0x6C, 0x7B, 0x6C, 0x7B, 0x6C, 0x7B, 0x6C, 0x7B, 0x6C,
    0x7B, 0x6C, 0x7B, 0x6C, 0x7B, 0x6C, 0x7B, 0x6C, 0x7B, 0x6C, 0x7B, 0x6C, 0x7B, 0x6C, 0x7B, 0x6C,
    0x7B, 0x6C, 0xD6, 0x77, 0xD6, 0x77, 0xD6, 0x77, 0xD6, 0x77, 0xD6, 0x77, 0xD6, 0x77, 0xD6, 0x77,
    0x7B, 0x6C, 0xD6, 0x77, 0xD6, 0x77, 0xD6, 0x77, 0xD6, 0x77, 0xD6, 0x77, 0xD6, 0x77, 0xD6, 0x77,
    0x7B, 0x6C, 0xA4, 0xF1, 0xA4, 0xF1, 0xA4, 0xF1, 0xA4, 0xF1, 0xA4, 0xF1, 0xA4, 0xF1, 0xA4, 0xF1,
    0x7B, 0x6C, 0xA4, 0xF1, 0xA4, 0xF1, 0xA4, 0xF1, 0xA4, 0xF1, 0xA4, 0xF1, 0xA4, 0xF1, 0xA4, 0xF1,
    0x20, 0xE4, 0x20, 0xE4, 0x20, 0xE4, 0x20, 0xE4, 0x20, 0xE4, 0x20, 0xE4, 0x20, 0xE4, 0x20, 0xE4,
    0x20, 0xE4, 0x20, 0xE4, 0x20, 0xE4, 0x20, 0xE4, 0x20, 0xE4, 0xA4, 0xF1, 0xA4, 0xF1, 0xA4, 0xF1,
    0x29, 0x46, 0x31, 0x87, 0x31, 0x87, 0x31, 0x87, 0x31, 0x87, 0x31, 0x87, 0x31, 0x87, 0x31, 0x87,
    0x29, 0x46, 0x29, 0x66, 0x29, 0x66, 0x29, 0x66, 0x29, 0x66, 0x7B, 0x6C, 0x7B, 0x6C, 0x7B, 0x6C,
    0x29, 0x46, 0x31, 0x87, 0x31, 0x87, 0x31, 0x87, 0x31, 0x87, 0x31, 0x87, 0x31, 0x87, 0x31, 0x87,
    0x29, 0x46, 0x29, 0x66, 0x29, 0x66, 0x29, 0x66, 0x29, 0x66, 0xD6, 0x77, 0xD6, 0x77, 0xD6, 0x77,
    0x29, 0x46, 0x31, 0x87, 0x31, 0x87, 0x31, 0x87, 0x31, 0x87, 0x31, 0x87, 0x31, 0x87, 0x31, 0x87,
    0x29, 0x46, 0x29, 0x66, 0x29, 0x66, 0x29, 0x66, 0x29, 0x66, 0xA4, 0xF1, 0xA4, 0xF1, 0xA4, 0xF1,
    0x29, 0x46, 0x31, 0x87, 0x31, 0x87, 0x31, 0x87, 0x31, 0x87, 0x31, 0x87, 0x31, 0x87, 0x31, 0x87,
    0x29, 0x46, 0x29, 0x66, 0x29, 0x66, 0x29, 0x66, 0x29, 0x66, 0xA4, 0xF1, 0xA4, 0xF1, 0xA4, 0xF1,
    0x29, 0x46, 0x29, 0x46, 0x29, 0x46, 0x29, 0x46, 0x29, 0x46, 0x29, 0x46, 0x29, 0x46, 0x29, 0x46,
    0x29, 0x46, 0x29, 0x46, 0x29, 0x46, 0x29, 0x46, 0x29, 0x46, 0x7B, 0x6C, 0x7B, 0x6C, 0x7B, 0x6C,
    0x29, 0x46, 0x29, 0x66, 0x29, 0x66, 0x29, 0x66, 0x29, 0x66, 0x29, 0x66, 0x29, 0x66, 0x29, 0x66,
    0x29, 0x46, 0x31, 0x87, 0x31, 0x87, 0x31, 0x87, 0x31, 0x87, 0xD6, 0x77, 0xD6, 0x77, 0xD6, 0x77,
    0x29, 0x46, 0x29, 0x66, 0x29, 0x66, 0x29, 0x66, 0x29, 0x66, 0x29, 0x66, 0x29, 0x66, 0x29, 0x66,
    0x29, 0x46, 0x31, 0x87, 0x31, 0x87, 0x31, 0x87, 0x31, 0x87, 0xA4, 0xF1, 0xA4, 0xF1, 0xA4, 0xF1,
    0x29, 0x46, 0x29, 0x66, 0x29, 0x66, 0x29, 0x66, 0x29, 0x66, 0x29, 0x66, 0x29, 0x66, 0x29, 0x66,
    0x29, 0x46, 0x31, 0x87, 0x31, 0x87, 0x31, 0x87, 0x31, 0x87, 0xA4, 0xF1, 0xA4, 0xF1, 0xA4, 0xF1,
    0x29, 0x46, 0x29, 0x66, 0x29, 0x66, 0x29, 0x66, 0x29, 0x66, 0x29, 0x66, 0x29, 0x66, 0x29, 0x66,
    0x29, 0x46, 0x31, 0x87, 0x31, 0x87, 0x31, 0x87, 0x31, 0x87, 0x7B, 0x6C, 0x7B, 0x6C, 0x7B, 0x6C,
    0x29, 0x46, 0x29, 0x66, 0x29, 0x66, 0x29, 0x66, 0x29, 0x66, 0x29, 0x66, 0x29, 0x66, 0x29, 0x66,
    0x29, 0x46, 0x31, 0x87, 0x31, 0x87, 0x31, 0x87, 0x31, 0x87, 0xD6, 0x77, 0xD6, 0x77, 0xD6, 0x77,
    0x29, 0x46, 0x29, 0x66, 0x29, 0x66, 0x29, 0x66, 0x29, 0x66, 0x29, 0x66, 0x29, 0x66, 0x29, 0x66,
    0x29, 0x46, 0x31, 0x87, 0x31, 0x87, 0x31, 0x87, 0x31, 0x87, 0xA4, 0xF1, 0xA4, 0xF1, 0xA4, 0xF1,
    0x29, 0x46, 0x29, 0x66, 0x29, 0x66, 0x29, 0x66, 0x29, 0x66, 0x29, 0x66, 0x29, 0x66, 0x29, 0x66,
    0x29, 0x46, 0x31, 0x87, 0x31, 0x87, 0x31, 0x87, 0x31, 0x87, 0xA4, 0xF1, 0xA4, 0xF1, 0xA4, 0xF1,
    0x7B, 0x6C, 0x7B, 0x6C, 0x7B, 0x6C, 0x7B, 0x6C, 0x7B, 0x6C, 0x7B, 0x6C, 0x7B, 0x6C, 0x7B, 0x6C,
    0x7B, 0x6C, 0x7B, 0x6C, 0x7B, 0x6C, 0x7B, 0x6C, 0x7B, 0x6C, 0x7B, 0x6C, 0x7B, 0x6C, 0x7B, 0x6C,
    0x7B, 0x6C, 0xD6, 0x77, 0xD6, 0x77, 0xD6, 0x77, 0xD6, 0x77, 0xD6, 0x77, 0xD6, 0x77, 0xD6, 0x77,
    0x7B, 0x6C, 0xD6, 0x77, 0xD6, 0x77, 0xD6, 0x77, 0xD6, 0x77, 0xD6, 0x77, 0xD6, 0x77, 0xD6, 0x77,
    0x7B, 0x6C, 0xA4, 0xF1, 0xA4, 0xF1, 0xA4, 0xF1, 0xA4, 0xF1, 0xA4, 0xF1, 0xA4, 0xF1, 0xA4, 0xF1,
    0x7B, 0x6C, 0xA4, 0xF1, 0xA4, 0xF1, 0xA4, 0xF1, 0xA4, 0xF1, 0xA4, 0xF1, 0xA4, 0xF1, 0xA4, 0xF1,
    0x7B, 0x6C, 0xA4, 0xF1, 0xA4, 0xF1, 0x20, 0xE4, 0x20, 0xE4, 0x20, 0xE4, 0x20, 0xE4, 0x20, 0xE4,
    0x20, 0xE4, 0x20, 0xE4, 0x20, 0xE4, 0x20, 0xE4, 0x20, 0xE4, 0x20, 0xE4, 0x20, 0xE4, 0x20, 0xE4,
    0x7B, 0x6C, 0x7B, 0x6C, 0x7B, 0x6C, 0x31, 0x87, 0x31, 0x87, 0x31, 0x87, 0x31, 0x87, 0x31, 0x87,
    0x29, 0x46, 0x29, 0x66, 0x29, 0x66, 0x29, 0x66, 0x29, 0x66, 0x29, 0x66, 0x29, 0x66, 0x29, 0x66,
    0xD6, 0x77, 0xD6, 0x77, 0xD6, 0x77, 0x31, 0x87, 0x31, 0x87, 0x31, 0x87, 0x31, 0x87, 0x31, 0x87,
    0x29, 0x46, 0x29, 0x66, 0x29, 0x66, 0x29, 0x66, 0x29, 0x66, 0x29, 0x66, 0x29, 0x66, 0x29, 0x66,
    0xA4, 0xF1, 0xA4, 0xF1, 0xA4, 0xF1, 0x31, 0x87, 0x31, 0x87, 0x31, 0x87, 0x31, 0x87, 0x31, 0x87,
    0x29, 0x46, 0x29, 0x66, 0x29, 0x66, 0x29, 0x66, 0x29, 0x66, 0x29, 0x66, 0x29, 0x66, 0x29, 0x66,
    0xA4, 0xF1, 0xA4, 0xF1, 0xA4, 0xF1, 0x31, 0x87, 0x31, 0x87, 0x31, 0x87, 0x31, 0x87, 0x31, 0x87,
    0x29, 0x46, 0x29, 0x66, 0x29, 0x66, 0x29, 0x66, 0x29, 0x66, 0x29, 0x66, 0x29, 0x66, 0x29, 0x66,
    0x7B, 0x6C, 0x7B, 0x6C, 0x7B, 0x6C, 0x29, 0x46, 0x29, 0x46, 0x29, 0x46, 0x29, 0x46, 0x29, 0x46,
    0x29, 0x46, 0x29, 0x46, 0x29, 0x46, 0x29, 0x46, 0x29, 0x46, 0x29, 0x46, 0x29, 0x46, 0x29, 0x46,
    0x7B, 0x6C, 0xD6, 0x77, 0xD6, 0x77, 0x29, 0x66, 0x29, 0x66, 0x29, 0x66, 0x29, 0x66, 0x29, 0x66,
    0x29, 0x46, 0x31, 0x87, 0x31, 0x87, 0x31, 0x87, 0x31, 0x87, 0x31, 0x87, 0x31, 0x87, 0x31, 0x87,
    0x7B, 0x6C, 0xA4, 0xF1, 0xA4, 0xF1, 0x29, 0x66, 0x29, 0x66, 0x29, 0x66, 0x29, 0x66, 0x29, 0x66,
    0x29, 0x46, 0x31, 0x87, 0x31, 0x87, 0x31, 0x87, 0x31, 0x87, 0x31, 0x87, 0x31, 0x87, 0x31, 0x87,
    0x7B, 0x6C, 0xA4, 0xF1, 0xA4, 0xF1, 0x29, 0x66, 0x29, 0x66, 0x29, 0x66, 0x29, 0x66, 0x29, 0x66,
    0x29, 0x46, 0x31, 0x87, 0x31, 0x87, 0x31, 0x87, 0x31, 0x87, 0x31, 0x87, 0x31, 0x87, 0x31, 0x87,
    0x7B, 0x6C, 0x7B, 0x6C, 0x7B, 0x6C, 0x29, 0x66, 0x29, 0x66, 0x29, 0x66, 0x29, 0x66, 0x29, 0x66,
    0x29, 0x46, 0x31, 0x87, 0x31, 0x87, 0x31, 0x87, 0x31, 0x87, 0x31, 0x87, 0x31, 0x87, 0x31, 0x87,
    0xD6, 0x77, 0xD6, 0x77, 0xD6, 0x77, 0x29, 0x66, 0x29, 0x66, 0x29, 0x66, 0x29, 0x66, 0x29, 0x66,
    0x29, 0x46, 0x31, 0x87, 0x31, 0x87, 0x31, 0x87, 0x31, 0x87, 0x31, 0x87, 0x31, 0x87, 0x31, 0x87,
    0xA4, 0xF1, 0xA4, 0xF1, 0xA4, 0xF1, 0x29, 0x66, 0x29, 0x66, 0x29, 0x66, 0x29, 0x66, 0x29, 0x66,
    0x29, 0x46, 0x31, 0x87, 0x31, 0x87, 0x31, 0x87, 0x31, 0x87, 0x31, 0x87, 0x31, 0x87, 0x31, 0x87,
    0xA4, 0xF1, 0xA4, 0xF1, 0xA4, 0xF1, 0x29, 0x66, 0x29, 0x66, 0x29, 0x66, 0x29, 0x66, 0x29, 0x66,
    0x29, 0x46, 0x31, 0x87, 0x31, 0x87, 0x31, 0x87, 0x31, 0x87, 0x31, 0x87, 0x31, 0x87, 0x31, 0x87,
    0x7B, 0x6C, 0x7B, 0x6C, 0x7B, 0x6C, 0x7B, 0x6C, 0x7B, 0x6C, 0x7B, 0x6C, 0x7B, 0x6C, 0x7B, 0x6C,
    0x7B, 0x6C, 0x7B, 0x6C, 0x7B, 0x6C, 0x7B, 0x6C, 0x7B, 0x6C, 0x7B, 0x6C, 0x7B, 0x6C, 0x7B, 0x6C,
    0x7B, 0x6C, 0xD6, 0x77, 0xD6, 0x77, 0xD6, 0x77, 0xD6, 0x77, 0xD6, 0x77, 0xD6, 0x77, 0xD6, 0x77,
    0x7B, 0x6C, 0xD6, 0x77, 0xD6, 0x77, 0xD6, 0x77, 0xD6, 0x77, 0xD6, 0x77, 0xD6, 0x77, 0xD6, 0x77,
    0x7B, 0x6C, 0xA4, 0xF1, 0xA4, 0xF1, 0xA4, 0xF1, 0xA4, 0xF1, 0xA4, 0xF1, 0xA4, 0xF1, 0xA4, 0xF1,
    0x7B, 0x6C, 0xA4, 0xF1, 0xA4, 0xF1, 0xA4, 0xF1, 0xA4, 0xF1, 0xA4, 0xF1, 0xA4, 0xF1, 0xA4, 0xF1,
    0x20, 0xE4, 0x20, 0xE4, 0x20, 0xE4, 0x20, 0xE4, 0x20, 0xE4, 0x20, 0xE4, 0x20, 0xE4, 0x20, 0xE4,
    0x20, 0xE4, 0x20, 0xE4, 0x20, 0xE4, 0x20, 0xE4, 0x20, 0xE4, 0x20, 0xE4, 0x20, 0xE4, 0x20, 0xE4,
    0x29, 0x46, 0x31, 0x87, 0x31, 0x87, 0x31, 0x87, 0x31, 0x87, 0x31, 0x87, 0x31, 0x87, 0x31, 0x87,
    0x29, 0x46, 0x29, 0x66, 0x29, 0x66, 0x29, 0x66, 0x29, 0x66, 0x29, 0x66, 0x29, 0x66, 0x29, 0x66,
    0x29, 0x46, 0x31, 0x87, 0x31, 0x87, 0x31, 0x87, 0x31, 0x87, 0x31, 0x87, 0x31, 0x87, 0x31, 0x87,
    0x29, 0x46, 0x29, 0x66, 0x29, 0x66, 0x29, 0x66, 0x29, 0x66, 0x29, 0x66, 0x29, 0x66, 0x29, 0x66,
    0x29, 0x46, 0x31, 0x87, 0x31, 0x87, 0x31, 0x87, 0x31, 0x87, 0x31, 0x87, 0x31, 0x87, 0x31, 0x87,
    0x29, 0x46, 0x29, 0x66, 0x29, 0x66, 0x29, 0x66, 0x29, 0x66, 0x29, 0x66, 0x29, 0x66, 0x29, 0x66,
    0x29, 0x46, 0x31, 0x87, 0x31, 0x87, 0x31, 0x87, 0x31, 0x87, 0x31, 0x87, 0x31, 0x87, 0x31, 0x87,
    0x29, 0x46, 0x29, 0x66, 0x29, 0x66, 0x29, 0x66, 0x29, 0x66, 0x29, 0x66, 0x29, 0x66, 0x29, 0x66,
    0x29, 0x46, 0x29, 0x46, 0x29, 0x46, 0x29, 0x46, 0x29, 0x46, 0x29, 0x46, 0x29, 0x46, 0x29, 0x46,
    0x29, 0x46, 0x29, 0x46, 0x29, 0x46, 0x29, 0x46, 0x29, 0x46, 0x29, 0x46, 0x29, 0x46, 0x29, 0x46,
    0x29, 0x46, 0x29, 0x66, 0x29, 0x66, 0x29, 0x66, 0x29, 0x66, 0x29, 0x66, 0x29, 0x66, 0x29, 0x66,
    0x29, 0x46, 0x31, 0x87, 0x31, 0x87, 0x31, 0x87, 0x31, 0x87, 0x31, 0x87, 0x31, 0x87, 0x31, 0x87,
    0x29, 0x46, 0x29, 0x66, 0x29, 0x66, 0x29, 0x66, 0x29, 0x66, 0x29, 0x66, 0x29, 0x66, 0x29, 0x66,
    0x29, 0x46, 0x31, 0x87, 0x31, 0x87, 0x31, 0x87, 0x31, 0x87, 0x31, 0x87, 0x31, 0x87, 0x31, 0x87,
    0x29, 0x46, 0x29, 0x66, 0x29, 0x66, 0x29, 0x66, 0x29, 0x66, 0x29, 0x66, 0x29, 0x66, 0x29, 0x66,
    0x29, 0x46, 0x31, 0x87, 0x31, 0x87, 0x31, 0x87, 0x31, 0x87, 0x31, 0x87, 0x31, 0x87, 0x31, 0x87,
    0x29, 0x46, 0x29, 0x66, 0x29, 0x66, 0x29, 0x66, 0x29, 0x66, 0x29, 0x66, 0x29, 0x66, 0x29, 0x66,
    0x29, 0x46, 0x31, 0x87, 0x31, 0x87, 0x31, 0x87, 0x31, 0x87, 0x31, 0x87, 0x31, 0x87, 0x31, 0x87,
    0x29, 0x46, 0x29, 0x66, 0x29, 0x66, 0x29, 0x66, 0x29, 0x66, 0x29, 0x66, 0x29, 0x66, 0x29, 0x66,
    0x29, 0x46, 0x31, 0x87, 0x31, 0x87, 0x31, 0x87, 0x31, 0x87, 0x31, 0x87, 0x31, 0x87, 0x31, 0x87,
    0x29, 0x46, 0x29, 0x66, 0x29, 0x66, 0x29, 0x66, 0x29, 0x66, 0x29, 0x66, 0x29, 0x66, 0x29, 0x66,
    0x29, 0x46, 0x31, 0x87, 0x31, 0x87, 0x31, 0x87, 0x31, 0x87, 0x31, 0x87, 0x31, 0x87, 0x31, 0x87,
    0x29, 0x46, 0x29, 0x66, 0x29, 0x66, 0x29, 0x66, 0x29, 0x66, 0x29, 0x66, 0x29, 0x66, 0x29, 0x66,
    0x29, 0x46, 0x31, 0x87, 0x31, 0x87, 0x31, 0x87, 0x31, 0x87, 0x31, 0x87, 0x31, 0x87, 0x31, 0x87,
    0x7B, 0x6C, 0x7B, 0x6C, 0x7B, 0x6C, 0x29, 0x46, 0x29, 0x46, 0x29, 0x46, 0x29, 0x46, 0x29, 0x46,
    0x29, 0x46, 0x29, 0x46, 0x29, 0x46, 0x29, 0x46, 0x29, 0x46, 0x29, 0x46, 0x29, 0x46, 0x29, 0x46,
    0x7B, 0x6C, 0xD6, 0x77, 0xD6, 0x77, 0x31, 0x87, 0x31, 0x87, 0x31, 0x87, 0x31, 0x87, 0x31, 0x87,
    0x29, 0x46, 0x29, 0x66, 0x29, 0x66, 0x29, 0x66, 0x29, 0x66, 0x29, 0x66, 0x29, 0x66, 0x29, 0x66,
    0x7B, 0x6C, 0xA4, 0xF1, 0xA4, 0xF1, 0x31, 0x87, 0x31, 0x87, 0x31, 0x87, 0x31, 0x87, 0x31, 0x87,
    0x29, 0x46, 0x29, 0x66, 0x29, 0x66, 0x29, 0x66, 0x29, 0x66, 0x29, 0x66, 0x29, 0x66, 0x29, 0x66,
    0x7B, 0x6C, 0xA4, 0xF1, 0xA4, 0xF1, 0x31, 0x87, 0x31, 0x87, 0x31, 0x87, 0x31, 0x87, 0x31, 0x87,
    0x29, 0x46, 0x29, 0x66, 0x29, 0x66, 0x29, 0x66, 0x29, 0x66, 0x29, 0x66, 0x29, 0x66, 0x29, 0x66,
    0x7B, 0x6C, 0x7B, 0x6C, 0x7B, 0x6C, 0x31, 0x87, 0x31, 0x87, 0x31, 0x87, 0x31, 0x87, 0x31, 0x87,
    0x29, 0x46, 0x29, 0x66, 0x29, 0x66, 0x29, 0x66, 0x29, 0x66, 0x29, 0x66, 0x29, 0x66, 0x29, 0x66,
    0xD6, 0x77, 0xD6, 0x77, 0xD6, 0x77, 0x31, 0x87, 0x31, 0x87, 0x31, 0x87, 0x31, 0x87, 0x31, 0x87,
    0x29, 0x46, 0x29, 0x66, 0x29, 0x66, 0x29, 0x66, 0x29, 0x66, 0x29, 0x66, 0x29, 0x66, 0x29, 0x66,
    0xA4, 0xF1, 0xA4, 0xF1, 0xA4, 0xF1, 0x31, 0x87, 0x31, 0x87, 0x31, 0x87, 0x31, 0x87, 0x31, 0x87,
    0x29, 0x46, 0x29, 0x66, 0x29, 0x66, 0x29, 0x66, 0x29, 0x66, 0x29, 0x66, 0x29, 0x66, 0x29, 0x66,
    0xA4, 0xF1, 0xA4, 0xF1, 0xA4, 0xF1, 0x31, 0x87, 0x31, 0x87, 0x31, 0x87, 0x31, 0x87, 0x31, 0x87,
    0x29, 0x46, 0x29, 0x66, 0x29, 0x66, 0x29, 0x66, 0x29, 0x66, 0x29, 0x66, 0x29, 0x66, 0x29, 0x66,
    0x7B, 0x6C, 0x7B, 0x6C, 0x7B, 0x6C, 0x29, 0x46, 0x29, 0x46, 0x29, 0x46, 0x29, 0x46, 0x29, 0x46,
    0x29, 0x46, 0x29, 0x46, 0x29, 0x46, 0x29, 0x46, 0x29, 0x46, 0x29, 0x46, 0x29, 0x46, 0x29, 0x46,
    0x7B, 0x6C, 0xD6, 0x77, 0xD6, 0x77, 0x29, 0x66, 0x29, 0x66, 0x29, 0x66, 0x29, 0x66, 0x29, 0x66,
    0x29, 0x46, 0x31, 0x87, 0x31, 0x87, 0x31, 0x87, 0x31, 0x87, 0x31, 0x87, 0x31, 0x87, 0x31, 0x87,
    0x7B, 0x6C, 0xA4, 0xF1, 0xA4, 0xF1, 0x29, 0x66, 0x29, 0x66, 0x29, 0x66, 0x29, 0x66, 0x29, 0x66,
    0x29, 0x46, 0x31, 0x87, 0x31, 0x87, 0x31, 0x87, 0x31, 0x87, 0x31, 0x87, 0x31, 0x87, 0x31, 0x87,
    0x7B, 0x6C, 0xA4, 0xF1, 0xA4, 0xF1, 0x29, 0x66, 0x29, 0x66, 0x29, 0x66, 0x29, 0x66, 0x29, 0x66,
    0x29, 0x46, 0x31, 0x87, 0x31, 0x87, 0x31, 0x87, 0x31, 0x87, 0x31, 0x87, 0x31, 0x87, 0x31, 0x87,
    0x7B, 0x6C, 0x7B, 0x6C, 0x7B, 0x6C, 0x29, 0x66, 0x29, 0x66, 0x29, 0x66, 0x29, 0x66, 0x29, 0x66,
    0x29, 0x46, 0x31, 0x87, 0x31, 0x87, 0x31, 0x87, 0x31, 0x87, 0x31, 0x87, 0x31, 0x87, 0x31, 0x87,
    0xD6, 0x77, 0xD6, 0x77, 0xD6, 0x77, 0xD6, 0x77, 0xD6, 0x77, 0xD6, 0x77, 0xD6, 0x77, 0xD6, 0x77,
    0xD6, 0x77, 0xD6, 0x77, 0xD6, 0x77, 0xD6, 0x77, 0xD6, 0x77, 0xD6, 0x77, 0xD6, 0x77, 0xD6, 0x77,
    0xA4, 0xF1, 0xA4, 0xF1, 0xA4, 0xF1, 0xA4, 0xF1, 0x7B, 0x6C, 0xA4, 0xF1, 0xA4, 0xF1, 0xA4, 0xF1,
    0xA4, 0xF1, 0xA4, 0xF1, 0xA4, 0xF1, 0xA4, 0xF1, 0x7B, 0x6C, 0xA4, 0xF1, 0xA4, 0xF1, 0xA4, 0xF1,
    0xA4, 0xF1, 0xA4, 0xF1, 0xA4, 0xF1, 0xA4, 0xF1, 0x7B, 0x6C, 0xA4, 0xF1, 0xA4, 0xF1, 0xA4, 0xF1,
    0xA4, 0xF1, 0xA4, 0xF1, 0xA4, 0xF1, 0xA4, 0xF1, 0x7B, 0x6C, 0xA4, 0xF1, 0xA4, 0xF1, 0xA4, 0xF1,
    0x7B, 0x6C, 0x7B, 0x6C, 0x7B, 0x6C, 0x29, 0x46, 0x29, 0x46, 0x29, 0x46, 0x29, 0x46, 0x29, 0x46,
    0x29, 0x46, 0x29, 0x46, 0x29, 0x46, 0x29, 0x46, 0x29, 0x46, 0x29, 0x46, 0x29, 0x46, 0x29, 0x46,
    0x7B, 0x6C, 0xD6, 0x77, 0xD6, 0x77, 0x31, 0x87, 0x31, 0x87, 0x31, 0x87, 0x31, 0x87, 0x31, 0x87,
    0x29, 0x46, 0x29, 0x66, 0x29, 0x66, 0x29, 0x66, 0x29, 0x66, 0x29, 0x66, 0x29, 0x66, 0x29, 0x66,
    0x7B, 0x6C, 0xA4, 0xF1, 0xA4, 0xF1, 0x31, 0x87, 0x31, 0x87, 0x31, 0x87, 0x31, 0x87, 0x31, 0x87,
    0x29, 0x46, 0x29, 0x66, 0x29, 0x66, 0x29, 0x66, 0x29, 0x66, 0x29, 0x66, 0x29, 0x66, 0x29, 0x66,
    0x20, 0xE4, 0x20, 0xE4, 0x20, 0xE4, 0x31, 0x87, 0x31, 0x87, 0x31, 0x87, 0x31, 0x87, 0x31, 0x87,
    0x29, 0x46, 0x29, 0x66, 0x29, 0x66, 0x29, 0x66, 0x29, 0x66, 0x29, 0x66, 0x29, 0x66, 0x29, 0x66,
    0x29, 0x46, 0x31, 0x87, 0x31, 0x87, 0x31, 0x87, 0x31, 0x87, 0x31, 0x87, 0x31, 0x87, 0x31, 0x87,
    0x29, 0x46, 0x29, 0x66, 0x29, 0x66, 0x29, 0x66, 0x29, 0x66, 0x29, 0x66, 0x29, 0x66, 0x29, 0x66,
    0x29, 0x46, 0x31, 0x87, 0x31, 0x87, 0x31, 0x87, 0x31, 0x87, 0x31, 0x87, 0x31, 0x87, 0x31, 0x87,
    0x29, 0x46, 0x29, 0x66, 0x29, 0x66, 0x29, 0x66, 0x29, 0x66, 0x29, 0x66, 0x29, 0x66, 0x29, 0x66,
    0x29, 0x46, 0x31, 0x87, 0x31, 0x87, 0x31, 0x87, 0x31, 0x87, 0x31, 0x87, 0x31, 0x87, 0x31, 0x87,
    0x29, 0x46, 0x29, 0x66, 0x29, 0x66, 0x29, 0x66, 0x29, 0x66, 0x29, 0x66, 0x29, 0x66, 0x29, 0x66,
    0x29, 0x46, 0x31, 0x87, 0x31, 0x87, 0x31, 0x87, 0x31, 0x87, 0x31, 0x87, 0x31, 0x87, 0x31, 0x87,
    0x29, 0x46, 0x29, 0x66, 0x29, 0x66, 0x29, 0x66, 0x29, 0x66, 0x29, 0x66, 0x29, 0x66, 0x29, 0x66,
    0x29, 0x46, 0x29, 0x46, 0x29, 0x46, 0x29, 0x46, 0x29, 0x46, 0x29, 0x46, 0x29, 0x46, 0x29, 0x46,
    0x29, 0x46, 0x29, 0x46, 0x29, 0x46, 0x29, 0x46, 0x29, 0x46, 0x29, 0x46, 0x29, 0x46, 0x29, 0x46,
    0x29, 0x46, 0x29, 0x66, 0x29, 0x66, 0x29, 0x66, 0x29, 0x66, 0x29, 0x66, 0x29, 0x66, 0x29, 0x66,
    0x29, 0x46, 0x31, 0x87, 0x31, 0x87, 0x31, 0x87, 0x31, 0x87, 0x31, 0x87, 0x31, 0x87, 0x31, 0x87,
    0x29, 0x46, 0x29, 0x66, 0x29, 0x66, 0x29, 0x66, 0x29, 0x66, 0x29, 0x66, 0x29, 0x66, 0x29, 0x66,
    0x29, 0x46, 0x31, 0x87, 0x31, 0x87, 0x31, 0x87, 0x31, 0x87, 0x31, 0x87, 0x31, 0x87, 0x31, 0x87,
    0x29, 0x46, 0x29, 0x66, 0x29, 0x66, 0x29, 0x66, 0x29, 0x66, 0x29, 0x66, 0x29, 0x66, 0x29, 0x66,
    0x29, 0x46, 0x31, 0x87, 0x31, 0x87, 0x31, 0x87, 0x31, 0x87, 0x31, 0x87, 0x31, 0x87, 0x31, 0x87,
    0x29, 0x46, 0x29, 0x66, 0x29, 0x66, 0x29, 0x66, 0x29, 0x66, 0x29, 0x66, 0x29, 0x66, 0x29, 0x66,
    0x29, 0x46, 0x31, 0x87, 0x31, 0x87, 0x31, 0x87, 0x31, 0x87, 0x31, 0x87, 0x31, 0x87, 0x31, 0x87,
    0x29, 0x46, 0x29, 0x66, 0x29, 0x66, 0x29, 0x66, 0x29, 0x66, 0x29, 0x66, 0x29, 0x66, 0x29, 0x66,
    0x29, 0x46, 0x31, 0x87, 0x31, 0x87, 0x31, 0x87, 0x31, 0x87, 0xD6, 0x77, 0xD6, 0x77, 0xD6, 0x77,
    0x29, 0x46, 0x29, 0x66, 0x29, 0x66, 0x29, 0x66, 0x29, 0x66, 0x29, 0x66, 0x29, 0x66, 0x29, 0x66,
    0x29, 0x46, 0x31, 0x87, 0x31, 0x87, 0x31, 0x87, 0x31, 0x87, 0xA4, 0xF1, 0xA4, 0xF1, 0xA4, 0xF1,
    0x29, 0x46, 0x29, 0x66, 0x29, 0x66, 0x29, 0x66, 0x29, 0x66, 0x29, 0x66, 0x29, 0x66, 0x29, 0x66,
    0x29, 0x46, 0x31, 0x87, 0x31, 0x87, 0x31, 0x87, 0x31, 0x87, 0xA4, 0xF1, 0xA4, 0xF1, 0xA4, 0xF1,
    0x7B, 0x6C, 0x7B, 0x6C, 0x7B, 0x6C, 0x29, 0x46, 0x29, 0x46, 0x29, 0x46, 0x29, 0x46, 0x29, 0x46,
    0x29, 0x46, 0x29, 0x46, 0x29, 0x46, 0x29, 0x46, 0x29, 0x46, 0x29, 0x46, 0x29, 0x46, 0x29, 0x46,
    0x7B, 0x6C, 0xD6, 0x77, 0xD6, 0x77, 0x31, 0x87, 0x31, 0x87, 0x31, 0x87, 0x31, 0x87, 0x31, 0x87,
    0x29, 0x46, 0x29, 0x66, 0x29, 0x66, 0x29, 0x66, 0x29, 0x66, 0x29, 0x66, 0x29, 0x66, 0x29, 0x66,
    0x7B, 0x6C, 0xA4, 0xF1, 0xA4, 0xF1, 0x31, 0x87, 0x31, 0x87, 0x31, 0x87, 0x31, 0x87, 0x31, 0x87,
    0x29, 0x46, 0x29, 0x66, 0x29, 0x66, 0x29, 0x66, 0x29, 0x66, 0x29, 0x66, 0x29, 0x66, 0x29, 0x66,
    0x7B, 0x6C, 0xA4, 0xF1, 0xA4, 0xF1, 0x31, 0x87, 0x31, 0x87, 0x31, 0x87, 0x31, 0x87, 0x31, 0x87,
    0x29, 0x46, 0x29, 0x66, 0x29, 0x66, 0x29, 0x66, 0x29, 0x66, 0x29, 0x66, 0x29, 0x66, 0x29, 0x66,
    0x7B, 0x6C, 0x7B, 0x6C, 0x7B, 0x6C, 0x31, 0x87, 0x31, 0x87, 0x31, 0x87, 0x31, 0x87, 0x31, 0x87,
    0x29, 0x46, 0x29, 0x66, 0x29, 0x66, 0x29, 0x66, 0x29, 0x66, 0x29, 0x66, 0x29, 0x66, 0x29, 0x66,
    0xD6, 0x77, 0xD6, 0x77, 0xD6, 0x77, 0x31, 0x87, 0x31, 0x87, 0x31, 0x87, 0x31, 0x87, 0x31, 0x87,
    0x29, 0x46, 0x29, 0x66, 0x29, 0x66, 0x29, 0x66, 0x29, 0x66, 0x29, 0x66, 0x29, 0x66, 0x29, 0x66,
    0xA4, 0xF1, 0xA4, 0xF1, 0xA4, 0xF1, 0x31, 0x87, 0x31, 0x87, 0x31, 0x87, 0x31, 0x87, 0x31, 0x87,
    0x29, 0x46, 0x29, 0x66, 0x29, 0x66, 0x29, 0x66, 0x29, 0x66, 0x29, 0x66, 0x29, 0x66, 0x29, 0x66,
    0xA4, 0xF1, 0xA4, 0xF1, 0xA4, 0xF1, 0x31, 0x87, 0x31, 0x87, 0x31, 0x87, 0x31, 0x87, 0x31, 0x87,
    0x29, 0x46, 0x29, 0x66, 0x29, 0x66, 0x29, 0x66, 0x29, 0x66, 0x29, 0x66, 0x29, 0x66, 0x29, 0x66,
    0x7B, 0x6C, 0x7B, 0x6C, 0x7B, 0x6C, 0x29, 0x46, 0x29, 0x46, 0x29, 0x46, 0x29, 0x46, 0x29, 0x46,
    0x29, 0x46, 0x29, 0x46, 0x29, 0x46, 0x29, 0x46, 0x29, 0x46, 0x29, 0x46, 0x29, 0x46, 0x29, 0x46,
    0x7B, 0x6C, 0xD6, 0x77, 0xD6, 0x77, 0x29, 0x66, 0x29, 0x66, 0x29, 0x66, 0x29, 0x66, 0x29, 0x66,
    0x29, 0x46, 0x31, 0x87, 0x31, 0x87, 0x31, 0x87, 0x31, 0x87, 0x31, 0x87, 0x31, 0x87, 0x31, 0x87,
    0x7B, 0x6C, 0xA4, 0xF1, 0xA4, 0xF1, 0x29, 0x66, 0x29, 0x66, 0x29, 0x66, 0x29, 0x66, 0x29, 0x66,
    0x29, 0x46, 0x31, 0x87, 0x31, 0x87, 0x31, 0x87, 0x31, 0x87, 0x31, 0x87, 0x31, 0x87, 0x31, 0x87,
    0x7B, 0x6C, 0xA4, 0xF1, 0xA4, 0xF1, 0x29, 0x66, 0x29, 0x66, 0x29, 0x66, 0x29, 0x66, 0x29, 0x66,
    0x29, 0x46, 0x31, 0x87, 0x31, 0x87, 0x31, 0x87, 0x31, 0x87, 0x31, 0x87, 0x31, 0x87, 0x31, 0x87,
    0x7B, 0x6C, 0x7B, 0x6C, 0x7B, 0x6C, 0x29, 0x66, 0x29, 0x66, 0x29, 0x66, 0x29, 0x66, 0x29, 0x66,
    0x29, 0x46, 0x31, 0x87, 0x31, 0x87, 0x31, 0x87, 0x31, 0x87, 0x31, 0x87, 0x31, 0x87, 0x31, 0x87,
    0xD6, 0x77, 0xD6, 0x77, 0xD6, 0x77, 0x29, 0x66, 0x29, 0x66, 0x29, 0x66, 0x29, 0x66, 0x29, 0x66,
    0x29, 0x46, 0x31, 0x87, 0x31, 0x87, 0x31, 0x87, 0x31, 0x87, 0x31, 0x87, 0x31, 0x87, 0x31, 0x87,
    0xA4, 0xF1, 0xA4, 0xF1, 0xA4, 0xF1, 0x29, 0x66, 0x29, 0x66, 0x29, 0x66, 0x29, 0x66, 0x29, 0x66,
    0x29, 0x46, 0x31, 0x87, 0x31, 0x87, 0x31, 0x87, 0x31, 0x87, 0x31, 0x87, 0x31, 0x87, 0x31, 0x87,
    0xA4, 0xF1, 0xA4, 0xF1, 0xA4, 0xF1, 0x29, 0x66, 0x29, 0x66, 0x29, 0x66, 0x29, 0x66, 0x29, 0x66,
    0x29, 0x46, 0x31, 0x87, 0x31, 0x87, 0x31, 0x87, 0x31, 0x87, 0x31, 0x87, 0x31, 0x87, 0x31, 0x87,
    0x7B, 0x6C, 0x7B, 0x6C, 0x7B, 0x6C, 0x29, 0x46, 0x29, 0x46, 0x29, 0x46, 0x29, 0x46, 0x29, 0x46,
    0x29, 0x46, 0x29, 0x46, 0x29, 0x46, 0x29, 0x46, 0x29, 0x46, 0x29, 0x46, 0x29, 0x46, 0x29, 0x46,
    0x7B, 0x6C, 0xD6, 0x77, 0xD6, 0x77, 0x31, 0x87, 0x31, 0x87, 0x31, 0x87, 0x31, 0x87, 0x31, 0x87,
    0x29, 0x46, 0x29, 0x66, 0x29, 0x66, 0x29, 0x66, 0x29, 0x66, 0x29, 0x66, 0x29, 0x66, 0x29, 0x66,
    0x7B, 0x6C, 0xA4, 0xF1, 0xA4, 0xF1, 0x31, 0x87, 0x31, 0x87, 0x31, 0x87, 0x31, 0x87, 0x31, 0x87,
    0x29, 0x46, 0x29, 0x66, 0x29, 0x66, 0x29, 0x66, 0x29, 0x66, 0x29, 0x66, 0x29, 0x66, 0x29, 0x66,
    0x20, 0xE4, 0x20, 0xE4, 0x20, 0xE4, 0x31, 0x87, 0x31, 0x87, 0x31, 0x87, 0x31, 0x87, 0x31, 0x87,
    0x29, 0x46, 0x29, 0x66, 0x29, 0x66, 0x29, 0x66, 0x29, 0x66, 0x29, 0x66, 0x29, 0x66, 0x29, 0x66,
    0x29, 0x46, 0x31, 0x87, 0x31, 0x87, 0x31, 0x87, 0x31, 0x87, 0x31, 0x87, 0x31, 0x87, 0x31, 0x87,
    0x29, 0x46, 0x29, 0x66, 0x29, 0x66, 0x29, 0x66, 0x29, 0x66, 0x29, 0x66, 0x29, 0x66, 0x29, 0x66,
    0x29, 0x46, 0x31, 0x87, 0x31, 0x87, 0x31, 0x87, 0x31, 0x87, 0x31, 0x87, 0x31, 0x87, 0x31, 0x87,
    0x29, 0x46, 0x29, 0x66, 0x29, 0x66, 0x29, 0x66, 0x29, 0x66, 0x29, 0x66, 0x29, 0x66, 0x29, 0x66,
    0x29, 0x46, 0x31, 0x87, 0x31, 0x87, 0x31, 0x87, 0x31, 0x87, 0x31, 0x87, 0x31, 0x87, 0x31, 0x87,
    0x29, 0x46, 0x29, 0x66, 0x29, 0x66, 0x29, 0x66, 0x29, 0x66, 0x29, 0x66, 0x29, 0x66, 0x29, 0x66,
    0x29, 0x46, 0x31, 0x87, 0x31, 0x87, 0x31, 0x87, 0x31, 0x87, 0x31, 0x87, 0x31, 0x87, 0x31, 0x87,
    0x29, 0x46, 0x29, 0x66, 0x29, 0x66, 0x29, 0x66, 0x29, 0x66, 0x29, 0x66, 0x29, 0x66, 0x29, 0x66,
    0x29, 0x46, 0x29, 0x46, 0x29, 0x46, 0x29, 0x46, 0x29, 0x46, 0x29, 0x46, 0x29, 0x46, 0x29, 0x46,
    0x29, 0x46, 0x29, 0x46, 0x29, 0x46, 0x29, 0x46, 0x29, 0x46, 0x29, 0x46, 0x29, 0x46, 0x29, 0x46,
    0x29, 0x46, 0x29, 0x66, 0x29, 0x66, 0x29, 0x66, 0x29, 0x66, 0x29, 0x66, 0x29, 0x66, 0x29, 0x66,
    0x29, 0x46, 0x31, 0x87, 0x31, 0x87, 0x31, 0x87, 0x31, 0x87, 0x31, 0x87, 0x31, 0x87, 0x31, 0x87,
    0x29, 0x46, 0x29, 0x66, 0x29, 0x66, 0x29, 0x66, 0x29, 0x66, 0x29, 0x66, 0x29, 0x66, 0x29, 0x66,
    0x29, 0x46, 0x31, 0x87, 0x31, 0x87, 0x31, 0x87, 0x31, 0x87, 0x31, 0x87, 0x31, 0x87, 0x31, 0x87,
    0x29, 0x46, 0x29, 0x66, 0x29, 0x66, 0x29, 0x66, 0x29, 0x66, 0x29, 0x66, 0x29, 0x66, 0x29, 0x66,
    0x29, 0x46, 0x31, 0x87, 0x31, 0x87, 0x31, 0x87, 0x31, 0x87, 0x31, 0x87, 0x31, 0x87, 0x31, 0x87,
    0x29, 0x46, 0x29, 0x66, 0x29, 0x66, 0x29, 0x66, 0x29, 0x66, 0x29, 0x66, 0x29, 0x66, 0x29, 0x66,
    0x29, 0x46, 0x31, 0x87, 0x31, 0x87, 0x31, 0x87, 0x31, 0x87, 0x31, 0x87, 0x31, 0x87, 0x31, 0x87,
    0x29, 0x46, 0x29, 0x66, 0x29, 0x66, 0x29, 0x66, 0x29, 0x66, 0x29, 0x66, 0x29, 0x66, 0x29, 0x66,
    0x29, 0x46, 0x31, 0x87, 0x31, 0x87, 0x31, 0x87, 0x31, 0x87, 0x31, 0x87, 0x31, 0x87, 0x31, 0x87,
    0x29, 0x46, 0x29, 0x66, 0x29, 0x66, 0x29, 0x66, 0x29, 0x66, 0x29, 0x66, 0x29, 0x66, 0x29, 0x66,
    0x29, 0x46, 0x31, 0x87, 0x31, 0x87, 0x31, 0x87, 0x31, 0x87, 0x31, 0x87, 0x31, 0x87, 0x31, 0x87,
    0x29, 0x46, 0x29, 0x66, 0x29, 0x66, 0x29, 0x66, 0x29, 0x66, 0x29, 0x66, 0x29, 0x66, 0x29, 0x66,
    0x29, 0x46, 0x31, 0x87, 0x31, 0x87, 0x31, 0x87, 0x31, 0x87, 0x31, 0x87, 0x31, 0x87, 0x31, 0x87,
    0x29, 0x46, 0x29, 0x46, 0x29, 0x46, 0x29, 0x46, 0x29, 0x46, 0x29, 0x46, 0x29, 0x46, 0x29, 0x46,
    0x29, 0x46, 0x29, 0x46, 0x29, 0x46, 0x29, 0x46, 0x29, 0x46, 0x7B, 0x6C, 0x7B, 0x6C, 0x7B, 0x6C,
    0x29, 0x46, 0x31, 0x87, 0x31, 0x87, 0x31, 0x87, 0x31, 0x87, 0x31, 0x87, 0x31, 0x87, 0x31, 0x87,
    0x29, 0x46, 0x29, 0x66, 0x29, 0x66, 0x29, 0x66, 0x29, 0x66, 0xD6, 0x77, 0xD6, 0x77, 0xD6, 0x77,
    0x29, 0x46, 0x31, 0x87, 0x31, 0x87, 0x31, 0x87, 0x31, 0x87, 0x31, 0x87, 0x31, 0x87, 0x31, 0x87,
    0x29, 0x46, 0x29, 0x66, 0x29, 0x66, 0x29, 0x66, 0x29, 0x66, 0xA4, 0xF1, 0xA4, 0xF1, 0xA4, 0xF1,
    0x29, 0x46, 0x31, 0x87, 0x31, 0x87, 0x31, 0x87, 0x31, 0x87, 0x31, 0x87, 0x31, 0x87, 0x31, 0x87,
    0x29, 0x46, 0x29, 0x66, 0x29, 0x66, 0x29, 0x66, 0x29, 0x66, 0xA4, 0xF1, 0xA4, 0xF1, 0xA4, 0xF1,
    0x29, 0x46, 0x31, 0x87, 0x31, 0x87, 0x31, 0x87, 0x31, 0x87, 0x31, 0x87, 0x31, 0x87, 0x31, 0x87,
    0x29, 0x46, 0x29, 0x66, 0x29, 0x66, 0x29, 0x66, 0x29, 0x66, 0x7B, 0x6C, 0x7B, 0x6C, 0x7B, 0x6C,
    0x29, 0x46, 0x31, 0x87, 0x31, 0x87, 0x31, 0x87, 0x31, 0x87, 0x31, 0x87, 0x31, 0x87, 0x31, 0x87,
    0x29, 0x46, 0x29, 0x66, 0x29, 0x66, 0x29, 0x66, 0x29, 0x66, 0xD6, 0x77, 0xD6, 0x77, 0xD6, 0x77,
    0x29, 0x46, 0x31, 0x87, 0x31, 0x87, 0x31, 0x87, 0x31, 0x87, 0x31, 0x87, 0x31, 0x87, 0x31, 0x87,
    0x29, 0x46, 0x29, 0x66, 0x29, 0x66, 0x29, 0x66, 0x29, 0x66, 0xA4, 0xF1, 0xA4, 0xF1, 0xA4, 0xF1,
    0x29, 0x46, 0x31, 0x87, 0x31, 0x87, 0x31, 0x87, 0x31, 0x87, 0x31, 0x87, 0x31, 0x87, 0x31, 0x87,
    0x29, 0x46, 0x29, 0x66, 0x29, 0x66, 0x29, 0x66, 0x29, 0x66, 0xA4, 0xF1, 0xA4, 0xF1, 0xA4, 0xF1,
    0x29, 0x46, 0x29, 0x46, 0x29, 0x46, 0x29, 0x46, 0x29, 0x46, 0x29, 0x46, 0x29, 0x46, 0x29, 0x46,
    0x29, 0x46, 0x29, 0x46, 0x29, 0x46, 0x29, 0x46, 0x29, 0x46, 0x7B, 0x6C, 0x7B, 0x6C, 0x7B, 0x6C,
    0x29, 0x46, 0x29, 0x66, 0x29, 0x66, 0x29, 0x66, 0x29, 0x66, 0x29, 0x66, 0x29, 0x66, 0x29, 0x66,
    0x29, 0x46, 0x31, 0x87, 0x31, 0x87, 0x31, 0x87, 0x31, 0x87, 0xD6, 0x77, 0xD6, 0x77, 0xD6, 0x77,
    0x29, 0x46, 0x29, 0x66, 0x29, 0x66, 0x29, 0x66, 0x29, 0x66, 0x29, 0x66, 0x29, 0x66, 0x29, 0x66,
    0x29, 0x46, 0x31, 0x87, 0x31, 0x87, 0x31, 0x87, 0x31, 0x87, 0xA4, 0xF1, 0xA4, 0xF1, 0xA4, 0xF1,
    0x29, 0x46, 0x29, 0x66, 0x29, 0x66, 0x29, 0x66, 0x29, 0x66, 0x29, 0x66, 0x29, 0x66, 0x29, 0x66,
    0x29, 0x46, 0x31, 0x87, 0x31, 0x87, 0x31, 0x87, 0x31, 0x87, 0xA4, 0xF1, 0xA4, 0xF1, 0xA4, 0xF1,
    0x29, 0x46, 0x29, 0x66, 0x29, 0x66, 0x29, 0x66, 0x29, 0x66, 0x29, 0x66, 0x29, 0x66, 0x29, 0x66,
    0x29, 0x46, 0x31, 0x87, 0x31, 0x87, 0x31, 0x87, 0x31, 0x87, 0x7B, 0x6C, 0x7B, 0x6C, 0x7B, 0x6C,
    0xD6, 0x77, 0xD6, 0x77, 0xD6, 0x77, 0xD6, 0x77, 0xD6, 0x77, 0xD6, 0x77, 0xD6, 0x77, 0xD6, 0x77,
    0xD6, 0x77, 0xD6, 0x77, 0xD6, 0x77, 0xD6, 0x77, 0xD6, 0x77, 0xD6, 0x77, 0xD6, 0x77, 0xD6, 0x77,
    0xA4, 0xF1, 0xA4, 0xF1, 0xA4, 0xF1, 0xA4, 0xF1, 0x7B, 0x6C, 0xA4, 0xF1, 0xA4, 0xF1, 0xA4, 0xF1,
    0xA4, 0xF1, 0xA4, 0xF1, 0xA4, 0xF1, 0xA4, 0xF1, 0x7B, 0x6C, 0xA4, 0xF1, 0xA4, 0xF1, 0xA4, 0xF1,
    0xA4, 0xF1, 0xA4, 0xF1, 0xA4, 0xF1, 0xA4, 0xF1, 0x7B, 0x6C, 0xA4, 0xF1, 0xA4, 0xF1, 0xA4, 0xF1,
    0xA4, 0xF1, 0xA4, 0xF1, 0xA4, 0xF1, 0xA4, 0xF1, 0x7B, 0x6C, 0xA4, 0xF1, 0xA4, 0xF1, 0xA4, 0xF1,
    0x29, 0x46, 0x29, 0x46, 0x29, 0x46, 0x29, 0x46, 0x29, 0x46, 0x29, 0x46, 0x29, 0x46, 0x29, 0x46,
    0x29, 0x46, 0x29, 0x46, 0x29, 0x46, 0x29, 0x46, 0x29, 0x46, 0x7B, 0x6C, 0x7B, 0x6C, 0x7B, 0x6C,
    0x29, 0x46, 0x31, 0x87, 0x31, 0x87, 0x31, 0x87, 0x31, 0x87, 0x31, 0x87, 0x31, 0x87, 0x31, 0x87,
    0x29, 0x46, 0x29, 0x66, 0x29, 0x66, 0x29, 0x66, 0x29, 0x66, 0xD6, 0x77, 0xD6, 0x77, 0xD6, 0x77,
    0x29, 0x46, 0x31, 0x87, 0x31, 0x87, 0x31, 0x87, 0x31, 0x87, 0x31, 0x87, 0x31, 0x87, 0x31, 0x87,
    0x29, 0x46, 0x29, 0x66, 0x29, 0x66, 0x29, 0x66, 0x29, 0x66, 0xA4, 0xF1, 0xA4, 0xF1, 0xA4, 0xF1,
    0x29, 0x46, 0x31, 0x87, 0x31, 0x87, 0x31, 0x87, 0x31, 0x87, 0x31, 0x87, 0x31, 0x87, 0x31, 0x87,
    0x29, 0x46, 0x29, 0x66, 0x29, 0x66, 0x29, 0x66, 0x29, 0x66, 0xA4, 0xF1, 0xA4, 0xF1, 0xA4, 0xF1,
    0x29, 0x46, 0x31, 0x87, 0x31, 0x87, 0x31, 0x87, 0x31, 0x87, 0x31, 0x87, 0x31, 0x87, 0x31, 0x87,
    0x29, 0x46, 0x29, 0x66, 0x29, 0x66, 0x29, 0x66, 0x29, 0x66, 0x7B, 0x6C, 0x7B, 0x6C, 0x7B, 0x6C,
    0x29, 0x46, 0x31, 0x87, 0x31, 0x87, 0x31, 0x87, 0x31, 0x87, 0x31, 0x87, 0x31, 0x87, 0x31, 0x87,
    0x29, 0x46, 0x29, 0x66, 0x29, 0x66, 0x29, 0x66, 0x29, 0x66, 0xD6, 0x77, 0xD6, 0x77, 0xD6, 0x77,
    0x29, 0x46, 0x31, 0x87, 0x31, 0x87, 0x31, 0x87, 0x31, 0x87, 0x31, 0x87, 0x31, 0x87, 0x31, 0x87,
    0x29, 0x46, 0x29, 0x66, 0x29, 0x66, 0x29, 0x66, 0x29, 0x66, 0xA4, 0xF1, 0xA4, 0xF1, 0xA4, 0xF1,
    0x29, 0x46, 0x31, 0x87, 0x31, 0x87, 0x31, 0x87, 0x31, 0x87, 0x31, 0x87, 0x31, 0x87, 0x31, 0x87,
    0x29, 0x46, 0x29, 0x66, 0x29, 0x66, 0x29, 0x66, 0x29, 0x66, 0xA4, 0xF1, 0xA4, 0xF1, 0xA4, 0xF1,
    0x29, 0x46, 0x29, 0x46, 0x29, 0x46, 0x29, 0x46, 0x29, 0x46, 0x29, 0x46, 0x29, 0x46, 0x29, 0x46,
    0x29, 0x46, 0x29, 0x46, 0x29, 0x46, 0x29, 0x46, 0x29, 0x46, 0x7B, 0x6C, 0x7B, 0x6C, 0x7B, 0x6C,
    0x29, 0x46, 0x29, 0x66, 0x29, 0x66, 0x29, 0x66, 0x29, 0x66, 0x29, 0x66, 0x29, 0x66, 0x29, 0x66,
    0x29, 0x46, 0x31, 0x87, 0x31, 0x87, 0x31, 0x87, 0x31, 0x87, 0xD6, 0x77, 0xD6, 0x77, 0xD6, 0x77,
    0x29, 0x46, 0x29, 0x66, 0x29, 0x66, 0x29, 0x66, 0x29, 0x66, 0x29, 0x66, 0x29, 0x66, 0x29, 0x66,
    0x29, 0x46, 0x31, 0x87, 0x31, 0x87, 0x31, 0x87, 0x31, 0x87, 0xA4, 0xF1, 0xA4, 0xF1, 0xA4, 0xF1,
    0x29, 0x46, 0x29, 0x66, 0x29, 0x66, 0x29, 0x66, 0x29, 0x66, 0x29, 0x66, 0x29, 0x66, 0x29, 0x66,
    0x29, 0x46, 0x31, 0x87, 0x31, 0x87, 0x31, 0x87, 0x31, 0x87, 0xA4, 0xF1, 0xA4, 0xF1, 0xA4, 0xF1,
    0x29, 0x46, 0x29, 0x66, 0x29, 0x66, 0x29, 0x66, 0x29, 0x66, 0x29, 0x66, 0x29, 0x66, 0x29, 0x66,
    0x29, 0x46, 0x31, 0x87, 0x31, 0x87, 0x31, 0x87, 0x31, 0x87, 0x7B, 0x6C, 0x7B, 0x6C, 0x7B, 0x6C,
    0x29, 0x46, 0x29, 0x66, 0x29, 0x66, 0x29, 0x66, 0x29, 0x66, 0x29, 0x66, 0x29, 0x66, 0x29, 0x66,
    0x29, 0x46, 0x31, 0x87, 0x31, 0x87, 0x31, 0x87, 0x31, 0x87, 0xD6, 0x77, 0xD6, 0x77, 0xD6, 0x77,
    0x29, 0x46, 0x29, 0x66, 0x29, 0x66, 0x29, 0x66, 0x29, 0x66, 0x29, 0x66, 0x29, 0x66, 0x29, 0x66,
    0x29, 0x46, 0x31, 0x87, 0x31, 0x87, 0x31, 0x87, 0x31, 0x87, 0xA4, 0xF1, 0xA4, 0xF1, 0xA4, 0xF1,
    0x29, 0x46, 0x29, 0x66, 0x29, 0x66, 0x29, 0x66, 0x29, 0x66, 0x29, 0x66, 0x29, 0x66, 0x29, 0x66,
    0x29, 0x46, 0x31, 0x87, 0x31, 0x87, 0x31, 0x87, 0x31, 0x87, 0xA4, 0xF1, 0xA4, 0xF1, 0xA4, 0xF1,
    0x29, 0x46, 0x29, 0x46, 0x29, 0x46, 0x29, 0x46, 0x29, 0x46, 0x29, 0x46, 0x29, 0x46, 0x29, 0x46,
    0x29, 0x46, 0x29, 0x46, 0x29, 0x46, 0x29, 0x46, 0x29, 0x46, 0x7B, 0x6C, 0x7B, 0x6C, 0x7B, 0x6C,
    0x29, 0x46, 0x31, 0x87, 0x31, 0x87, 0x31, 0x87, 0x31, 0x87, 0x31, 0x87, 0x31, 0x87, 0x31, 0x87,
    0x29, 0x46, 0x29, 0x66, 0x29, 0x66, 0x29, 0x66, 0x29, 0x66, 0xD6, 0x77, 0xD6, 0x77, 0xD6, 0x77,
    0x29, 0x46, 0x31, 0x87, 0x31, 0x87, 0x31, 0x87, 0x31, 0x87, 0x31, 0x87, 0x31, 0x87, 0x31, 0x87,
    0x29, 0x46, 0x29, 0x66, 0x29, 0x66, 0x29, 0x66, 0x29, 0x66, 0xA4, 0xF1, 0xA4, 0xF1, 0xA4, 0xF1,
    0x29, 0x46, 0x31, 0x87, 0x31, 0x87, 0x31, 0x87, 0x31, 0x87, 0x31, 0x87, 0x31, 0x87, 0x31, 0x87,
    0x29, 0x46, 0x29, 0x66, 0x29, 0x66, 0x29, 0x66, 0x29, 0x66, 0x20, 0xE4, 0x20, 0xE4, 0x20, 0xE4,
    0x29, 0x46, 0x31, 0x87, 0x31, 0x87, 0x31, 0x87, 0x31, 0x87, 0x31, 0x87, 0x31, 0x87, 0x31, 0x87,
    0x29, 0x46, 0x29, 0x66, 0x29, 0x66, 0x29, 0x66, 0x29, 0x66, 0x29, 0x66, 0x29, 0x66, 0x29, 0x66,
    0x29, 0x46, 0x31, 0x87, 0x31, 0x87, 0x31, 0x87, 0x31, 0x87, 0x31, 0x87, 0x31, 0x87, 0x31, 0x87,
    0x29, 0x46, 0x29, 0x66, 0x29, 0x66, 0x29, 0x66, 0x29, 0x66, 0x29, 0x66, 0x29, 0x66, 0x29, 0x66,
    0x29, 0x46, 0x31, 0x87, 0x31, 0x87, 0x31, 0x87, 0x31, 0x87, 0x31, 0x87, 0x31, 0x87, 0x31, 0x87,
    0x29, 0x46, 0x29, 0x66, 0x29, 0x66, 0x29, 0x66, 0x29, 0x66, 0x29, 0x66, 0x29, 0x66, 0x29, 0x66,
    0x29, 0x46, 0x31, 0x87, 0x31, 0x87, 0x31, 0x87, 0x31, 0x87, 0x31, 0x87, 0x31, 0x87, 0x31, 0x87,
    0x29, 0x46, 0x29, 0x66, 0x29, 0x66, 0x29, 0x66, 0x29, 0x66, 0x29, 0x66, 0x29, 0x66, 0x29, 0x66,
    0x29, 0x46, 0x29, 0x46, 0x29, 0x46, 0x29, 0x46, 0x29, 0x46, 0x29, 0x46, 0x29, 0x46, 0x29, 0x46,
    0x29, 0x46, 0x29, 0x46, 0x29, 0x46, 0x29, 0x46, 0x29, 0x46, 0x29, 0x46, 0x29, 0x46, 0x29, 0x46,
    0x29, 0x46, 0x29, 0x66, 0x29, 0x66, 0x29, 0x66, 0x29, 0x66, 0x29, 0x66, 0x29, 0x66, 0x29, 0x66,
    0x29, 0x46, 0x31, 0x87, 0x31, 0x87, 0x31, 0x87, 0x31, 0x87, 0x31, 0x87, 0x31, 0x87, 0x31, 0x87,
    0x29, 0x46, 0x29, 0x66, 0x29, 0x66, 0x29, 0x66, 0x29, 0x66, 0x29, 0x66, 0x29, 0x66, 0x29, 0x66,
    0x29, 0x46, 0x31, 0x87, 0x31, 0x87, 0x31, 0x87, 0x31, 0x87, 0x31, 0x87, 0x31, 0x87, 0x31, 0x87,
    0x29, 0x46, 0x29, 0x66, 0x29, 0x66, 0x29, 0x66, 0x29, 0x66, 0x29, 0x66, 0x29, 0x66, 0x29, 0x66,
    0x29, 0x46, 0x31, 0x87, 0x31, 0x87, 0x31, 0x87, 0x31, 0x87, 0x31, 0x87, 0x31, 0x87, 0x31, 0x87,
    0x29, 0x46, 0x29, 0x66, 0x29, 0x66, 0x29, 0x66, 0x29, 0x66, 0x29, 0x66, 0x29, 0x66, 0x29, 0x66,
    0x29, 0x46, 0x31, 0x87, 0x31, 0x87, 0x31, 0x87, 0x31, 0x87, 0x31, 0x87, 0x31, 0x87, 0x31, 0x87,
    0xD6, 0x77, 0xD6, 0x77, 0xD6, 0x77, 0x29, 0x66, 0x29, 0x66, 0x29, 0x66, 0x29, 0x66, 0x29, 0x66,
    0x29, 0x46, 0x31, 0x87, 0x31, 0x87, 0x31, 0x87, 0x31, 0x87, 0x31, 0x87, 0x31, 0x87, 0x31, 0x87,
    0xA4, 0xF1, 0xA4, 0xF1, 0xA4, 0xF1, 0x29, 0x66, 0x29, 0x66, 0x29, 0x66, 0x29, 0x66, 0x29, 0x66,
    0x29, 0x46, 0x31, 0x87, 0x31, 0x87, 0x31, 0x87, 0x31, 0x87, 0x31, 0x87, 0x31, 0x87, 0x31, 0x87,
    0xA4, 0xF1, 0xA4, 0xF1, 0xA4, 0xF1, 0x29, 0x66, 0x29, 0x66, 0x29, 0x66, 0x29, 0x66, 0x29, 0x66,
    0x29, 0x46, 0x31, 0x87, 0x31, 0x87, 0x31, 0x87, 0x31, 0x87, 0x31, 0x87, 0x31, 0x87, 0x31, 0x87,
    0x29, 0x46, 0x29, 0x46, 0x29, 0x46, 0x29, 0x46, 0x29, 0x46, 0x29, 0x46, 0x29, 0x46, 0x29, 0x46,
    0x29, 0x46, 0x29, 0x46, 0x29, 0x46, 0x29, 0x46, 0x29, 0x46, 0x7B, 0x6C, 0x7B, 0x6C, 0x7B, 0x6C,
    0x29, 0x46, 0x31, 0x87, 0x31, 0x87, 0x31, 0x87, 0x31, 0x87, 0x31, 0x87, 0x31, 0x87, 0x31, 0x87,
    0x29, 0x46, 0x29, 0x66, 0x29, 0x66, 0x29, 0x66, 0x29, 0x66, 0xD6, 0x77, 0xD6, 0x77, 0xD6, 0x77,
    0x29, 0x46, 0x31, 0x87, 0x31, 0x87, 0x31, 0x87, 0x31, 0x87, 0x31, 0x87, 0x31, 0x87, 0x31, 0x87,
    0x29, 0x46, 0x29, 0x66, 0x29, 0x66, 0x29, 0x66, 0x29, 0x66, 0xA4, 0xF1, 0xA4, 0xF1, 0xA4, 0xF1,
    0x29, 0x46, 0x31, 0x87, 0x31, 0x87, 0x31, 0x87, 0x31, 0x87, 0x31, 0x87, 0x31, 0x87, 0x31, 0x87,
    0x29, 0x46, 0x29, 0x66, 0x29, 0x66, 0x29, 0x66, 0x29, 0x66, 0x20, 0xE4, 0x20, 0xE4, 0x20, 0xE4,
    0x29, 0x46, 0x31, 0x87, 0x31, 0x87, 0x31, 0x87, 0x31, 0x87, 0x31, 0x87, 0x31, 0x87, 0x31, 0x87,
    0x29, 0x46, 0x29, 0x66, 0x29, 0x66, 0x29, 0x66, 0x29, 0x66, 0x29, 0x66, 0x29, 0x66, 0x29, 0x66,
    0x29, 0x46, 0x31, 0x87, 0x31, 0x87, 0x31, 0x87, 0x31, 0x87, 0x31, 0x87, 0x31, 0x87, 0x31, 0x87,
    0x29, 0x46, 0x29, 0x66, 0x29, 0x66, 0x29, 0x66, 0x29, 0x66, 0x29, 0x66, 0x29, 0x66, 0x29, 0x66,
    0x29, 0x46, 0x31, 0x87, 0x31, 0x87, 0x31, 0x87, 0x31, 0x87, 0x31, 0x87, 0x31, 0x87, 0x31, 0x87,
    0x29, 0x46, 0x29, 0x66, 0x29, 0x66, 0x29, 0x66, 0x29, 0x66, 0x29, 0x66, 0x29, 0x66, 0x29, 0x66,
    0x29, 0x46, 0x31, 0x87, 0x31, 0x87, 0x31, 0x87, 0x31, 0x87, 0x31, 0x87, 0x31, 0x87, 0x31, 0x87,
    0x29, 0x46, 0x29, 0x66, 0x29, 0x66, 0x29, 0x66, 0x29, 0x66, 0x29, 0x66, 0x29, 0x66, 0x29, 0x66,
    0x29, 0x46, 0x29, 0x46, 0x29, 0x46, 0x29, 0x46, 0x29, 0x46, 0x29, 0x46, 0x29, 0x46, 0x29, 0x46,
    0x29, 0x46, 0x29, 0x46, 0x29, 0x46, 0x29, 0x46, 0x29, 0x46, 0x29, 0x46, 0x29, 0x46, 0x29, 0x46,
    0x29, 0x46, 0x29, 0x66, 0x29, 0x66, 0x29, 0x66, 0x29, 0x66, 0x29, 0x66, 0x29, 0x66, 0x29, 0x66,
    0x29, 0x46, 0x31, 0x87, 0x31, 0x87, 0x31, 0x87, 0x31, 0x87, 0x31, 0x87, 0x31, 0x87, 0x31, 0x87,
    0x29, 0x46, 0x29, 0x66, 0x29, 0x66, 0x29, 0x66, 0x29, 0x66, 0x29, 0x66, 0x29, 0x66, 0x29, 0x66,
    0x29, 0x46, 0x31, 0x87, 0x31, 0x87, 0x31, 0x87, 0x31, 0x87, 0x31, 0x87, 0x31, 0x87, 0x31, 0x87,
    0x29, 0x46, 0x29, 0x66, 0x29, 0x66, 0x29, 0x66, 0x29, 0x66, 0x29, 0x66, 0x29, 0x66, 0x29, 0x66,
    0x29, 0x46, 0x31, 0x87, 0x31, 0x87, 0x31, 0x87, 0x31, 0x87, 0x31, 0x87, 0x31, 0x87, 0x31, 0x87,
    0x29, 0x46, 0x29, 0x66, 0x29, 0x66, 0x29, 0x66, 0x29, 0x66, 0x29, 0x66, 0x29, 0x66, 0x29, 0x66,
    0x29, 0x46, 0x31, 0x87, 0x31, 0x87, 0x31, 0x87, 0x31, 0x87, 0x31, 0x87, 0x31, 0x87, 0x31, 0x87,
    0x29, 0x46, 0x29, 0x66, 0x29, 0x66, 0x29, 0x66, 0x29, 0x66, 0x29, 0x66, 0x29, 0x66, 0x29, 0x66,
    0x29, 0x46, 0x31, 0x87, 0x31, 0x87, 0x31, 0x87, 0x31, 0x87, 0x31, 0x87, 0x31, 0x87, 0x31, 0x87,
    0x29, 0x46, 0x29, 0x66, 0x29, 0x66, 0x29, 0x66, 0x29, 0x66, 0x29, 0x66, 0x29, 0x66, 0x29, 0x66,
    0x29, 0x46, 0x31, 0x87, 0x31, 0x87, 0x31, 0x87, 0x31, 0x87, 0x31, 0x87, 0x31, 0x87, 0x31, 0x87,
    0x29, 0x46, 0x29, 0x66, 0x29, 0x66, 0x29, 0x66, 0x29, 0x66, 0x29, 0x66, 0x29, 0x66, 0x29, 0x66,
    0x29, 0x46, 0x31, 0x87, 0x31, 0x87, 0x31, 0x87, 0x31, 0x87, 0x31, 0x87, 0x31, 0x87, 0x31, 0x87,
    0x29, 0x46, 0x29, 0x46, 0x29, 0x46, 0x29, 0x46, 0x29, 0x46, 0x29, 0x46, 0x29, 0x46, 0x29, 0x46,
    0x29, 0x46, 0x29, 0x46, 0x29, 0x46, 0x29, 0x46, 0x29, 0x46, 0x29, 0x46, 0x29, 0x46, 0x29, 0x46,
    0x29, 0x46, 0x31, 0x87, 0x31, 0x87, 0x31, 0x87, 0x31, 0x87, 0x31, 0x87, 0x31, 0x87, 0x31, 0x87,
    0x29, 0x46, 0x29, 0x66, 0x29, 0x66, 0x29, 0x66, 0x29, 0x66, 0x29, 0x66, 0x29, 0x66, 0x29, 0x66,
    0x29, 0x46, 0x31, 0x87, 0x31, 0x87, 0x31, 0x87, 0x31, 0x87, 0x31, 0x87, 0x31, 0x87, 0x31, 0x87,
    0x29, 0x46, 0x29, 0x66, 0x29, 0x66, 0x29, 0x66, 0x29, 0x66, 0x29, 0x66, 0x29, 0x66, 0x29, 0x66,
    0x29, 0x46, 0x31, 0x87, 0x31, 0x87, 0x31, 0x87, 0x31, 0x87, 0x31, 0x87, 0x31, 0x87, 0x31, 0x87,
    0x29, 0x46, 0x29, 0x66, 0x29, 0x66, 0x29, 0x66, 0x29, 0x66, 0x29, 0x66, 0x29, 0x66, 0x29, 0x66,
    0x29, 0x46, 0x31, 0x87, 0x31, 0x87, 0x31, 0x87, 0x31, 0x87, 0x31, 0x87, 0x31, 0x87, 0x31, 0x87,
    0x29, 0x46, 0x29, 0x66, 0x29, 0x66, 0x29, 0x66, 0x29, 0x66, 0x29, 0x66, 0x29, 0x66, 0x29, 0x66,
    0x29, 0x46, 0x31, 0x87, 0x31, 0x87, 0x31, 0x87, 0x31, 0x87, 0x31, 0x87, 0x31, 0x87, 0x31, 0x87,
    0x29, 0x46, 0x29, 0x66, 0x29, 0x66, 0x29, 0x66, 0x29, 0x66, 0x29, 0x66, 0x29, 0x66, 0x29, 0x66,
    0x29, 0x46, 0x31, 0x87, 0x31, 0x87, 0x31, 0x87, 0x31, 0x87, 0x31, 0x87, 0x31, 0x87, 0x31, 0x87,
    0x29, 0x46, 0x29, 0x66, 0x29, 0x66, 0x29, 0x66, 0x29, 0x66, 0x29, 0x66, 0x29, 0x66, 0x29, 0x66,
    0x29, 0x46, 0x31, 0x87, 0x31, 0x87, 0x31, 0x87, 0x31, 0x87, 0x31, 0x87, 0x31, 0x87, 0x31, 0x87,
    0x29, 0x46, 0x29, 0x66, 0x29, 0x66, 0x29, 0x66, 0x29, 0x66, 0x29, 0x66, 0x29, 0x66, 0x29, 0x66,
    0x29, 0x46, 0x29, 0x46, 0x29, 0x46, 0x29, 0x46, 0x29, 0x46, 0x29, 0x46, 0x29, 0x46, 0x29, 0x46,
    0x29, 0x46, 0x29, 0x46, 0x29, 0x46, 0x29, 0x46, 0x29, 0x46, 0x29, 0x46, 0x29, 0x46, 0x29, 0x46,
    0x29, 0x46, 0x29, 0x66, 0x29, 0x66, 0x29, 0x66, 0x29, 0x66, 0x29, 0x66, 0x29, 0x66, 0x29, 0x66,
    0x29, 0x46, 0x31, 0x87, 0x31, 0x87, 0x31, 0x87, 0x31, 0x87, 0x31, 0x87, 0x31, 0x87, 0x31, 0x87,
    0x29, 0x46, 0x29, 0x66, 0x29, 0x66, 0x29, 0x66, 0x29, 0x66, 0x29, 0x66, 0x29, 0x66, 0x29, 0x66,
    0x29, 0x46, 0x31, 0x87, 0x31, 0x87, 0x31, 0x87, 0x31, 0x87, 0x31, 0x87, 0x31, 0x87, 0x31, 0x87,
    0x29, 0x46, 0x29, 0x66, 0x29, 0x66, 0x29, 0x66, 0x29, 0x66, 0x29, 0x66, 0x29, 0x66, 0x29, 0x66,
    0x29, 0x46, 0x31, 0x87, 0x31, 0x87, 0x31, 0x87, 0x31, 0x87, 0x31, 0x87, 0x31, 0x87, 0x31, 0x87,
    0x29, 0x46, 0x29, 0x66, 0x29, 0x66, 0x29, 0x66, 0x29, 0x66, 0x29, 0x66, 0x29, 0x66, 0x29, 0x66,
    0x29, 0x46, 0x31, 0x87, 0x31, 0x87, 0x31, 0x87, 0x31, 0x87, 0x31, 0x87, 0x31, 0x87, 0x31, 0x87,
    0xD6, 0x77, 0xD6, 0x77, 0xD6, 0x77, 0xD6, 0x77, 0xD6, 0x77, 0xD6, 0x77, 0xD6, 0x77, 0xD6, 0x77,
    0xD6, 0x77, 0xD6, 0x77, 0xD6, 0x77, 0xD6, 0x77, 0xD6, 0x77, 0xD6, 0x77, 0xD6, 0x77, 0xD6, 0x77,
    0xA4, 0xF1, 0xA4, 0xF1, 0xA4, 0xF1, 0xA4, 0xF1, 0x7B, 0x6C, 0xA4, 0xF1, 0xA4, 0xF1, 0xA4, 0xF1,
    0xA4, 0xF1, 0xA4, 0xF1, 0xA4, 0xF1, 0xA4, 0xF1, 0x7B, 0x6C, 0xA4, 0xF1, 0xA4, 0xF1, 0xA4, 0xF1,
    0xA4, 0xF1, 0xA4, 0xF1, 0xA4, 0xF1, 0xA4, 0xF1, 0x7B, 0x6C, 0xA4, 0xF1, 0xA4, 0xF1, 0xA4, 0xF1,
    0xA4, 0xF1, 0xA4, 0xF1, 0xA4, 0xF1, 0xA4, 0xF1, 0x7B, 0x6C, 0xA4, 0xF1, 0xA4, 0xF1, 0xA4, 0xF1,
    0x29, 0x46, 0x29, 0x46, 0x29, 0x46, 0x29, 0x46, 0x29, 0x46, 0x29, 0x46, 0x29, 0x46, 0x29, 0x46,
    0x29, 0x46, 0x29, 0x46, 0x29, 0x46, 0x29, 0x46, 0x29, 0x46, 0x29, 0x46, 0x29, 0x46, 0x29, 0x46,
    0x29, 0x46, 0x31, 0x87, 0x31, 0x87, 0x31, 0x87, 0x31, 0x87, 0x31, 0x87, 0x31, 0x87, 0x31, 0x87,
    0x29, 0x46, 0x29, 0x66, 0x29, 0x66, 0x29, 0x66, 0x29, 0x66, 0x29, 0x66, 0x29, 0x66, 0x29, 0x66,
    0x29, 0x46, 0x31, 0x87, 0x31, 0x87, 0x31, 0x87, 0x31, 0x87, 0x31, 0x87, 0x31, 0x87, 0x31, 0x87,
    0x29, 0x46, 0x29, 0x66, 0x29, 0x66, 0x29, 0x66, 0x29, 0x66, 0x29, 0x66, 0x29, 0x66, 0x29, 0x66,
    0x29, 0x46, 0x31, 0x87, 0x31, 0x87, 0x31, 0x87, 0x31, 0x87, 0x31, 0x87, 0x31, 0x87, 0x31, 0x87,
    0x29, 0x46, 0x29, 0x66, 0x29, 0x66, 0x29, 0x66, 0x29, 0x66, 0x29, 0x66, 0x29, 0x66, 0x29, 0x66,
    0x29, 0x46, 0x31, 0x87, 0x31, 0x87, 0x31, 0x87, 0x31, 0x87, 0x31, 0x87, 0x31, 0x87, 0x31, 0x87,
    0x29, 0x46, 0x29, 0x66, 0x29, 0x66, 0x29, 0x66, 0x29, 0x66, 0x29, 0x66, 0x29, 0x66, 0x29, 0x66,
    0x29, 0x46, 0x31, 0x87, 0x31, 0x87, 0x31, 0x87, 0x31, 0x87, 0x31, 0x87, 0x31, 0x87, 0x31, 0x87,
    0x29, 0x46, 0x29, 0x66, 0x29, 0x66, 0x29, 0x66, 0x29, 0x66, 0x29, 0x66, 0x29, 0x66, 0x29, 0x66,
    0x29, 0x46, 0x31, 0x87, 0x31, 0x87, 0x31, 0x87, 0x31, 0x87, 0x31, 0x87, 0x31, 0x87, 0x31, 0x87,
    0x29, 0x46, 0x29, 0x66, 0x29, 0x66, 0x29, 0x66, 0x29, 0x66, 0x29, 0x66, 0x29, 0x66, 0x29, 0x66,
    0x29, 0x46, 0x31, 0x87, 0x31, 0x87, 0x31, 0x87, 0x31, 0x87, 0x31, 0x87, 0x31, 0x87, 0x31, 0x87,
    0x29, 0x46, 0x29, 0x66, 0x29, 0x66, 0x29, 0x66, 0x29, 0x66, 0x29, 0x66, 0x29, 0x66, 0x29, 0x66,
    0x29, 0x46, 0x29, 0x46, 0x29, 0x46, 0x29, 0x46, 0x29, 0x46, 0x29, 0x46, 0x29, 0x46, 0x29, 0x46,
    0x29, 0x46, 0x29, 0x46, 0x29, 0x46, 0x29, 0x46, 0x29, 0x46, 0x29, 0x46, 0x29, 0x46, 0x29, 0x46,
    0x29, 0x46, 0x29, 0x66, 0x29, 0x66, 0x29, 0x66, 0x29, 0x66, 0x29, 0x66, 0x29, 0x66, 0x29, 0x66,
    0x29, 0x46, 0x31, 0x87, 0x31, 0x87, 0x31, 0x87, 0x31, 0x87, 0x31, 0x87, 0x31, 0x87, 0x31, 0x87,
    0x29, 0x46, 0x29, 0x66, 0x29, 0x66, 0x29, 0x66, 0x29, 0x66, 0x29, 0x66, 0x29, 0x66, 0x29, 0x66,
    0x29, 0x46, 0x31, 0x87, 0x31, 0x87, 0x31, 0x87, 0x31, 0x87, 0x31, 0x87, 0x31, 0x87, 0x31, 0x87,
    0x29, 0x46, 0x29, 0x66, 0x29, 0x66, 0x29, 0x66, 0x29, 0x66, 0x29, 0x66, 0x29, 0x66, 0x29, 0x66,
    0x29, 0x46, 0x31, 0x87, 0x31, 0x87, 0x31, 0x87, 0x31, 0x87, 0x31, 0x87, 0x31, 0x87, 0x31, 0x87,
    0x29, 0x46, 0x29, 0x66, 0x29, 0x66, 0x29, 0x66, 0x29, 0x66, 0x29, 0x66, 0x29, 0x66, 0x29, 0x66,
    0x29, 0x46, 0x31, 0x87, 0x31, 0x87, 0x31, 0x87, 0x31, 0x87, 0x31, 0x87, 0x31, 0x87, 0x31, 0x87,
    0x29, 0x46, 0x29, 0x66, 0x29, 0x66, 0x29, 0x66, 0x29, 0x66, 0x29, 0x66, 0x29, 0x66, 0x29, 0x66,
    0x29, 0x46, 0x31, 0x87, 0x31, 0x87, 0x31, 0x87, 0x31, 0x87, 0xD6, 0x77, 0xD6, 0x77, 0xD6, 0x77,
    0x29, 0x46, 0x29, 0x66, 0x29, 0x66, 0x29, 0x66, 0x29, 0x66, 0x29, 0x66, 0x29, 0x66, 0x29, 0x66,
    0x29, 0x46, 0x31, 0x87, 0x31, 0x87, 0x31, 0x87, 0x31, 0x87, 0xA4, 0xF1, 0xA4, 0xF1, 0xA4, 0xF1,
    0x29, 0x46, 0x29, 0x66, 0x29, 0x66, 0x29, 0x66, 0x29, 0x66, 0x29, 0x66, 0x29, 0x66, 0x29, 0x66,
    0x29, 0x46, 0x31, 0x87, 0x31, 0x87, 0x31, 0x87, 0x31, 0x87, 0xA4, 0xF1, 0xA4, 0xF1, 0xA4, 0xF1,
    0x29, 0x46, 0x29, 0x46, 0x29, 0x46, 0x29, 0x46, 0x29, 0x46, 0x29, 0x46, 0x29, 0x46, 0x29, 0x46,
    0x29, 0x46, 0x29, 0x46, 0x29, 0x46, 0x29, 0x46, 0x29, 0x46, 0x29, 0x46, 0x29, 0x46, 0x29, 0x46,
    0x29, 0x46, 0x31, 0x87, 0x31, 0x87, 0x31, 0x87, 0x31, 0x87, 0x31, 0x87, 0x31, 0x87, 0x31, 0x87,
    0x29, 0x46, 0x29, 0x66, 0x29, 0x66, 0x29, 0x66, 0x29, 0x66, 0x29, 0x66, 0x29, 0x66, 0x29, 0x66,
    0x29, 0x46, 0x31, 0x87, 0x31, 0x87, 0x31, 0x87, 0x31, 0x87, 0x31, 0x87, 0x31, 0x87, 0x31, 0x87,
    0x29, 0x46, 0x29, 0x66, 0x29, 0x66, 0x29, 0x66, 0x29, 0x66, 0x29, 0x66, 0x29, 0x66, 0x29, 0x66,
    0x29, 0x46, 0x31, 0x87, 0x31, 0x87, 0x31, 0x87, 0x31, 0x87, 0x31, 0x87, 0x31, 0x87, 0x31, 0x87,
    0x29, 0x46, 0x29, 0x66, 0x29, 0x66, 0x29, 0x66, 0x29, 0x66, 0x29, 0x66, 0x29, 0x66, 0x29, 0x66,
    0x29, 0x46, 0x31, 0x87, 0x31, 0x87, 0x31, 0x87, 0x31, 0x87, 0x31, 0x87, 0x31, 0x87, 0x31, 0x87,
    0x29, 0x46, 0x29, 0x66, 0x29, 0x66, 0x29, 0x66, 0x29, 0x66, 0x29, 0x66, 0x29, 0x66, 0x29, 0x66,
    0x29, 0x46, 0x31, 0x87, 0x31, 0x87, 0x31, 0x87, 0x31, 0x87, 0x31, 0x87, 0x31, 0x87, 0x31, 0x87,
    0x29, 0x46, 0x29, 0x66, 0x29, 0x66, 0x29, 0x66, 0x29, 0x66, 0x29, 0x66, 0x29, 0x66, 0x29, 0x66,
    0x29, 0x46, 0x31, 0x87, 0x31, 0x87, 0x31, 0x87, 0x31, 0x87, 0x31, 0x87, 0x31, 0x87, 0x31, 0x87,
    0x29, 0x46, 0x29, 0x66, 0x29, 0x66, 0x29, 0x66, 0x29, 0x66, 0x29, 0x66, 0x29, 0x66, 0x29, 0x66,
    0x29, 0x46, 0x31, 0x87, 0x31, 0x87, 0x31, 0x87, 0x31, 0x87, 0x31, 0x87, 0x31, 0x87, 0x31, 0x87,
    0x29, 0x46, 0x29, 0x66, 0x29, 0x66, 0x29, 0x66, 0x29, 0x66, 0x29, 0x66, 0x29, 0x66, 0x29, 0x66,
    0x29, 0x46, 0x29, 0x46, 0x29, 0x46, 0x29, 0x46, 0x29, 0x46, 0x29, 0x46, 0x29, 0x46, 0x29, 0x46,
    0x29, 0x46, 0x29, 0x46, 0x29, 0x46, 0x29, 0x46, 0x29, 0x46, 0x29, 0x46, 0x29, 0x46, 0x29, 0x46,
    0x29, 0x46, 0x29, 0x66, 0x29, 0x66, 0x29, 0x66, 0x29, 0x66, 0x29, 0x66, 0x29, 0x66, 0x29, 0x66,
    0x29, 0x46, 0x31, 0x87, 0x31, 0x87, 0x31, 0x87, 0x31, 0x87, 0x31, 0x87, 0x31, 0x87, 0x31, 0x87,
    0x29, 0x46, 0x29, 0x66, 0x29, 0x66, 0x29, 0x66, 0x29, 0x66, 0x29, 0x66, 0x29, 0x66, 0x29, 0x66,
    0x29, 0x46, 0x31, 0x87, 0x31, 0x87, 0x31, 0x87, 0x31, 0x87, 0x31, 0x87, 0x31, 0x87, 0x31, 0x87,
    0x29, 0x46, 0x29, 0x66, 0x29, 0x66, 0x29, 0x66, 0x29, 0x66, 0x29, 0x66, 0x29, 0x66, 0x29, 0x66,
    0x29, 0x46, 0x31, 0x87, 0x31, 0x87, 0x31, 0x87, 0x31, 0x87, 0x31, 0x87, 0x31, 0x87, 0x31, 0x87,
    0x29, 0x46, 0x29, 0x66, 0x29, 0x66, 0x29, 0x66, 0x29, 0x66, 0x29, 0x66, 0x29, 0x66, 0x29, 0x66,
    0x29, 0x46, 0x31, 0x87, 0x31, 0x87, 0x31, 0x87, 0x31, 0x87, 0x31, 0x87, 0x31, 0x87, 0x31, 0x87,
    0xD6, 0x77, 0xD6, 0x77, 0xD6, 0x77, 0x29, 0x66, 0x29, 0x66, 0x29, 0x66, 0x29, 0x66, 0x29, 0x66,
    0x29, 0x46, 0x31, 0x87, 0x31, 0x87, 0x31, 0x87, 0x31, 0x87, 0x31, 0x87, 0x31, 0x87, 0x31, 0x87,
    0xA4, 0xF1, 0xA4, 0xF1, 0xA4, 0xF1, 0x29, 0x66, 0x29, 0x66, 0x29, 0x66, 0x29, 0x66, 0x29, 0x66,
    0x29, 0x46, 0x31, 0x87, 0x31, 0x87, 0x31, 0x87, 0x31, 0x87, 0x31, 0x87, 0x31, 0x87, 0x31, 0x87,
    0xA4, 0xF1, 0xA4, 0xF1, 0xA4, 0xF1, 0x29, 0x66, 0x29, 0x66, 0x29, 0x66, 0x29, 0x66, 0x29, 0x66,
    0x29, 0x46, 0x31, 0x87, 0x31, 0x87, 0x31, 0x87, 0x31, 0x87, 0x31, 0x87, 0x31, 0x87, 0x31, 0x87,
    0x29, 0x46, 0x29, 0x46, 0x29, 0x46, 0x29, 0x46, 0x29, 0x46, 0x29, 0x46, 0x29, 0x46, 0x29, 0x46,
    0x29, 0x46, 0x29, 0x46, 0x29, 0x46, 0x29, 0x46, 0x29, 0x46, 0x29, 0x46, 0x29, 0x46, 0x29, 0x46,
    0x29, 0x46, 0x31, 0x87, 0x31, 0x87, 0x31, 0x87, 0x31, 0x87, 0x31, 0x87, 0x31, 0x87, 0x31, 0x87,
    0x29, 0x46, 0x29, 0x66, 0x29, 0x66, 0x29, 0x66, 0x29, 0x66, 0x29, 0x66, 0x29, 0x66, 0x29, 0x66,
    0x29, 0x46, 0x31, 0x87, 0x31, 0x87, 0x31, 0x87, 0x31, 0x87, 0x31, 0x87, 0x31, 0x87, 0x31, 0x87,
    0x29, 0x46, 0x29, 0x66, 0x29, 0x66, 0x29, 0x66, 0x29, 0x66, 0x29, 0x66, 0x29, 0x66, 0x29, 0x66,
    0x29, 0x46, 0x31, 0x87, 0x31, 0x87, 0x31, 0x87, 0x31, 0x87, 0x31, 0x87, 0x31, 0x87, 0x31, 0x87,
    0x29, 0x46, 0x29, 0x66, 0x29, 0x66, 0x29, 0x66, 0x29, 0x66, 0x29, 0x66, 0x29, 0x66, 0x29, 0x66,
    0x29, 0x46, 0x31, 0x87, 0x31, 0x87, 0x31, 0x87, 0x31, 0x87, 0x31, 0x87, 0x31, 0x87, 0x31, 0x87,
    0x29, 0x46, 0x29, 0x66, 0x29, 0x66, 0x29, 0x66, 0x29, 0x66, 0x29, 0x66, 0x29, 0x66, 0x29, 0x66,
    0x29, 0x46, 0x31, 0x87, 0x31, 0x87, 0x31, 0x87, 0x31, 0x87, 0x31, 0x87, 0x31, 0x87, 0x31, 0x87,
    0x29, 0x46, 0x29, 0x66, 0x29, 0x66, 0x29, 0x66, 0x29, 0x66, 0x29, 0x66, 0x29, 0x66, 0x29, 0x66,
    0x29, 0x46, 0x31, 0x87, 0x31, 0x87, 0x31, 0x87, 0x31, 0x87, 0x31, 0x87, 0x31, 0x87, 0x31, 0x87,
    0x29, 0x46, 0x29, 0x66, 0x29, 0x66, 0x29, 0x66, 0x29, 0x66, 0x29, 0x66, 0x29, 0x66, 0x29, 0x66,
    0x29, 0x46, 0x31, 0x87, 0x31, 0x87, 0x31, 0x87, 0x31, 0x87, 0x31, 0x87, 0x31, 0x87, 0x31, 0x87,
    0x29, 0x46, 0x29, 0x66, 0x29, 0x66, 0x29, 0x66, 0x29, 0x66, 0x29, 0x66, 0x29, 0x66, 0x29, 0x66,
    0x29, 0x46, 0x29, 0x46, 0x29, 0x46, 0x29, 0x46, 0x29, 0x46, 0x29, 0x46, 0x29, 0x46, 0x29, 0x46,
    0x29, 0x46, 0x29, 0x46, 0x29, 0x46, 0x29, 0x46, 0x29, 0x46, 0x29, 0x46, 0x29, 0x46, 0x29, 0x46,
    0x29, 0x46, 0x29, 0x66, 0x29, 0x66, 0x29, 0x66, 0x29, 0x66, 0x29, 0x66, 0x29, 0x66, 0x29, 0x66,
    0x29, 0x46, 0x31, 0x87, 0x31, 0x87, 0x31, 0x87, 0x31, 0x87, 0x31, 0x87, 0x31, 0x87, 0x31, 0x87,
    0x29, 0x46, 0x29, 0x66, 0x29, 0x66, 0x29, 0x66, 0x29, 0x66, 0x29, 0x66, 0x29, 0x66, 0x29, 0x66,
    0x29, 0x46, 0x31, 0x87, 0x31, 0x87, 0x31, 0x87, 0x31, 0x87, 0x31, 0x87, 0x31, 0x87, 0x31, 0x87,
    0x29, 0x46, 0x29, 0x66, 0x29, 0x66, 0x29, 0x66, 0x29, 0x66, 0x29, 0x66, 0x29, 0x66, 0x29, 0x66,
    0x29, 0x46, 0x31, 0x87, 0x31, 0x87, 0x31, 0x87, 0x31, 0x87, 0x31, 0x87, 0x31, 0x87, 0x31, 0x87,
    0x29, 0x46, 0x29, 0x66, 0x29, 0x66, 0x29, 0x66, 0x29, 0x66, 0x29, 0x66, 0x29, 0x66, 0x29, 0x66,
    0x29, 0x46, 0x31, 0x87, 0x31, 0x87, 0x31, 0x87, 0x31, 0x87, 0x31, 0x87, 0x31, 0x87, 0x31, 0x87,
    0x29, 0x46, 0x29, 0x66, 0x29, 0x66, 0x29, 0x66, 0x29, 0x66, 0x29, 0x66, 0x29, 0x66, 0x29, 0x66,
    0x29, 0x46, 0x31, 0x87, 0x31, 0x87, 0x31, 0x87, 0x31, 0x87, 0x31, 0x87, 0x31, 0x87, 0x31, 0x87,
    0x29, 0x46, 0x29, 0x66, 0x29, 0x66, 0x29, 0x66, 0x29, 0x66, 0x29, 0x66, 0x29, 0x66, 0x29, 0x66,
    0x29, 0x46, 0x31, 0x87, 0x31, 0x87, 0x31, 0x87, 0x31, 0x87, 0x31, 0x87, 0x31, 0x87, 0x31, 0x87,
    0x29, 0x46, 0x29, 0x66, 0x29, 0x66, 0x29, 0x66, 0x29, 0x66, 0x29, 0x66, 0x29, 0x66, 0x29, 0x66,
    0x29, 0x46, 0x31, 0x87, 0x31, 0x87, 0x31, 0x87, 0x31, 0x87, 0x31, 0x87, 0x31, 0x87, 0x31, 0x87,
    0x7B, 0x6C, 0x7B, 0x6C, 0x7B, 0x6C, 0x7B, 0x6C, 0x7B, 0x6C, 0x7B, 0x6C, 0x7B, 0x6C, 0x7B, 0x6C,
    0x7B, 0x6C, 0x7B, 0x6C, 0x7B, 0x6C, 0x7B, 0x6C, 0x7B, 0x6C, 0x7B, 0x6C, 0x7B, 0x6C, 0x7B, 0x6C,
    0x7B, 0x6C, 0xD6, 0x77, 0xD6, 0x77, 0xD6, 0x77, 0xD6, 0x77, 0xD6, 0x77, 0xD6, 0x77, 0xD6, 0x77,
    0x7B, 0x6C, 0xD6, 0x77, 0xD6, 0x77, 0xD6, 0x77, 0xD6, 0x77, 0xD6, 0x77, 0xD6, 0x77, 0xD6, 0x77,
    0x7B, 0x6C, 0xA4, 0xF1, 0xA4, 0xF1, 0xA4, 0xF1, 0xA4, 0xF1, 0xA4, 0xF1, 0xA4, 0xF1, 0xA4, 0xF1,
    0x7B, 0x6C, 0xA4, 0xF1, 0xA4, 0xF1, 0xA4, 0xF1, 0xA4, 0xF1, 0xA4, 0xF1, 0xA4, 0xF1, 0xA4, 0xF1,
    0x7B, 0x6C, 0xA4, 0xF1, 0xA4, 0xF1, 0xA4, 0xF1, 0xA4, 0xF1, 0xA4, 0xF1, 0xA4, 0xF1, 0xA4, 0xF1,
    0x7B, 0x6C, 0xA4, 0xF1, 0xA4, 0xF1, 0xA4, 0xF1, 0xA4, 0xF1, 0xA4, 0xF1, 0xA4, 0xF1, 0xA4, 0xF1,
    0x7B, 0x6C, 0x7B, 0x6C, 0x7B, 0x6C, 0x7B, 0x6C, 0x7B, 0x6C, 0x7B, 0x6C, 0x7B, 0x6C, 0x7B, 0x6C,
    0x7B, 0x6C, 0x7B, 0x6C, 0x7B, 0x6C, 0x7B, 0x6C, 0x7B, 0x6C, 0x7B, 0x6C, 0x7B, 0x6C, 0x7B, 0x6C,
    0xD6, 0x77, 0xD6, 0x77, 0xD6, 0x77, 0xD6, 0x77, 0x7B, 0x6C, 0xD6, 0x77, 0xD6, 0x77, 0xD6, 0x77,
    0xD6, 0x77, 0xD6, 0x77, 0xD6, 0x77, 0xD6, 0x77, 0x7B, 0x6C, 0xD6, 0x77, 0xD6, 0x77, 0xD6, 0x77,
    0xA4, 0xF1, 0xA4, 0xF1, 0xA4, 0xF1, 0xA4, 0xF1, 0x7B, 0x6C, 0xA4, 0xF1, 0xA4, 0xF1, 0xA4, 0xF1,
    0xA4, 0xF1, 0xA4, 0xF1, 0xA4, 0xF1, 0xA4, 0xF1, 0x7B, 0x6C, 0xA4, 0xF1, 0xA4, 0xF1, 0xA4, 0xF1,
    0xA4, 0xF1, 0xA4, 0xF1, 0xA4, 0xF1, 0xA4, 0xF1, 0x7B, 0x6C, 0xA4, 0xF1, 0xA4, 0xF1, 0xA4, 0xF1,
    0xA4, 0xF1, 0xA4, 0xF1, 0xA4, 0xF1, 0xA4, 0xF1, 0x7B, 0x6C, 0xA4, 0xF1, 0xA4, 0xF1, 0xA4, 0xF1,
    0x7B, 0x6C, 0x7B, 0x6C, 0x7B, 0x6C, 0x7B, 0x6C, 0x7B, 0x6C, 0x7B, 0x6C, 0x7B, 0x6C, 0x7B, 0x6C,
    0x7B, 0x6C, 0x7B, 0x6C, 0x7B, 0x6C, 0x7B, 0x6C, 0x7B, 0x6C, 0x7B, 0x6C, 0x7B, 0x6C, 0x7B, 0x6C,
    0x7B, 0x6C, 0xD6, 0x77, 0xD6, 0x77, 0xD6, 0x77, 0xD6, 0x77, 0xD6, 0x77, 0xD6, 0x77, 0xD6, 0x77,
    0x7B, 0x6C, 0xD6, 0x77, 0xD6, 0x77, 0xD6, 0x77, 0xD6, 0x77, 0xD6, 0x77, 0xD6, 0x77, 0xD6, 0x77,
    0x7B, 0x6C, 0xA4, 0xF1, 0xA4, 0xF1, 0xA4, 0xF1, 0xA4, 0xF1, 0xA4, 0xF1, 0xA4, 0xF1, 0xA4, 0xF1,
    0x7B, 0x6C, 0xA4, 0xF1, 0xA4, 0xF1, 0xA4, 0xF1, 0xA4, 0xF1, 0xA4, 0xF1, 0xA4, 0xF1, 0xA4, 0xF1,
    0x7B, 0x6C, 0xA4, 0xF1, 0xA4, 0xF1, 0xA4, 0xF1, 0xA4, 0xF1, 0xA4, 0xF1, 0xA4, 0xF1, 0xA4, 0xF1,
    0x7B, 0x6C, 0xA4, 0xF1, 0xA4, 0xF1, 0xA4, 0xF1, 0xA4, 0xF1, 0xA4, 0xF1, 0xA4, 0xF1, 0xA4, 0xF1,
    0x7B, 0x6C, 0x7B, 0x6C, 0x7B, 0x6C, 0x7B, 0x6C, 0x7B, 0x6C, 0x7B, 0x6C, 0x7B, 0x6C, 0x7B, 0x6C,
    0x7B, 0x6C, 0x7B, 0x6C, 0x7B, 0x6C, 0x7B, 0x6C, 0x7B, 0x6C, 0x7B, 0x6C, 0x7B, 0x6C, 0x7B, 0x6C,
    0xD6, 0x77, 0xD6, 0x77, 0xD6, 0x77, 0xD6, 0x77, 0x7B, 0x6C, 0x49, 0x62, 0xA3, 0x47, 0xA3, 0x47,
    0xA3, 0x47, 0xA3, 0x47, 0x49, 0x62, 0xD6, 0x77, 0x7B, 0x6C, 0xD6, 0x77, 0xD6, 0x77, 0xD6, 0x77,
    0xA4, 0xF1, 0xA4, 0xF1, 0xA4, 0xF1, 0xA4, 0xF1, 0x7B, 0x6C, 0x49, 0x62, 0xDD, 0xEC, 0x49, 0x62,
    0x7A, 0x45, 0x7A, 0x45, 0x49, 0x62, 0xA4, 0xF1, 0x7B, 0x6C, 0xA4, 0xF1, 0xA4, 0xF1, 0xA4, 0xF1,
    0xA4, 0xF1, 0xA4, 0xF1, 0xA4, 0xF1, 0xA4, 0xF1, 0x7B, 0x6C, 0x49, 0x62, 0x7A, 0x45, 0x49, 0x62,
    0x7A, 0x45, 0x7A, 0x45, 0x49, 0x62, 0xA4, 0xF1, 0x7B, 0x6C, 0xA4, 0xF1, 0xA4, 0xF1, 0xA4, 0xF1,
    0x7B, 0x6C, 0x7B, 0x6C, 0x7B, 0x6C, 0x29, 0x46, 0x29, 0x46, 0x29, 0x46, 0x29, 0x46, 0x29, 0x46,
    0x29, 0x46, 0x29, 0x46, 0x29, 0x46, 0x29, 0x46, 0x29, 0x46, 0x29, 0x46, 0x29, 0x46, 0x29, 0x46,
    0x7B, 0x6C, 0xD6, 0x77, 0xD6, 0x77, 0x31, 0x87, 0x31, 0x87, 0x31, 0x87, 0x31, 0x87, 0x31, 0x87,
    0x29, 0x46, 0x29, 0x66, 0x29, 0x66, 0x29, 0x66, 0x29, 0x66, 0x29, 0x66, 0x29, 0x66, 0x29, 0x66,
    0x7B, 0x6C, 0xA4, 0xF1, 0xA4, 0xF1, 0x31, 0x87, 0x31, 0x87, 0x31, 0x87, 0x31, 0x87, 0x31, 0x87,
    0x29, 0x46, 0x29, 0x66, 0x29, 0x66, 0x29, 0x66, 0x29, 0x66, 0x29, 0x66, 0x29, 0x66, 0x29, 0x66,
    0x7B, 0x6C, 0xA4, 0xF1, 0xA4, 0xF1, 0x31, 0x87, 0x31, 0x87, 0x31, 0x87, 0x31, 0x87, 0x31, 0x87,
    0x29, 0x46, 0x29, 0x66, 0x29, 0x66, 0x29, 0x66, 0x29, 0x66, 0x29, 0x66, 0x29, 0x66, 0x29, 0x66,
    0x7B, 0x6C, 0x7B, 0x6C, 0x7B, 0x6C, 0x31, 0x87, 0x31, 0x87, 0x31, 0x87, 0x31, 0x87, 0x31, 0x87,
    0x29, 0x46, 0x29, 0x66, 0x29, 0x66, 0x29, 0x66, 0x29, 0x66, 0x29, 0x66, 0x29, 0x66, 0x29, 0x66,
    0xD6, 0x77, 0xD6, 0x77, 0xD6, 0x77, 0x31, 0x87, 0x31, 0x87, 0x31, 0x87, 0x31, 0x87, 0x31, 0x87,
    0x29, 0x46, 0x29, 0x66, 0x29, 0x66, 0x29, 0x66, 0x29, 0x66, 0x29, 0x66, 0x29, 0x66, 0x29, 0x66,
    0xA4, 0xF1, 0xA4, 0xF1, 0xA4, 0xF1, 0x31, 0x87, 0x31, 0x87, 0x31, 0x87, 0x31, 0x87, 0x31, 0x87,
    0x29, 0x46, 0x29, 0x66, 0x29, 0x66, 0x29, 0x66, 0x29, 0x66, 0x29, 0x66, 0x29, 0x66, 0x29, 0x66,
    0xA4, 0xF1, 0xA4, 0xF1, 0xA4, 0xF1, 0x31, 0x87, 0x31, 0x87, 0x31, 0x87, 0x31, 0x87, 0x31, 0x87,
    0x29, 0x46, 0x29, 0x66, 0x29, 0x66, 0x29, 0x66, 0x29, 0x66, 0x29, 0x66, 0x29, 0x66, 0x29, 0x66,
    0x7B, 0x6C, 0x7B, 0x6C, 0x7B, 0x6C, 0x29, 0x46, 0x29, 0x46, 0x29, 0x46, 0x29, 0x46, 0x29, 0x46,
    0x29, 0x46, 0x29, 0x46, 0x29, 0x46, 0x29, 0x46, 0x29, 0x46, 0x29, 0x46, 0x29, 0x46, 0x29, 0x46,
    0x7B, 0x6C, 0xD6, 0x77, 0xD6, 0x77, 0x29, 0x66, 0x29, 0x66, 0x29, 0x66, 0x29, 0x66, 0x29, 0x66,
    0x29, 0x46, 0x31, 0x87, 0x31, 0x87, 0x31, 0x87, 0x31, 0x87, 0x31, 0x87, 0x31, 0x87, 0x31, 0x87,
    0x7B, 0x6C, 0xA4, 0xF1, 0xA4, 0xF1, 0x29, 0x66, 0x29, 0x66, 0x29, 0x66, 0x29, 0x66, 0x29, 0x66,
    0x29, 0x46, 0x31, 0x87, 0x31, 0x87, 0x31, 0x87, 0x31, 0x87, 0x31, 0x87, 0x31, 0x87, 0x31, 0x87,
    0x7B, 0x6C, 0xA4, 0xF1, 0xA4, 0xF1, 0x29, 0x66, 0x29, 0x66, 0x29, 0x66, 0x29, 0x66, 0x29, 0x66,
    0x29, 0x46, 0x31, 0x87, 0x31, 0x87, 0x31, 0x87, 0x31, 0x87, 0x31, 0x87, 0x31, 0x87, 0x31, 0x87,
    0x7B, 0x6C, 0x7B, 0x6C, 0x7B, 0x6C, 0x29, 0x66, 0x29, 0x66, 0x29, 0x66, 0x29, 0x66, 0x29, 0x66,
    0x29, 0x46, 0x31, 0x87, 0x31, 0x87, 0x31, 0x87, 0x31, 0x87, 0x31, 0x87, 0x31, 0x87, 0x31, 0x87,
    0xD6, 0x77, 0xD6, 0x77, 0xD6, 0x77, 0xD6, 0x77, 0xD6, 0x77, 0x49, 0x62, 0xA3, 0x47, 0xA3, 0x47,
    0xA3, 0x47, 0xA3, 0x47, 0x49, 0x62, 0xD6, 0x77, 0xD6, 0x77, 0xD6, 0x77, 0xD6, 0x77, 0xD6, 0x77,
    0xA4, 0xF1, 0xA4, 0xF1, 0xA4, 0xF1, 0xA4, 0xF1, 0x7B, 0x6C, 0x49, 0x62, 0xDD, 0xEC, 0x49, 0x62,
    0x7A, 0x45, 0x7A, 0x45, 0x49, 0x62, 0xA4, 0xF1, 0x7B, 0x6C, 0xA4, 0xF1, 0xA4, 0xF1, 0xA4, 0xF1,
    0xA4, 0xF1, 0xA4, 0xF1, 0xA4, 0xF1, 0xA4, 0xF1, 0x7B, 0x6C, 0x49, 0x62, 0x7A, 0x45, 0x49, 0x62,
    0x7A, 0x45, 0x7A, 0x45, 0x49, 0x62, 0xA4, 0xF1, 0x7B, 0x6C, 0xA4, 0xF1, 0xA4, 0xF1, 0xA4, 0xF1,
    0x29, 0x46, 0x29, 0x46, 0x29, 0x46, 0x29, 0x46, 0x29, 0x46, 0x29, 0x46, 0x29, 0x46, 0x29, 0x46,
    0x29, 0x46, 0x29, 0x46, 0x29, 0x46, 0x29, 0x46, 0x29, 0x46, 0x7B, 0x6C, 0x7B, 0x6C, 0x7B, 0x6C,
    0x29, 0x46, 0x31, 0x87, 0x31, 0x87, 0x31, 0x87, 0x31, 0x87, 0x31, 0x87, 0x31, 0x87, 0x31, 0x87,
    0x29, 0x46, 0x29, 0x66, 0x29, 0x66, 0x29, 0x66, 0x29, 0x66, 0xD6, 0x77, 0xD6, 0x77, 0xD6, 0x77,
    0x29, 0x46, 0x31, 0x87, 0x31, 0x87, 0x31, 0x87, 0x31, 0x87, 0x31, 0x87, 0x31, 0x87, 0x31, 0x87,
    0x29, 0x46, 0x29, 0x66, 0x29, 0x66, 0x29, 0x66, 0x29, 0x66, 0xA4, 0xF1, 0xA4, 0xF1, 0xA4, 0xF1,
    0x29, 0x46, 0x31, 0x87, 0x31, 0x87, 0x31, 0x87, 0x31, 0x87, 0x31, 0x87, 0x31, 0x87, 0x31, 0x87,
    0x29, 0x46, 0x29, 0x66, 0x29, 0x66, 0x29, 0x66, 0x29, 0x66, 0xA4, 0xF1, 0xA4, 0xF1, 0xA4, 0xF1,
    0x29, 0x46, 0x31, 0x87, 0x31, 0x87, 0x31, 0x87, 0x31, 0x87, 0x31, 0x87, 0x31, 0x87, 0x31, 0x87,
    0x29, 0x46, 0x29, 0x66, 0x29, 0x66, 0x29, 0x66, 0x29, 0x66, 0x7B, 0x6C, 0x7B, 0x6C, 0x7B, 0x6C,
    0x29, 0x46, 0x31, 0x87, 0x31, 0x87, 0x31, 0x87, 0x31, 0x87, 0x31, 0x87, 0x31, 0x87, 0x31, 0x87,
    0x29, 0x46, 0x29, 0x66, 0x29, 0x66, 0x29, 0x66, 0x29, 0x66, 0xD6, 0x77, 0xD6, 0x77, 0xD6, 0x77,
    0x29, 0x46, 0x31, 0x87, 0x31, 0x87, 0x31, 0x87, 0x31, 0x87, 0x31, 0x87, 0x31, 0x87, 0x31, 0x87,
    0x29, 0x46, 0x29, 0x66, 0x29, 0x66, 0x29, 0x66, 0x29, 0x66, 0xA4, 0xF1, 0xA4, 0xF1, 0xA4, 0xF1,
    0x29, 0x46, 0x31, 0x87, 0x31, 0x87, 0x31, 0x87, 0x31, 0x87, 0x31, 0x87, 0x31, 0x87, 0x31, 0x87,
    0x29, 0x46, 0x29, 0x66, 0x29, 0x66, 0x29, 0x66, 0x29, 0x66, 0xA4, 0xF1, 0xA4, 0xF1, 0xA4, 0xF1,
    0x29, 0x46, 0x29, 0x46, 0x29, 0x46, 0x29, 0x46, 0x29, 0x46, 0x29, 0x46, 0x29, 0x46, 0x29, 0x46,
    0x29, 0x46, 0x29, 0x46, 0x29, 0x46, 0x29, 0x46, 0x29, 0x46, 0x7B, 0x6C, 0x7B, 0x6C, 0x7B, 0x6C,
    0x29, 0x46, 0x29, 0x66, 0x29, 0x66, 0x29, 0x66, 0x29, 0x66, 0x29, 0x66, 0x29, 0x66, 0x29, 0x66,
    0x29, 0x46, 0x31, 0x87, 0x31, 0x87, 0x31, 0x87, 0x31, 0x87, 0xD6, 0x77, 0xD6, 0x77, 0xD6, 0x77,
    0x29, 0x46, 0x29, 0x66, 0x29, 0x66, 0x29, 0x66, 0x29, 0x66, 0x29, 0x66, 0x29, 0x66, 0x29, 0x66,
    0x29, 0x46, 0x31, 0x87, 0x31, 0x87, 0x31, 0x87, 0x31, 0x87, 0xA4, 0xF1, 0xA4, 0xF1, 0xA4, 0xF1,
    0x29, 0x46, 0x29, 0x66, 0x29, 0x66, 0x29, 0x66, 0x29, 0x66, 0x29, 0x66, 0x29, 0x66, 0x29, 0x66,
    0x29, 0x46, 0x31, 0x87, 0x31, 0x87, 0x31, 0x87, 0x31, 0x87, 0xA4, 0xF1, 0xA4, 0xF1, 0xA4, 0xF1,
    0x29, 0x46, 0x29, 0x66, 0x29, 0x66, 0x29, 0x66, 0x29, 0x66, 0x29, 0x66, 0x29, 0x66, 0x29, 0x66,
    0x29, 0x46, 0x31, 0x87, 0x31, 0x87, 0x31, 0x87, 0x31, 0x87, 0x7B, 0x6C, 0x7B, 0x6C, 0x7B, 0x6C,
    0xD6, 0x77, 0xD6, 0x77, 0xD6, 0x77, 0xD6, 0x77, 0xD6, 0x77, 0x49, 0x62, 0xA3, 0x47, 0xA3, 0x47,
    0xA3, 0x47, 0xA3, 0x47, 0x49, 0x62, 0xD6, 0x77, 0xD6, 0x77, 0xD6, 0x77, 0xD6, 0x77, 0xD6, 0x77,
    0xA4, 0xF1, 0xA4, 0xF1, 0xA4, 0xF1, 0xA4, 0xF1, 0x7B, 0x6C, 0x49, 0x62, 0xDD, 0xEC, 0x49, 0x62,
    0x7A, 0x45, 0x7A, 0x45, 0x49, 0x62, 0xA4, 0xF1, 0x7B, 0x6C, 0xA4, 0xF1, 0xA4, 0xF1, 0xA4, 0xF1,
    0xA4, 0xF1, 0xA4, 0xF1, 0xA4, 0xF1, 0xA4, 0xF1, 0x7B, 0x6C, 0x49, 0x62, 0x7A, 0x45, 0x49, 0x62,
    0x7A, 0x45, 0x7A, 0x45, 0x49, 0x62, 0xA4, 0xF1, 0x7B, 0x6C, 0xA4, 0xF1, 0xA4, 0xF1, 0xA4, 0xF1,
    0x29, 0x46, 0x29, 0x46, 0x29, 0x46, 0x29, 0x46, 0x29, 0x46, 0x29, 0x46, 0x29, 0x46, 0x29, 0x46,
    0x29, 0x46, 0x29, 0x46, 0x29, 0x46, 0x29, 0x46, 0x29, 0x46, 0x29, 0x46, 0x29, 0x46, 0x29, 0x46,
    0x29, 0x46, 0x31, 0x87, 0x31, 0x87, 0x31, 0x87, 0x31, 0x87, 0x31, 0x87, 0x31, 0x87, 0x31, 0x87,
    0x29, 0x46, 0x29, 0x66, 0x29, 0x66, 0x29, 0x66, 0x29, 0x66, 0x29, 0x66, 0x29, 0x66, 0x29, 0x66,
    0x29, 0x46, 0x31, 0x87, 0x31, 0x87, 0x31, 0x87, 0x31, 0x87, 0x31, 0x87, 0x31, 0x87, 0x31, 0x87,
    0x29, 0x46, 0x29, 0x66, 0x29, 0x66, 0x29, 0x66, 0x29, 0x66, 0x29, 0x66, 0x29, 0x66, 0x29, 0x66,
    0x29, 0x46, 0x31, 0x87, 0x31, 0x87, 0x31, 0x87, 0x31, 0x87, 0x31, 0x87, 0x31, 0x87, 0x31, 0x87,
    0x29, 0x46, 0x29, 0x66, 0x29, 0x66, 0x29, 0x66, 0x29, 0x66, 0x29, 0x66, 0x29, 0x66, 0x29, 0x66,
    0x29, 0x46, 0x31, 0x87, 0x31, 0x87, 0x31, 0x87, 0x31, 0x87, 0x31, 0x87, 0x31, 0x87, 0x31, 0x87,
    0x29, 0x46, 0x29, 0x66, 0x29, 0x66, 0x29, 0x66, 0x29, 0x66, 0x29, 0x66, 0x29, 0x66, 0x29, 0x66,
    0x29, 0x46, 0x31, 0x87, 0x31, 0x87, 0x31, 0x87, 0x31, 0x87, 0x31, 0x87, 0x31, 0x87, 0x31, 0x87,
    0x29, 0x46, 0x29, 0x66, 0x29, 0x66, 0x29, 0x66, 0x29, 0x66, 0x29, 0x66, 0x29, 0x66, 0x29, 0x66,
    0x29, 0x46, 0x31, 0x87, 0x31, 0x87, 0x31, 0x87, 0x31, 0x87, 0x31, 0x87, 0x31, 0x87, 0x31, 0x87,
    0x29, 0x46, 0x29, 0x66, 0x29, 0x66, 0x29, 0x66, 0x29, 0x66, 0x29, 0x66, 0x29, 0x66, 0x29, 0x66,
    0x29, 0x46, 0x31, 0x87, 0x31, 0x87, 0x31, 0x87, 0x31, 0x87, 0x31, 0x87, 0x31, 0x87, 0x31, 0x87,
    0x29, 0x46, 0x29, 0x66, 0x29, 0x66, 0x29, 0x66, 0x29, 0x66, 0x29, 0x66, 0x29, 0x66, 0x29, 0x66,
    0x29, 0x46, 0x29, 0x46, 0x29, 0x46, 0x29, 0x46, 0x29, 0x46, 0x29, 0x46, 0x29, 0x46, 0x29, 0x46,
    0x29, 0x46, 0x29, 0x46, 0x29, 0x46, 0x29, 0x46, 0x29, 0x46, 0x29, 0x46, 0x29, 0x46, 0x29, 0x46,
    0x29, 0x46, 0x29, 0x66, 0x29, 0x66, 0x29, 0x66, 0x29, 0x66, 0x29, 0x66, 0x29, 0x66, 0x29, 0x66,
    0x29, 0x46, 0x31, 0x87, 0x31, 0x87, 0x31, 0x87, 0x31, 0x87, 0x31, 0x87, 0x31, 0x87, 0x31, 0x87,
    0x29, 0x46, 0x29, 0x66, 0x29, 0x66, 0x29, 0x66, 0x29, 0x66, 0x29, 0x66, 0x29, 0x66, 0x29, 0x66,
    0x29, 0x46, 0x31, 0x87, 0x31, 0x87, 0x31, 0x87, 0x31, 0x87, 0x31, 0x87, 0x31, 0x87, 0x31, 0x87,
    0x29, 0x46, 0x29, 0x66, 0x29, 0x66, 0x29, 0x66, 0x29, 0x66, 0x29, 0x66, 0x29, 0x66, 0x29, 0x66,
    0x29, 0x46, 0x31, 0x87, 0x31, 0x87, 0x31, 0x87, 0x31, 0x87, 0x31, 0x87, 0x31, 0x87, 0x31, 0x87,
    0x29, 0x46, 0x29, 0x66, 0x29, 0x66, 0x29, 0x66, 0x29, 0x66, 0x29, 0x66, 0x29, 0x66, 0x29, 0x66,
    0x29, 0x46, 0x31, 0x87, 0x31, 0x87, 0x31, 0x87, 0x31, 0x87, 0x31, 0x87, 0x31, 0x87, 0x31, 0x87,
    0xD6, 0x77, 0xD6, 0x77, 0xD6, 0x77, 0xD6, 0x77, 0xD6, 0x77, 0x49, 0x62, 0xA3, 0x47, 0xA3, 0x47,
    0xA3, 0x47, 0xA3, 0x47, 0x49, 0x62, 0xD6, 0x77, 0xD6, 0x77, 0xD6, 0x77, 0xD6, 0x77, 0xD6, 0x77,
    0xA4, 0xF1, 0xA4, 0xF1, 0xA4, 0xF1, 0xA4, 0xF1, 0x7B, 0x6C, 0x49, 0x62, 0xDD, 0xEC, 0x49, 0x62,
    0x7A, 0x45, 0x7A, 0x45, 0x49, 0x62, 0xA4, 0xF1, 0x7B, 0x6C, 0xA4, 0xF1, 0xA4, 0xF1, 0xA4, 0xF1,
    0xA4, 0xF1, 0xA4, 0xF1, 0xA4, 0xF1, 0xA4, 0xF1, 0x7B, 0x6C, 0x49, 0x62, 0x7A, 0x45, 0x49, 0x62,
    0x7A, 0x45, 0x7A, 0x45, 0x49, 0x62, 0xA4, 0xF1, 0x7B, 0x6C, 0xA4, 0xF1, 0xA4, 0xF1, 0xA4, 0xF1,
    0x7B, 0x6C, 0x7B, 0x6C, 0x7B, 0x6C, 0x7B, 0x6C, 0x7B, 0x6C, 0x49, 0x62, 0x7A, 0x45, 0x49, 0x62,
    0x7A, 0x45, 0x7A, 0x45, 0x49, 0x62, 0x7B, 0x6C, 0x7B, 0x6C, 0x7B, 0x6C, 0x7B, 0x6C, 0x7B, 0x6C,
    0x7B, 0x6C, 0xD6, 0x77, 0xD6, 0x77, 0xD6, 0x77, 0xD6, 0x77, 0x49, 0x62, 0xDD, 0xEC, 0x49, 0x62,
    0x7A, 0x45, 0x7A, 0x45, 0x49, 0x62, 0xD6, 0x77, 0xD6, 0x77, 0xD6, 0x77, 0xD6, 0x77, 0xD6, 0x77,
    0x7B, 0x6C, 0xA4, 0xF1, 0xA4, 0xF1, 0xA4, 0xF1, 0xA4, 0xF1, 0x49, 0x62, 0xA3, 0x47, 0xA3, 0x47,
    0xA3, 0x47, 0xA3, 0x47, 0x49, 0x62, 0xA4, 0xF1, 0xA4, 0xF1, 0xA4, 0xF1, 0xA4, 0xF1, 0xA4, 0xF1,
    0x7B, 0x6C, 0xA4, 0xF1, 0xA4, 0xF1, 0xA4, 0xF1, 0xA4, 0xF1, 0xA4, 0xF1, 0xA4, 0xF1, 0xA4, 0xF1,
    0x7B, 0x6C, 0xA4, 0xF1, 0xA4, 0xF1, 0xA4, 0xF1, 0xA4, 0xF1, 0xA4, 0xF1, 0xA4, 0xF1, 0xA4, 0xF1,
    0x7B, 0x6C, 0x7B, 0x6C, 0x7B, 0x6C, 0x7B, 0x6C, 0x7B, 0x6C, 0x7B, 0x6C, 0x7B, 0x6C, 0x7B, 0x6C,
    0x7B, 0x6C, 0x7B, 0x6C, 0x7B, 0x6C, 0x7B, 0x6C, 0x7B, 0x6C, 0x7B, 0x6C, 0x7B, 0x6C, 0x7B, 0x6C,
    0xD6, 0x77, 0xD6, 0x77, 0xD6, 0x77, 0xD6, 0x77, 0x7B, 0x6C, 0xD6, 0x77, 0xD6, 0x77, 0xD6, 0x77,
    0xD6, 0x77, 0xD6, 0x77, 0xD6, 0x77, 0xD6, 0x77, 0x7B, 0x6C, 0xD6, 0x77, 0xD6, 0x77, 0xD6, 0x77,
    0xA4, 0xF1, 0xA4, 0xF1, 0xA4, 0xF1, 0xA4, 0xF1, 0x7B, 0x6C, 0xA4, 0xF1, 0xA4, 0xF1, 0xA4, 0xF1,
    0xA4, 0xF1, 0xA4, 0xF1, 0xA4, 0xF1, 0xA4, 0xF1, 0x7B, 0x6C, 0xA4, 0xF1, 0xA4, 0xF1, 0xA4, 0xF1,
    0xA4, 0xF1, 0xA4, 0xF1, 0xA4, 0xF1, 0xA4, 0xF1, 0x7B, 0x6C, 0xA4, 0xF1, 0xA4, 0xF1, 0xA4, 0xF1,
    0xA4, 0xF1, 0xA4, 0xF1, 0xA4, 0xF1, 0xA4, 0xF1, 0x7B, 0x6C, 0xA4, 0xF1, 0xA4, 0xF1, 0xA4, 0xF1,
    0x7B, 0x6C, 0x7B, 0x6C, 0x7B, 0x6C, 0x7B, 0x6C, 0x7B, 0x6C, 0x7B, 0x6C, 0x7B, 0x6C, 0x7B, 0x6C,
    0x7B, 0x6C, 0x7B, 0x6C, 0x7B, 0x6C, 0x7B, 0x6C, 0x7B, 0x6C, 0x7B, 0x6C, 0x7B, 0x6C, 0x7B, 0x6C,
    0x7B, 0x6C, 0xD6, 0x77, 0xD6, 0x77, 0xD6, 0x77, 0xD6, 0x77, 0xD6, 0x77, 0xD6, 0x77, 0xD6, 0x77,
    0x7B, 0x6C, 0xD6, 0x77, 0xD6, 0x77, 0xD6, 0x77, 0xD6, 0x77, 0xD6, 0x77, 0xD6, 0x77, 0xD6, 0x77,
    0x7B, 0x6C, 0xA4, 0xF1, 0xA4, 0xF1, 0xA4, 0xF1, 0xA4, 0xF1, 0xA4, 0xF1, 0xA4, 0xF1, 0xA4, 0xF1,
    0x7B, 0x6C, 0xA4, 0xF1, 0xA4, 0xF1, 0xA4, 0xF1, 0xA4, 0xF1, 0xA4, 0xF1, 0xA4, 0xF1, 0xA4, 0xF1,
    0x7B, 0x6C, 0xA4, 0xF1, 0xA4, 0xF1, 0xA4, 0xF1, 0xA4, 0xF1, 0xA4, 0xF1, 0xA4, 0xF1, 0xA4, 0xF1,
    0x7B, 0x6C, 0xA4, 0xF1, 0xA4, 0xF1, 0xA4, 0xF1, 0xA4, 0xF1, 0xA4, 0xF1, 0xA4, 0xF1, 0xA4, 0xF1,
    0x7B, 0x6C, 0x7B, 0x6C, 0x7B, 0x6C, 0x7B, 0x6C, 0x7B, 0x6C, 0x7B, 0x6C, 0x7B, 0x6C, 0x7B, 0x6C,
    0x7B, 0x6C, 0x7B, 0x6C, 0x7B, 0x6C, 0x7B, 0x6C, 0x7B, 0x6C, 0x7B, 0x6C, 0x7B, 0x6C, 0x7B, 0x6C,
    0xD6, 0x77, 0xD6, 0x77, 0xD6, 0x77, 0xD6, 0x77, 0x7B, 0x6C, 0xD6, 0x77, 0xD6, 0x77, 0xD6, 0x77,
    0xD6, 0x77, 0xD6, 0x77, 0xD6, 0x77, 0xD6, 0x77, 0x7B, 0x6C, 0xD6, 0x77, 0xD6, 0x77, 0xD6, 0x77,
    0xA4, 0xF1, 0xA4, 0xF1, 0xA4, 0xF1, 0xA4, 0xF1, 0x7B, 0x6C, 0xA4, 0xF1, 0xA4, 0xF1, 0xA4, 0xF1,
    0xA4, 0xF1, 0xA4, 0xF1, 0xA4, 0xF1, 0xA4, 0xF1, 0x7B, 0x6C, 0xA4, 0xF1, 0xA4, 0xF1, 0xA4, 0xF1,
    0xA4, 0xF1, 0xA4, 0xF1, 0xA4, 0xF1, 0xA4, 0xF1, 0x7B, 0x6C, 0xA4, 0xF1, 0xA4, 0xF1, 0xA4, 0xF1,
    0xA4, 0xF1, 0xA4, 0xF1, 0xA4, 0xF1, 0xA4, 0xF1, 0x7B, 0x6C, 0xA4, 0xF1, 0xA4, 0xF1, 0xA4, 0xF1,
    0x7B, 0x6C, 0x7B, 0x6C, 0x7B, 0x6C, 0x7B, 0x6C, 0x7B, 0x6C, 0x49, 0x62, 0x7A, 0x45, 0x49, 0x62,
    0x7A, 0x45, 0x7A, 0x45, 0x49, 0x62, 0x7B, 0x6C, 0x7B, 0x6C, 0x7B, 0x6C, 0x7B, 0x6C, 0x7B, 0x6C,
    0x7B, 0x6C, 0xD6, 0x77, 0xD6, 0x77, 0xD6, 0x77, 0xD6, 0x77, 0x49, 0x62, 0xDD, 0xEC, 0x49, 0x62,
    0x7A, 0x45, 0x7A, 0x45, 0x49, 0x62, 0xD6, 0x77, 0xD6, 0x77, 0xD6, 0x77, 0xD6, 0x77, 0xD6, 0x77,
    0x7B, 0x6C, 0xA4, 0xF1, 0xA4, 0xF1, 0xA4, 0xF1, 0xA4, 0xF1, 0x49, 0x62, 0xA3, 0x47, 0xA3, 0x47,
    0xA3, 0x47, 0xA3, 0x47, 0x49, 0x62, 0xA4, 0xF1, 0xA4, 0xF1, 0xA4, 0xF1, 0xA4, 0xF1, 0xA4, 0xF1,
    0x20, 0xE4, 0x20, 0xE4, 0x20, 0xE4, 0x20, 0xE4, 0x20, 0xE4, 0x20, 0xE4, 0x20, 0xE4, 0x20, 0xE4,
    0x20, 0xE4, 0x20, 0xE4, 0x20, 0xE4, 0x20, 0xE4, 0x20, 0xE4, 0xA4, 0xF1, 0xA4, 0xF1, 0xA4, 0xF1,
    0x29, 0x46, 0x31, 0x87, 0x31, 0x87, 0x31, 0x87, 0x31, 0x87, 0x31, 0x87, 0x31, 0x87, 0x31, 0x87,
    0x29, 0x46, 0x29, 0x66, 0x29, 0x66, 0x29, 0x66, 0x29, 0x66, 0x7B, 0x6C, 0x7B, 0x6C, 0x7B, 0x6C,
    0x29, 0x46, 0x31, 0x87, 0x31, 0x87, 0x31, 0x87, 0x31, 0x87, 0x31, 0x87, 0x31, 0x87, 0x31, 0x87,
    0x29, 0x46, 0x29, 0x66, 0x29, 0x66, 0x29, 0x66, 0x29, 0x66, 0xD6, 0x77, 0xD6, 0x77, 0xD6, 0x77,
    0x29, 0x46, 0x31, 0x87, 0x31, 0x87, 0x31, 0x87, 0x31, 0x87, 0x31, 0x87, 0x31, 0x87, 0x31, 0x87,
    0x29, 0x46, 0x29, 0x66, 0x29, 0x66, 0x29, 0x66, 0x29, 0x66, 0xA4, 0xF1, 0xA4, 0xF1, 0xA4, 0xF1,
    0x29, 0x46, 0x31, 0x87, 0x31, 0x87, 0x31, 0x87, 0x31, 0x87, 0x31, 0x87, 0x31, 0x87, 0x31, 0x87,
    0x29, 0x46, 0x29, 0x66, 0x29, 0x66, 0x29, 0x66, 0x29, 0x66, 0xA4, 0xF1, 0xA4, 0xF1, 0xA4, 0xF1,
    0x29, 0x46, 0x29, 0x46, 0x29, 0x46, 0x29, 0x46, 0x29, 0x46, 0x29, 0x46, 0x29, 0x46, 0x29, 0x46,
    0x29, 0x46, 0x29, 0x46, 0x29, 0x46, 0x29, 0x46, 0x29, 0x46, 0x7B, 0x6C, 0x7B, 0x6C, 0x7B, 0x6C,
    0x29, 0x46, 0x29, 0x66, 0x29, 0x66, 0x29, 0x66, 0x29, 0x66, 0x29, 0x66, 0x29, 0x66, 0x29, 0x66,
    0x29, 0x46, 0x31, 0x87, 0x31, 0x87, 0x31, 0x87, 0x31, 0x87, 0xD6, 0x77, 0xD6, 0x77, 0xD6, 0x77,
    0x29, 0x46, 0x29, 0x66, 0x29, 0x66, 0x29, 0x66, 0x29, 0x66, 0x29, 0x66, 0x29, 0x66, 0x29, 0x66,
    0x29, 0x46, 0x31, 0x87, 0x31, 0x87, 0x31, 0x87, 0x31, 0x87, 0xA4, 0xF1, 0xA4, 0xF1, 0xA4, 0xF1,
    0x29, 0x46, 0x29, 0x66, 0x29, 0x66, 0x29, 0x66, 0x29, 0x66, 0x29, 0x66, 0x29, 0x66, 0x29, 0x66,
    0x29, 0x46, 0x31, 0x87, 0x31, 0x87, 0x31, 0x87, 0x31, 0x87, 0xA4, 0xF1, 0xA4, 0xF1, 0xA4, 0xF1,
    0x29, 0x46, 0x29, 0x66, 0x29, 0x66, 0x29, 0x66, 0x29, 0x66, 0x29, 0x66, 0x29, 0x66, 0x29, 0x66,
    0x29, 0x46, 0x31, 0x87, 0x31, 0x87, 0x31, 0x87, 0x31, 0x87, 0x7B, 0x6C, 0x7B, 0x6C, 0x7B, 0x6C,
    0x29, 0x46, 0x29, 0x66, 0x29, 0x66, 0x29, 0x66, 0x29, 0x66, 0x29, 0x66, 0x29, 0x66, 0x29, 0x66,
    0x29, 0x46, 0x31, 0x87, 0x31, 0x87, 0x31, 0x87, 0x31, 0x87, 0xD6, 0x77, 0xD6, 0x77, 0xD6, 0x77,
    0x29, 0x46, 0x29, 0x66, 0x29, 0x66, 0x29, 0x66, 0x29, 0x66, 0x29, 0x66, 0x29, 0x66, 0x29, 0x66,
    0x29, 0x46, 0x31, 0x87, 0x31, 0x87, 0x31, 0x87, 0x31, 0x87, 0xA4, 0xF1, 0xA4, 0xF1, 0xA4, 0xF1,
    0x29, 0x46, 0x29, 0x66, 0x29, 0x66, 0x29, 0x66, 0x29, 0x66, 0x29, 0x66, 0x29, 0x66, 0x29, 0x66,
    0x29, 0x46, 0x31, 0x87, 0x31, 0x87, 0x31, 0x87, 0x31, 0x87, 0xA4, 0xF1, 0xA4, 0xF1, 0xA4, 0xF1,
    0x7B, 0x6C, 0x7B, 0x6C, 0x7B, 0x6C, 0x7B, 0x6C, 0x7B, 0x6C, 0x49, 0x62, 0x7A, 0x45, 0x49, 0x62,
    0x7A, 0x45, 0x7A, 0x45, 0x49, 0x62, 0x7B, 0x6C, 0x7B, 0x6C, 0x7B, 0x6C, 0x7B, 0x6C, 0x7B, 0x6C,
    0x7B, 0x6C, 0xD6, 0x77, 0xD6, 0x77, 0xD6, 0x77, 0xD6, 0x77, 0x49, 0x62, 0xDD, 0xEC, 0x49, 0x62,
    0x7A, 0x45, 0x7A, 0x45, 0x49, 0x62, 0xD6, 0x77, 0xD6, 0x77, 0xD6, 0x77, 0xD6, 0x77, 0xD6, 0x77,
    0x7B, 0x6C, 0xA4, 0xF1, 0xA4, 0xF1, 0xA4, 0xF1, 0xA4, 0xF1, 0x49, 0x62, 0xA3, 0x47, 0xA3, 0x47,
    0xA3, 0x47, 0xA3, 0x47, 0x49, 0x62, 0xA4, 0xF1, 0xA4, 0xF1, 0xA4, 0xF1, 0xA4, 0xF1, 0xA4, 0xF1,
    0x7B, 0x6C, 0xA4, 0xF1, 0xA4, 0xF1, 0x20, 0xE4, 0x20, 0xE4, 0x20, 0xE4, 0x20, 0xE4, 0x20, 0xE4,
    0x20, 0xE4, 0x20, 0xE4, 0x20, 0xE4, 0x20, 0xE4, 0x20, 0xE4, 0x20, 0xE4, 0x20, 0xE4, 0x20, 0xE4,
    0x7B, 0x6C, 0x7B, 0x6C, 0x7B, 0x6C, 0x31, 0x87, 0x31, 0x87, 0x31, 0x87, 0x31, 0x87, 0x31, 0x87,
    0x29, 0x46, 0x29, 0x66, 0x29, 0x66, 0x29, 0x66, 0x29, 0x66, 0x29, 0x66, 0x29, 0x66, 0x29, 0x66,
    0xD6, 0x77, 0xD6, 0x77, 0xD6, 0x77, 0x31, 0x87, 0x31, 0x87, 0x31, 0x87, 0x31, 0x87, 0x31, 0x87,
    0x29, 0x46, 0x29, 0x66, 0x29, 0x66, 0x29, 0x66, 0x29, 0x66, 0x29, 0x66, 0x29, 0x66, 0x29, 0x66,
    0xA4, 0xF1, 0xA4, 0xF1, 0xA4, 0xF1, 0x31, 0x87, 0x31, 0x87, 0x31, 0x87, 0x31, 0x87, 0x31, 0x87,
    0x29, 0x46, 0x29, 0x66, 0x29, 0x66, 0x29, 0x66, 0x29, 0x66, 0x29, 0x66, 0x29, 0x66, 0x29, 0x66,
    0xA4, 0xF1, 0xA4, 0xF1, 0xA4, 0xF1, 0x31, 0x87, 0x31, 0x87, 0x31, 0x87, 0x31, 0x87, 0x31, 0x87,
    0x29, 0x46, 0x29, 0x66, 0x29, 0x66, 0x29, 0x66, 0x29, 0x66, 0x29, 0x66, 0x29, 0x66, 0x29, 0x66,
    0x7B, 0x6C, 0x7B, 0x6C, 0x7B, 0x6C, 0x29, 0x46, 0x29, 0x46, 0x29, 0x46, 0x29, 0x46, 0x29, 0x46,
    0x29, 0x46, 0x29, 0x46, 0x29, 0x46, 0x29, 0x46, 0x29, 0x46, 0x29, 0x46, 0x29, 0x46, 0x29, 0x46,
    0x7B, 0x6C, 0xD6, 0x77, 0xD6, 0x77, 0x29, 0x66, 0x29, 0x66, 0x29, 0x66, 0x29, 0x66, 0x29, 0x66,
    0x29, 0x46, 0x31, 0x87, 0x31, 0x87, 0x31, 0x87, 0x31, 0x87, 0x31, 0x87, 0x31, 0x87, 0x31, 0x87,
    0x7B, 0x6C, 0xA4, 0xF1, 0xA4, 0xF1, 0x29, 0x66, 0x29, 0x66, 0x29, 0x66, 0x29, 0x66, 0x29, 0x66,
    0x29, 0x46, 0x31, 0x87, 0x31, 0x87, 0x31, 0x87, 0x31, 0x87, 0x31, 0x87, 0x31, 0x87, 0x31, 0x87,
    0x7B, 0x6C, 0xA4, 0xF1, 0xA4, 0xF1, 0x29, 0x66, 0x29, 0x66, 0x29, 0x66, 0x29, 0x66, 0x29, 0x66,
    0x29, 0x46, 0x31, 0x87, 0x31, 0x87, 0x31, 0x87, 0x31, 0x87, 0x31, 0x87, 0x31, 0x87, 0x31, 0x87,
    0x7B, 0x6C, 0x7B, 0x6C, 0x7B, 0x6C, 0x29, 0x66, 0x29, 0x66, 0x29, 0x66, 0x29, 0x66, 0x29, 0x66,
    0x29, 0x46, 0x31, 0x87, 0x31, 0x87, 0x31, 0x87, 0x31, 0x87, 0x31, 0x87, 0x31, 0x87, 0x31, 0x87,
    0xD6, 0x77, 0xD6, 0x77, 0xD6, 0x77, 0x29, 0x66, 0x29, 0x66, 0x29, 0x66, 0x29, 0x66, 0x29, 0x66,
    0x29, 0x46, 0x31, 0x87, 0x31, 0x87, 0x31, 0x87, 0x31, 0x87, 0x31, 0x87, 0x31, 0x87, 0x31, 0x87,
    0xA4, 0xF1, 0xA4, 0xF1, 0xA4, 0xF1, 0x29, 0x66, 0x29, 0x66, 0x29, 0x66, 0x29, 0x66, 0x29, 0x66,
    0x29, 0x46, 0x31, 0x87, 0x31, 0x87, 0x31, 0x87, 0x31, 0x87, 0x31, 0x87, 0x31, 0x87, 0x31, 0x87,
    0xA4, 0xF1, 0xA4, 0xF1, 0xA4, 0xF1, 0x29, 0x66, 0x29, 0x66, 0x29, 0x66, 0x29, 0x66, 0x29, 0x66,
    0x29, 0x46, 0x31, 0x87, 0x31, 0x87, 0x31, 0x87, 0x31, 0x87, 0x31, 0x87, 0x31, 0x87, 0x31, 0x87,
    0x7B, 0x6C, 0x7B, 0x6C, 0x7B, 0x6C, 0x7B, 0x6C, 0x7B, 0x6C, 0x49, 0x62, 0x7A, 0x45, 0x49, 0x62,
    0x7A, 0x45, 0x7A, 0x45, 0x49, 0x62, 0x7B, 0x6C, 0x7B, 0x6C, 0x7B, 0x6C, 0x7B, 0x6C, 0x7B, 0x6C,
    0x7B, 0x6C, 0xD6, 0x77, 0xD6, 0x77, 0xD6, 0x77, 0xD6, 0x77, 0x49, 0x62, 0xDD, 0xEC, 0x49, 0x62,
    0x7A, 0x45, 0x7A, 0x45, 0x49, 0x62, 0xD6, 0x77, 0xD6, 0x77, 0xD6, 0x77, 0xD6, 0x77, 0xD6, 0x77,
    0x7B, 0x6C, 0xA4, 0xF1, 0xA4, 0xF1, 0xA4, 0xF1, 0xA4, 0xF1, 0x49, 0x62, 0xA3, 0x47, 0xA3, 0x47,
    0xA3, 0x47, 0xA3, 0x47, 0x49, 0x62, 0xA4, 0xF1, 0xA4, 0xF1, 0xA4, 0xF1, 0xA4, 0xF1, 0xA4, 0xF1,
    0x20, 0xE4, 0x20, 0xE4, 0x20, 0xE4, 0x20, 0xE4, 0x20, 0xE4, 0x20, 0xE4, 0x20, 0xE4, 0x20, 0xE4,
    0x20, 0xE4, 0x20, 0xE4, 0x20, 0xE4, 0x20, 0xE4, 0x20, 0xE4, 0x20, 0xE4, 0x20, 0xE4, 0x20, 0xE4,
    0x29, 0x46, 0x31, 0x87, 0x31, 0x87, 0x31, 0x87, 0x31, 0x87, 0x31, 0x87, 0x31, 0x87, 0x31, 0x87,
    0x29, 0x46, 0x29, 0x66, 0x29, 0x66, 0x29, 0x66, 0x29, 0x66, 0x29, 0x66, 0x29, 0x66, 0x29, 0x66,
    0x29, 0x46, 0x31, 0x87, 0x31, 0x87, 0x31, 0x87, 0x31, 0x87, 0x31, 0x87, 0x31, 0x87, 0x31, 0x87,
    0x29, 0x46, 0x29, 0x66, 0x29, 0x66, 0x29, 0x66, 0x29, 0x66, 0x29, 0x66, 0x29, 0x66, 0x29, 0x66,
    0x29, 0x46, 0x31, 0x87, 0x31, 0x87, 0x31, 0x87, 0x31, 0x87, 0x31, 0x87, 0x31, 0x87, 0x31, 0x87,
    0x29, 0x46, 0x29, 0x66, 0x29, 0x66, 0x29, 0x66, 0x29, 0x66, 0x29, 0x66, 0x29, 0x66, 0x29, 0x66,
    0x29, 0x46, 0x31, 0x87, 0x31, 0x87, 0x31, 0x87, 0x31, 0x87, 0x31, 0x87, 0x31, 0x87, 0x31, 0x87,
    0x29, 0x46, 0x29, 0x66, 0x29, 0x66, 0x29, 0x66, 0x29, 0x66, 0x29, 0x66, 0x29, 0x66, 0x29, 0x66,
    0x29, 0x46, 0x29, 0x46, 0x29, 0x46, 0x29, 0x46, 0x29, 0x46, 0x29, 0x46, 0x29, 0x46, 0x29, 0x46,
    0x29, 0x46, 0x29, 0x46, 0x29, 0x46, 0x29, 0x46, 0x29, 0x46, 0x29, 0x46, 0x29, 0x46, 0x29, 0x46,
    0x29, 0x46, 0x29, 0x66, 0x29, 0x66, 0x29, 0x66, 0x29, 0x66, 0x29, 0x66, 0x29, 0x66, 0x29, 0x66,
    0x29, 0x46, 0x31, 0x87, 0x31, 0x87, 0x31, 0x87, 0x31, 0x87, 0x31, 0x87, 0x31, 0x87, 0x31, 0x87,
    0x29, 0x46, 0x29, 0x66, 0x29, 0x66, 0x29, 0x66, 0x29, 0x66, 0x29, 0x66, 0x29, 0x66, 0x29, 0x66,
    0x29, 0x46, 0x31, 0x87, 0x31, 0x87, 0x31, 0x87, 0x31, 0x87, 0x31, 0x87, 0x31, 0x87, 0x31, 0x87,
    0x29, 0x46, 0x29, 0x66, 0x29, 0x66, 0x29, 0x66, 0x29, 0x66, 0x29, 0x66, 0x29, 0x66, 0x29, 0x66,
    0x29, 0x46, 0x31, 0x87, 0x31, 0x87, 0x31, 0x87, 0x31, 0x87, 0x31, 0x87, 0x31, 0x87, 0x31, 0x87,
    0x29, 0x46, 0x29, 0x66, 0x29, 0x66, 0x29, 0x66, 0x29, 0x66, 0x29, 0x66, 0x29, 0x66, 0x29, 0x66,
    0x29, 0x46, 0x31, 0x87, 0x31, 0x87, 0x31, 0x87, 0x31, 0x87, 0x31, 0x87, 0x31, 0x87, 0x31, 0x87,
    0x29, 0x46, 0x29, 0x66, 0x29, 0x66, 0x29, 0x66, 0x29, 0x66, 0x29, 0x66, 0x29, 0x66, 0x29, 0x66,
    0x29, 0x46, 0x31, 0x87, 0x31, 0x87, 0x31, 0x87, 0x31, 0x87, 0x31, 0x87, 0x31, 0x87, 0x31, 0x87,
    0x29, 0x46, 0x29, 0x66, 0x29, 0x66, 0x29, 0x66, 0x29, 0x66, 0x29, 0x66, 0x29, 0x66, 0x29, 0x66,
    0x29, 0x46, 0x31, 0x87, 0x31, 0x87, 0x31, 0x87, 0x31, 0x87, 0x31, 0x87, 0x31, 0x87, 0x31, 0x87,
    0x29, 0x46, 0x29, 0x66, 0x29, 0x66, 0x29, 0x66, 0x29, 0x66, 0x29, 0x66, 0x29, 0x66, 0x29, 0x66,
    0x29, 0x46, 0x31, 0x87, 0x31, 0x87, 0x31, 0x87, 0x31, 0x87, 0x31, 0x87, 0x31, 0x87, 0x31, 0x87,
    0x29, 0x46, 0x29, 0x46, 0x29, 0x46, 0x29, 0x46, 0x29, 0x46, 0x29, 0x46, 0x29, 0x46, 0x29, 0x46,
    0x29, 0x46, 0x29, 0x46, 0x29, 0x46, 0x29, 0x46, 0x29, 0x46, 0x29, 0x46, 0x29, 0x46, 0x29, 0x46,
    0x29, 0x46, 0x31, 0x87, 0x31, 0x87, 0x31, 0x87, 0x31, 0x87, 0x31, 0x87, 0x31, 0x87, 0x31, 0x87,
    0x29, 0x46, 0x29, 0x66, 0x29, 0x66, 0x29, 0x66, 0x29, 0x66, 0x29, 0x66, 0x29, 0x66, 0x29, 0x66,
    0x29, 0x46, 0x31, 0x87, 0x31, 0x87, 0x31, 0x87, 0x31, 0x87, 0x31, 0x87, 0x31, 0x87, 0x31, 0x87,
    0x29, 0x46, 0x29, 0x66, 0x29, 0x66, 0x29, 0x66, 0x29, 0x66, 0x29, 0x66, 0x29, 0x66, 0x29, 0x66,
    0x29, 0x46, 0x31, 0x87, 0x31, 0x87, 0x31, 0x87, 0x31, 0x87, 0x31, 0x87, 0x31, 0x87, 0x31, 0x87,
    0x29, 0x46, 0x29, 0x66, 0x29, 0x66, 0x29, 0x66, 0x29, 0x66, 0x29, 0x66, 0x29, 0x66, 0x29, 0x66,
    0x29, 0x46, 0x31, 0x87, 0x31, 0x87, 0x31, 0x87, 0x31, 0x87, 0x31, 0x87, 0x31, 0x87, 0x31, 0x87,
    0x29, 0x46, 0x29, 0x66, 0x29, 0x66, 0x29, 0x66, 0x29, 0x66, 0x29, 0x66, 0x29, 0x66, 0x29, 0x66,
    0x29, 0x46, 0x31, 0x87, 0x31, 0x87, 0x31, 0x87, 0x31, 0x87, 0x31, 0x87, 0x31, 0x87, 0x31, 0x87,
    0x29, 0x46, 0x29, 0x66, 0x29, 0x66, 0x29, 0x66, 0x29, 0x66, 0x29, 0x66, 0x29, 0x66, 0x29, 0x66,
    0x29, 0x46, 0x31, 0x87, 0x31, 0x87, 0x31, 0x87, 0x31, 0x87, 0x31, 0x87, 0x31, 0x87, 0x31, 0x87,
    0xD3, 0x03, 0x29, 0x66, 0x29, 0x66, 0x29, 0x66, 0x29, 0x66, 0x29, 0x66, 0x29, 0x66, 0x29, 0x66,
    0x29, 0x46, 0x31, 0x87, 0x31, 0x87, 0x31, 0x87, 0x31, 0x87, 0x31, 0x87, 0x31, 0x87, 0xD3, 0x03,
    0x29, 0x46, 0x29, 0x66, 0x29, 0x66, 0x29, 0x66, 0x29, 0x66, 0x29, 0x66, 0x29, 0x66, 0x29, 0x66,
    0x29, 0x46, 0x29, 0x46, 0x29, 0x46, 0x29, 0x46, 0x29, 0x46, 0x29, 0x46, 0x29, 0x46, 0xF4, 0xE5,
    0xF4, 0xE5, 0x29, 0x46, 0x29, 0x46, 0x29, 0x46, 0x29, 0x46, 0x29, 0x46, 0x29, 0x46, 0x29, 0x46,
    0x29, 0x46, 0x29, 0x66, 0x29, 0x66, 0x29, 0x66, 0x29, 0x66, 0x29, 0x66, 0xD3, 0x03, 0xFF, 0x10,
    0xFF, 0x10, 0xD3, 0x03, 0x31, 0x87, 0x31, 0x87, 0x31, 0x87, 0x31, 0x87, 0x31, 0x87, 0x31, 0x87,
    0x29, 0x46, 0x29, 0x66, 0x29, 0x66, 0x29, 0x66, 0x29, 0x66, 0x29, 0x66, 0x59, 0xE4, 0xF4, 0xE5,
    0xF4, 0xE5, 0x59, 0xE4, 0x31, 0x87, 0x31, 0x87, 0x31, 0x87, 0x31, 0x87, 0x31, 0x87, 0x31, 0x87,
    0x29, 0x46, 0x29, 0x66, 0x29, 0x66, 0x29, 0x66, 0x29, 0x66, 0x6B, 0x0B, 0x59, 0xE4, 0x59, 0xE4,
    0x59, 0xE4, 0x59, 0xE4, 0x6B, 0x0B, 0x31, 0x87, 0x31, 0x87, 0x31, 0x87, 0x31, 0x87, 0x31, 0x87,
    0x29, 0x46, 0x29, 0x66, 0x29, 0x66, 0x29, 0x66, 0x29, 0x66, 0x29, 0x66, 0x29, 0x66, 0x29, 0x66,
    0x29, 0x46, 0x31, 0x87, 0x31, 0x87, 0x31, 0x87, 0x31, 0x87, 0x31, 0x87, 0x31, 0x87, 0x31, 0x87,
    0x29, 0x46, 0x29, 0x66, 0x29, 0x66, 0x29, 0x66, 0x29, 0x66, 0x29, 0x66, 0x29, 0x66, 0x29, 0x66,
    0x29, 0x46, 0x31, 0x87, 0x31, 0x87, 0x31, 0x87, 0x31, 0x87, 0x31, 0x87, 0x31, 0x87, 0x31, 0x87,
    0x29, 0x46, 0x29, 0x66, 0x29, 0x66, 0x29, 0x66, 0x29, 0x66, 0x29, 0x66, 0x29, 0x66, 0x29, 0x66,
    0x29, 0x46, 0x31, 0x87, 0x31, 0x87, 0x31, 0x87, 0x31, 0x87, 0x31, 0x87, 0x31, 0x87, 0x31, 0x87,
    0x29, 0x46, 0x29, 0x66, 0x29, 0x66, 0x29, 0x66, 0x29, 0x66, 0x29, 0x66, 0x29, 0x66, 0x29, 0x66,
    0x29, 0x46, 0x31, 0x87, 0x31, 0x87, 0x31, 0x87, 0x31, 0x87, 0x31, 0x87, 0x31, 0x87, 0x31, 0x87,
};

static const uint8_t wfc_tile_island[9216u] = {
    0x22, 0xB5, 0x22, 0xB5, 0x22, 0xB5, 0x22, 0xB5, 0x22, 0xB5, 0x22, 0xB5, 0x22, 0xB5, 0x22, 0xB5,
    0x22, 0xB5, 0x22, 0xB5, 0x22, 0xB5, 0x22, 0xB5, 0x22, 0xB5, 0x22, 0xB5, 0x22, 0xB5, 0x22, 0xB5,
    0x4C, 0x3A, 0x4C, 0x3A, 0x22, 0xB5, 0x22, 0xB5, 0x22, 0xB5, 0x22, 0xB5, 0x22, 0xB5, 0x22, 0xB5,
    0x4C, 0x3A, 0x4C, 0x3A, 0x22, 0xB5, 0x22, 0xB5, 0x22, 0xB5, 0x22, 0xB5, 0x22, 0xB5, 0x22, 0xB5,
    0x22, 0xB5, 0x22, 0xB5, 0x22, 0xB5, 0x22, 0xB5, 0x22, 0xB5, 0x22, 0xB5, 0x22, 0xB5, 0x22, 0xB5,
    0x22, 0xB5, 0x22, 0xB5, 0x22, 0xB5, 0x22, 0xB5, 0x22, 0xB5, 0x22, 0xB5, 0x22, 0xB5, 0x22, 0xB5,
    0x22, 0xB5, 0x22, 0xB5, 0x11, 0xD0, 0x22, 0xB5, 0x22, 0xB5, 0x22, 0xB5, 0x11, 0xD0, 0x22, 0xB5,
    0x22, 0xB5, 0x22, 0xB5, 0x11, 0xD0, 0x22, 0xB5, 0x22, 0xB5, 0x22, 0xB5, 0x11, 0xD0, 0x22, 0xB5,
    0x22, 0xB5, 0x22, 0xB5, 0x22, 0xB5, 0x22, 0xB5, 0x22, 0xB5, 0x22, 0xB5, 0x22, 0xB5, 0x22, 0xB5,
    0x22, 0xB5, 0x22, 0xB5, 0x22, 0xB5, 0x22, 0xB5, 0x22, 0xB5, 0x22, 0xB5, 0x22, 0xB5, 0x22, 0xB5,
    0x22, 0xB5, 0x22, 0xB5, 0x22, 0xB5, 0x22, 0xB5, 0x4C, 0x3A, 0x4C, 0x3A, 0x22, 0xB5, 0x22, 0xB5,
    0x22, 0xB5, 0x22, 0xB5, 0x22, 0xB5, 0x22, 0xB5, 0x4C, 0x3A, 0x4C, 0x3A, 0x22, 0xB5, 0x22, 0xB5,
    0x22, 0xB5, 0x22, 0xB5, 0x22, 0xB5, 0x22, 0xB5, 0x22, 0xB5, 0x22, 0xB5, 0x22, 0xB5, 0x22, 0xB5,
    0x22, 0xB5, 0x22, 0xB5, 0x22, 0xB5, 0x22, 0xB5, 0x22, 0xB5, 0x22, 0xB5, 0x22, 0xB5, 0x22, 0xB5,
    0x22, 0xB5, 0x22, 0xB5, 0x11, 0xD0, 0x22, 0xB5, 0x22, 0xB5, 0x22, 0xB5, 0x11, 0xD0, 0x22, 0xB5,
    0x22, 0xB5, 0x22, 0xB5, 0x11, 0xD0, 0x22, 0xB5, 0x22, 0xB5, 0x22, 0xB5, 0x11, 0xD0, 0x22, 0xB5,
    0x22, 0xB5, 0x22, 0xB5, 0x22, 0xB5, 0x22, 0xB5, 0x22, 0xB5, 0x22, 0xB5, 0x22, 0xB5, 0x22, 0xB5,
    0x22, 0xB5, 0x22, 0xB5, 0x22, 0xB5, 0x22, 0xB5, 0x22, 0xB5, 0x22, 0xB5, 0x22, 0xB5, 0x22, 0xB5,
    0x4C, 0x3A, 0x4C, 0x3A, 0x22, 0xB5, 0x22, 0xB5, 0x22, 0xB5, 0x22, 0xB5, 0x22, 0xB5, 0x22, 0xB5,
    0x4C, 0x3A, 0x4C, 0x3A, 0x22, 0xB5, 0x22, 0xB5, 0x22, 0xB5, 0x22, 0xB5, 0x22, 0xB5, 0x22, 0xB5,
    0x22, 0xB5, 0x22, 0xB5, 0x22, 0xB5, 0x22, 0xB5, 0x22, 0xB5, 0x22, 0xB5, 0x22, 0xB5, 0x22, 0xB5,
    0x22, 0xB5, 0x22, 0xB5, 0x22, 0xB5, 0x22, 0xB5, 0x22, 0xB5, 0x22, 0xB5, 0x22, 0xB5, 0x22, 0xB5,
    0x22, 0xB5, 0x22, 0xB5, 0x11, 0xD0, 0x22, 0xB5, 0x22, 0xB5, 0x22, 0xB5, 0x11, 0xD0, 0x22, 0xB5,
    0x22, 0xB5, 0x22, 0xB5, 0x11, 0xD0, 0x22, 0xB5, 0x22, 0xB5, 0x22, 0xB5, 0x11, 0xD0, 0x22, 0xB5,
    0x22, 0xB5, 0x22, 0xB5, 0x22, 0xB5, 0x22, 0xB5, 0x22, 0xB5, 0x22, 0xB5, 0x22, 0xB5, 0x22, 0xB5,
    0x22, 0xB5, 0x22, 0xB5, 0x22, 0xB5, 0x22, 0xB5, 0x22, 0xB5, 0x22, 0xB5, 0x22, 0xB5, 0x22, 0xB5,
    0x22, 0xB5, 0x22, 0xB5, 0x22, 0xB5, 0x22, 0xB5, 0x4C, 0x3A, 0x4C, 0x3A, 0x22, 0xB5, 0x22, 0xB5,
    0x22, 0xB5, 0x22, 0xB5, 0x22, 0xB5, 0x22, 0xB5, 0x4C, 0x3A, 0x4C, 0x3A, 0x22, 0xB5, 0x22, 0xB5,
    0x22, 0xB5, 0x22, 0xB5, 0x22, 0xB5, 0x22, 0xB5, 0x22, 0xB5, 0x22, 0xB5, 0x22, 0xB5, 0x22, 0xB5,
    0x22, 0xB5, 0x22, 0xB5, 0x22, 0xB5, 0x22, 0xB5, 0x22, 0xB5, 0x22, 0xB5, 0x22, 0xB5, 0x22, 0xB5,
    0x22, 0xB5, 0x22, 0xB5, 0x11, 0xD0, 0x22, 0xB5, 0x22, 0xB5, 0x22, 0xB5, 0x11, 0xD0, 0x22, 0xB5,
    0x22, 0xB5, 0x22, 0xB5, 0x11, 0xD0, 0x22, 0xB5, 0x22, 0xB5, 0x22, 0xB5, 0x11, 0xD0, 0x22, 0xB5,
    0x22, 0xB5, 0x22, 0xB5, 0x22, 0xB5, 0x22, 0xB5, 0x22, 0xB5, 0x22, 0xB5, 0x22, 0xB5, 0x22, 0xB5,
    0x22, 0xB5, 0x22, 0xB5, 0x22, 0xB5, 0x22, 0xB5, 0x22, 0xB5, 0x22, 0xB5, 0x22, 0xB5, 0x22, 0xB5,
    0x4C, 0x3A, 0x4C, 0x3A, 0x22, 0xB5, 0x22, 0xB5, 0x22, 0xB5, 0x22, 0xB5, 0x22, 0xB5, 0x22, 0xB5,
    0x4C, 0x3A, 0x4C, 0x3A, 0x22, 0xB5, 0x22, 0xB5, 0x22, 0xB5, 0x22, 0xB5, 0x22, 0xB5, 0x22, 0xB5,
    0x22, 0xB5, 0x22, 0xB5, 0x22, 0xB5, 0x22, 0xB5, 0x22, 0xB5, 0x22, 0xB5, 0x22, 0xB5, 0x22, 0xB5,
    0x22, 0xB5, 0x22, 0xB5, 0x22, 0xB5, 0x22, 0xB5, 0x22, 0xB5, 0x22, 0xB5, 0x22, 0xB5, 0x22, 0xB5,
    0x22, 0xB5, 0x22, 0xB5, 0x11, 0xD0, 0x22, 0xB5, 0x22, 0xB5, 0x22, 0xB5, 0x11, 0xD0, 0x22, 0xB5,
    0x22, 0xB5, 0x22, 0xB5, 0x11, 0xD0, 0x22, 0xB5, 0x22, 0xB5, 0x22, 0xB5, 0x11, 0xD0, 0x22, 0xB5,
    0x22, 0xB5, 0x22, 0xB5, 0x22, 0xB5, 0x22, 0xB5, 0x22, 0xB5, 0x22, 0xB5, 0x22, 0xB5, 0x22, 0xB5,
    0x22, 0xB5, 0x22, 0xB5, 0x22, 0xB5, 0x22, 0xB5, 0x22, 0xB5, 0x22, 0xB5, 0x22, 0xB5, 0x22, 0xB5,
    0x22, 0xB5, 0x22, 0xB5, 0x22, 0xB5, 0x22, 0xB5, 0x4C, 0x3A, 0x4C, 0x3A, 0x22, 0xB5, 0x22, 0xB5,
    0x22, 0xB5, 0x22, 0xB5, 0x22, 0xB5, 0x22, 0xB5, 0x4C, 0x3A, 0x4C, 0x3A, 0x22, 0xB5, 0x22, 0xB5,
    0x22, 0xB5, 0x22, 0xB5, 0x22, 0xB5, 0x22, 0xB5, 0x22, 0xB5, 0x22, 0xB5, 0x22, 0xB5, 0x22, 0xB5,
    0x22, 0xB5, 0x22, 0xB5, 0x22, 0xB5, 0x22, 0xB5, 0x22, 0xB5, 0x22, 0xB5, 0x22, 0xB5, 0x22, 0xB5,
    0xB7, 0x1E, 0xB7, 0x1E, 0xB7, 0x1E, 0xB7, 0x1E, 0xB7, 0x1E, 0x22, 0xB5, 0x11, 0xD0, 0x22, 0xB5,
    0x22, 0xB5, 0x22, 0xB5, 0x11, 0xD0, 0x22, 0xB5, 0x22, 0xB5, 0x22, 0xB5, 0x11, 0xD0, 0x22, 0xB5,
    0xE6, 0x51, 0xE6, 0x51, 0xE6, 0x51, 0xE6, 0x51, 0xB7, 0x1E, 0xB7, 0x1E, 0x22, 0xB5, 0x22, 0xB5,
    0x22, 0xB5, 0x22, 0xB5, 0x22, 0xB5, 0x22, 0xB5, 0x22, 0xB5, 0x22, 0xB5, 0x22, 0xB5, 0x22, 0xB5,
    0xBC, 0xEC, 0xBC, 0xEC, 0xBC, 0xEC, 0xE6, 0x51, 0xE6, 0x51, 0xB7, 0x1E, 0xB7, 0x1E, 0x22, 0xB5,
    0x4C, 0x3A, 0x4C, 0x3A, 0x22, 0xB5, 0x22, 0xB5, 0x22, 0xB5, 0x22, 0xB5, 0x22, 0xB5, 0x22, 0xB5,
    0x4C, 0x87, 0x2B, 0x65, 0xBC, 0xEC, 0xBC, 0xEC, 0xE6, 0x51, 0xE6, 0x51, 0xB7, 0x1E, 0xB7, 0x1E,
    0xB7, 0x1E, 0x22, 0xB5, 0x22, 0xB5, 0x22, 0xB5, 0x22, 0xB5, 0x22, 0xB5, 0x22, 0xB5, 0x22, 0xB5,
    0x4C, 0x87, 0x4C, 0x87, 0x4C, 0x87, 0xBC, 0xEC, 0xBC, 0xEC, 0xE6, 0x51, 0xB7, 0x1E, 0xE6, 0x51,
    0xB7, 0x1E, 0x22, 0xB5, 0x11, 0xD0, 0x22, 0xB5, 0x22, 0xB5, 0x22, 0xB5, 0x11, 0xD0, 0x22, 0xB5,
    0x4C, 0x87, 0x4C, 0x87, 0x4C, 0x87, 0x4C, 0x87, 0xBC, 0xEC, 0xE6, 0x51, 0xE6, 0x51, 0xB7, 0x1E,
    0xB7, 0x1E, 0x22, 0xB5, 0x22, 0xB5, 0x22, 0xB5, 0x22, 0xB5, 0x22, 0xB5, 0x22, 0xB5, 0x22, 0xB5,
    0x4C, 0x87, 0x4C, 0x87, 0x4C, 0x87, 0x4C, 0x87, 0xBC, 0xEC, 0xBC, 0xEC, 0xE6, 0x51, 0xE6, 0x51,
    0xB7, 0x1E, 0x22, 0xB5, 0x22, 0xB5, 0x22, 0xB5, 0x4C, 0x3A, 0x4C, 0x3A, 0x22, 0xB5, 0x22, 0xB5,
    0x4C, 0x87, 0x2B, 0x65, 0x4C, 0x87, 0x4C, 0x87, 0x4C, 0x87, 0xBC, 0xEC, 0xBC, 0xEC, 0xE6, 0x51,
    0xB7, 0x1E, 0x22, 0xB5, 0x22, 0xB5, 0x22, 0xB5, 0x22, 0xB5, 0x22, 0xB5, 0x22, 0xB5, 0x22, 0xB5,
    0x4C, 0x87, 0x4C, 0x87, 0x4C, 0x87, 0x4C, 0x87, 0x4C, 0x87, 0x4C, 0x87, 0xBC, 0xEC, 0xE6, 0x51,
    0xB7, 0x1E, 0x22, 0xB5, 0x11, 0xD0, 0x22, 0xB5, 0x22, 0xB5, 0x22, 0xB5, 0x11, 0xD0, 0x22, 0xB5,
    0x22, 0xB5, 0x22, 0xB5, 0x22, 0xB5, 0x22, 0xB5, 0x22, 0xB5, 0x22, 0xB5, 0x22, 0xB5, 0x22, 0xB5,
    0x22, 0xB5, 0x22, 0xB5, 0x22, 0xB5, 0x22, 0xB5, 0x22, 0xB5, 0x22, 0xB5, 0x22, 0xB5, 0x22, 0xB5,
    0x4C, 0x3A, 0x4C, 0x3A, 0x22, 0xB5, 0x22, 0xB5, 0x22, 0xB5, 0x22, 0xB5, 0x22, 0xB5, 0x22, 0xB5,
    0x4C, 0x3A, 0x4C, 0x3A, 0x22, 0xB5, 0x22, 0xB5, 0x22, 0xB5, 0x22, 0xB5, 0x22, 0xB5, 0x22, 0xB5,
    0x22, 0xB5, 0x22, 0xB5, 0x22, 0xB5, 0x22, 0xB5, 0x22, 0xB5, 0x22, 0xB5, 0x22, 0xB5, 0x22, 0xB5,
    0x22, 0xB5, 0x22, 0xB5, 0x22, 0xB5, 0x22, 0xB5, 0x22, 0xB5, 0x22, 0xB5, 0x22, 0xB5, 0x22, 0xB5,
    0x22, 0xB5, 0x22, 0xB5, 0x11, 0xD0, 0x22, 0xB5, 0x22, 0xB5, 0x22, 0xB5, 0x11, 0xD0, 0x22, 0xB5,
    0x22, 0xB5, 0x22, 0xB5, 0x11, 0xD0, 0x22, 0xB5, 0x22, 0xB5, 0x22, 0xB5, 0x11, 0xD0, 0x22, 0xB5,
    0x22, 0xB5, 0x22, 0xB5, 0x22, 0xB5, 0x22, 0xB5, 0x22, 0xB5, 0x22, 0xB5, 0x22, 0xB5, 0x22, 0xB5,
    0x22, 0xB5, 0x22, 0xB5, 0x22, 0xB5, 0x22, 0xB5, 0x22, 0xB5, 0x22, 0xB5, 0x22, 0xB5, 0x22, 0xB5,
    0x22, 0xB5, 0x22, 0xB5, 0x22, 0xB5, 0x22, 0xB5, 0x4C, 0x3A, 0x4C, 0x3A, 0x22, 0xB5, 0x22, 0xB5,
    0x22, 0xB5, 0x22, 0xB5, 0x22, 0xB5, 0x22, 0xB5, 0x4C, 0x3A, 0x4C, 0x3A, 0x22, 0xB5, 0x22, 0xB5,
    0x22, 0xB5, 0x22, 0xB5, 0x22, 0xB5, 0x22, 0xB5, 0x22, 0xB5, 0x22, 0xB5, 0x22, 0xB5, 0x22, 0xB5,
    0x22, 0xB5, 0x22, 0xB5, 0x22, 0xB5, 0x22, 0xB5, 0x22, 0xB5, 0x22, 0xB5, 0x22, 0xB5, 0x22, 0xB5,
    0x22, 0xB5, 0x22, 0xB5, 0x11, 0xD0, 0x22, 0xB5, 0x22, 0xB5, 0x22, 0xB5, 0x11, 0xD0, 0x22, 0xB5,
    0x22, 0xB5, 0x22, 0xB5, 0x11, 0xD0, 0xB7, 0x1E, 0xB7, 0x1E, 0xB7, 0x1E, 0xB7, 0x1E, 0xB7, 0x1E,
    0x22, 0xB5, 0x22, 0xB5, 0x22, 0xB5, 0x22, 0xB5, 0x22, 0xB5, 0x22, 0xB5, 0x22, 0xB5, 0x22, 0xB5,
    0x22, 0xB5, 0xB7, 0x1E, 0xB7, 0x1E, 0xB7, 0x1E, 0xE6, 0x51, 0xE6, 0x51, 0xE6, 0x51, 0xE6, 0x51,
    0x4C, 0x3A, 0x4C, 0x3A, 0x22, 0xB5, 0x22, 0xB5, 0x22, 0xB5, 0x22, 0xB5, 0x22, 0xB5, 0x22, 0xB5,
    0x4C, 0x3A, 0xB7, 0x1E, 0xE6, 0x51, 0xB7, 0x1E, 0xE6, 0x51, 0xBC, 0xEC, 0xBC, 0xEC, 0xBC, 0xEC,
    0x22, 0xB5, 0x22, 0xB5, 0x22, 0xB5, 0x22, 0xB5, 0x22, 0xB5, 0x22, 0xB5, 0x22, 0xB5, 0xB7, 0x1E,
    0xB7, 0x1E, 0xB7, 0x1E, 0xE6, 0x51, 0xE6, 0x51, 0xE6, 0x51, 0xBC, 0xEC, 0x4C, 0x87, 0x4C, 0x87,
    0x22, 0xB5, 0x22, 0xB5, 0x11, 0xD0, 0x22, 0xB5, 0x22, 0xB5, 0x22, 0xB5, 0x11, 0xD0, 0xB7, 0x1E,
    0xE6, 0x51, 0xB7, 0x1E, 0xE6, 0x51, 0xBC, 0xEC, 0xBC, 0xEC, 0xBC, 0xEC, 0x4C, 0x87, 0x4C, 0x87,
    0x22, 0xB5, 0x22, 0xB5, 0x22, 0xB5, 0x22, 0xB5, 0x22, 0xB5, 0x22, 0xB5, 0x22, 0xB5, 0xB7, 0x1E,
    0xE6, 0x51, 0xB7, 0x1E, 0xE6, 0x51, 0xBC, 0xEC, 0x4C, 0x87, 0x4C, 0x87, 0x4C, 0x87, 0x4C, 0x87,
    0x22, 0xB5, 0x22, 0xB5, 0x22, 0xB5, 0x22, 0xB5, 0x4C, 0x3A, 0x4C, 0x3A, 0x22, 0xB5, 0xB7, 0x1E,
    0xE6, 0x51, 0xE6, 0x51, 0xE6, 0x51, 0xBC, 0xEC, 0x4C, 0x87, 0x4C, 0x87, 0x4C, 0x87, 0x4C, 0x87,
    0x22, 0xB5, 0x22, 0xB5, 0x22, 0xB5, 0x22, 0xB5, 0x22, 0xB5, 0x22, 0xB5, 0x22, 0xB5, 0xB7, 0x1E,
    0xE6, 0x51, 0xBC, 0xEC, 0xBC, 0xEC, 0xBC, 0xEC, 0x4C, 0x87, 0x2B, 0x65, 0x4C, 0x87, 0x4C, 0x87,
    0x22, 0xB5, 0x22, 0xB5, 0x11, 0xD0, 0x22, 0xB5, 0x22, 0xB5, 0x22, 0xB5, 0x11, 0xD0, 0xB7, 0x1E,
    0xE6, 0x51, 0xBC, 0xEC, 0x4C, 0x87, 0x4C, 0x87, 0x4C, 0x87, 0x4C, 0x87, 0x4C, 0x87, 0x4C, 0x87,
    0x22, 0xB5, 0x22, 0xB5, 0x22, 0xB5, 0x22, 0xB5, 0x22, 0xB5, 0x22, 0xB5, 0x22, 0xB5, 0x22, 0xB5,
    0x22, 0xB5, 0x22, 0xB5, 0x22, 0xB5, 0x22, 0xB5, 0x22, 0xB5, 0x22, 0xB5, 0x22, 0xB5, 0x22, 0xB5,
    0x4C, 0x3A, 0x4C, 0x3A, 0x22, 0xB5, 0x22, 0xB5, 0x22, 0xB5, 0x22, 0xB5, 0x22, 0xB5, 0x22, 0xB5,
    0x4C, 0x3A, 0x4C, 0x3A, 0x22, 0xB5, 0x22, 0xB5, 0x22, 0xB5, 0x22, 0xB5, 0x22, 0xB5, 0x22, 0xB5,
    0x22, 0xB5, 0x22, 0xB5, 0x22, 0xB5, 0x22, 0xB5, 0x22, 0xB5, 0x22, 0xB5, 0x22, 0xB5, 0x22, 0xB5,
    0x22, 0xB5, 0x22, 0xB5, 0x22, 0xB5, 0x22, 0xB5, 0x22, 0xB5, 0x22, 0xB5, 0x22, 0xB5, 0x22, 0xB5,
    0x22, 0xB5, 0x22, 0xB5, 0x11, 0xD0, 0x22, 0xB5, 0x22, 0xB5, 0x22, 0xB5, 0x11, 0xD0, 0x22, 0xB5,
    0x22, 0xB5, 0x22, 0xB5, 0x11, 0xD0, 0x22, 0xB5, 0x22, 0xB5, 0x22, 0xB5, 0x11, 0xD0, 0x22, 0xB5,
    0x22, 0xB5, 0x22, 0xB5, 0x22, 0xB5, 0x22, 0xB5, 0x22, 0xB5, 0x22, 0xB5, 0x22, 0xB5, 0x22, 0xB5,
    0x22, 0xB5, 0x22, 0xB5, 0x22, 0xB5, 0x22, 0xB5, 0x22, 0xB5, 0x22, 0xB5, 0x22, 0xB5, 0x22, 0xB5,
    0x22, 0xB5, 0x22, 0xB5, 0x22, 0xB5, 0x22, 0xB5, 0x4C, 0x3A, 0x4C, 0x3A, 0x22, 0xB5, 0x22, 0xB5,
    0x22, 0xB5, 0x22, 0xB5, 0x22, 0xB5, 0x22, 0xB5, 0x4C, 0x3A, 0x4C, 0x3A, 0x22, 0xB5, 0x22, 0xB5,
    0x22, 0xB5, 0x22, 0xB5, 0x22, 0xB5, 0x22, 0xB5, 0x22, 0xB5, 0x22, 0xB5, 0x22, 0xB5, 0x22, 0xB5,
    0x22, 0xB5, 0x22, 0xB5, 0x22, 0xB5, 0x22, 0xB5, 0x22, 0xB5, 0x22, 0xB5, 0x22, 0xB5, 0x22, 0xB5,
    0xB7, 0x1E, 0xB7, 0x1E, 0xB7, 0x1E, 0xB7, 0x1E, 0xB7, 0x1E, 0xB7, 0x1E, 0xB7, 0x1E, 0xB7, 0x1E,
    0xB7, 0x1E, 0xB7, 0x1E, 0xB7, 0x1E, 0xB7, 0x1E, 0xB7, 0x1E, 0xB7, 0x1E, 0xB7, 0x1E, 0xB7, 0x1E,
    0xE6, 0x51, 0xE6, 0x51, 0xE6, 0x51, 0xB7, 0x1E, 0xB7, 0x1E, 0xE6, 0x51, 0xB7, 0x1E, 0xE6, 0x51,
    0xB7, 0x1E, 0xB7, 0x1E, 0xE6, 0x51, 0xB7, 0x1E, 0xB7, 0x1E, 0xE6, 0x51, 0xE6, 0x51, 0xE6, 0x51,
    0xBC, 0xEC, 0xBC, 0xEC, 0xE6, 0x51, 0xE6, 0x51, 0xB7, 0x1E, 0xE6, 0x51, 0xB7, 0x1E, 0xE6, 0x51,
    0xE6, 0x51, 0xE6, 0x51, 0xB7, 0x1E, 0xE6, 0x51, 0xB7, 0x1E, 0xE6, 0x51, 0xBC, 0xEC, 0xBC, 0xEC,
    0x4C, 0x87, 0xBC, 0xEC, 0xBC, 0xEC, 0xE6, 0x51, 0xE6, 0x51, 0xE6, 0x51, 0xE6, 0x51, 0xE6, 0x51,
    0xBC, 0xEC, 0xE6, 0x51, 0xE6, 0x51, 0xE6, 0x51, 0xE6, 0x51, 0xE6, 0x51, 0xBC, 0xEC, 0x4C, 0x87,
    0x4C, 0x87, 0x4C, 0x87, 0xBC, 0xEC, 0xBC, 0xEC, 0xBC, 0xEC, 0xBC, 0xEC, 0xBC, 0xEC, 0xBC, 0xEC,
    0xBC, 0xEC, 0xBC, 0xEC, 0xBC, 0xEC, 0xBC, 0xEC, 0xBC, 0xEC, 0xBC, 0xEC, 0xBC, 0xEC, 0x4C, 0x87,
    0x4C, 0x87, 0x4C, 0x87, 0x4C, 0x87, 0x4C, 0x87, 0x4C, 0x87, 0x4C, 0x87, 0x4C, 0x87, 0x4C, 0x87,
    0x4C, 0x87, 0x4C, 0x87, 0x4C, 0x87, 0x4C, 0x87, 0x4C, 0x87, 0x4C, 0x87, 0x4C, 0x87, 0x4C, 0x87,
    0x4C, 0x87, 0x4C, 0x87, 0x4C, 0x87, 0x4C, 0x87, 0x4C, 0x87, 0x4C, 0x87, 0x4C, 0x87, 0x4C, 0x87,
    0x4C, 0x87, 0x4C, 0x87, 0x4C, 0x87, 0x4C, 0x87, 0x4C, 0x87, 0x4C, 0x87, 0x4C, 0x87, 0x4C, 0x87,
    0x4C, 0x87, 0x2B, 0x65, 0x4C, 0x87, 0x4C, 0x87, 0x4C, 0x87, 0x2B, 0x65, 0x4C, 0x87, 0x4C, 0x87,
    0x4C, 0x87, 0x2B, 0x65, 0x4C, 0x87, 0x4C, 0x87, 0x4C, 0x87, 0x2B, 0x65, 0x4C, 0x87, 0x4C, 0x87,
    0x4C, 0x87, 0x4C, 0x87, 0x4C, 0x87, 0x4C, 0x87, 0x4C, 0x87, 0x4C, 0x87, 0x4C, 0x87, 0x4C, 0x87,
    0x4C, 0x87, 0x4C, 0x87, 0x4C, 0x87, 0x4C, 0x87, 0x4C, 0x87, 0x4C, 0x87, 0x4C, 0x87, 0x4C, 0x87,
    0x22, 0xB5, 0x22, 0xB5, 0x22, 0xB5, 0x22, 0xB5, 0x22, 0xB5, 0x22, 0xB5, 0x22, 0xB5, 0xB7, 0x1E,
    0xE6, 0x51, 0xBC, 0xEC, 0x4C, 0x87, 0x4C, 0x87, 0x4C, 0x87, 0x4C, 0x87, 0x4C, 0x87, 0x4C, 0x87,
    0x4C, 0x3A, 0x4C, 0x3A, 0x22, 0xB5, 0x22, 0xB5, 0x22, 0xB5, 0x22, 0xB5, 0x22, 0xB5, 0xB7, 0x1E,
    0xE6, 0x51, 0xBC, 0xEC, 0xBC, 0xEC, 0x4C, 0x87, 0x4C, 0x87, 0x4C, 0x87, 0x4C, 0x87, 0x4C, 0x87,
    0x22, 0xB5, 0x22, 0xB5, 0x22, 0xB5, 0x22, 0xB5, 0x22, 0xB5, 0x22, 0xB5, 0x22, 0xB5, 0xB7, 0x1E,
    0xE6, 0x51, 0xE6, 0x51, 0xBC, 0xEC, 0xBC, 0xEC, 0x4C, 0x87, 0x2B, 0x65, 0x4C, 0x87, 0x4C, 0x87,
    0x22, 0xB5, 0x22, 0xB5, 0x11, 0xD0, 0x22, 0xB5, 0x22, 0xB5, 0x22, 0xB5, 0x11, 0xD0, 0xB7, 0x1E,
    0xB7, 0x1E, 0xE6, 0x51, 0xE6, 0x51, 0xBC, 0xEC, 0xBC, 0xEC, 0x7D, 0xC9, 0x4C, 0x87, 0x4C, 0x87,
    0x22, 0xB5, 0x22, 0xB5, 0x22, 0xB5, 0x22, 0xB5, 0x22, 0xB5, 0x22, 0xB5, 0x22, 0xB5, 0x22, 0xB5,
    0xB7, 0x1E, 0xB7, 0x1E, 0xE6, 0x51, 0xE6, 0x51, 0xBC, 0xEC, 0xBC, 0xEC, 0x4C, 0x87, 0x4C, 0x87,
    0x22, 0xB5, 0x22, 0xB5, 0x22, 0xB5, 0x22, 0xB5, 0x4C, 0x3A, 0x4C, 0x3A, 0x22, 0xB5, 0x22, 0xB5,
    0x22, 0xB5, 0xB7, 0x1E, 0xB7, 0x1E, 0xE6, 0x51, 0xE6, 0x51, 0xBC, 0xEC, 0x4C, 0x87, 0x4C, 0x87,
    0x22, 0xB5, 0x22, 0xB5, 0x22, 0xB5, 0x22, 0xB5, 0x22, 0xB5, 0x22, 0xB5, 0x22, 0xB5, 0x22, 0xB5,
    0x22, 0xB5, 0x22, 0xB5, 0xB7, 0x1E, 0xB7, 0x1E, 0xE6, 0x51, 0xBC, 0xEC, 0xBC, 0xEC, 0xBC, 0xEC,
    0x22, 0xB5, 0x22, 0xB5, 0x11, 0xD0, 0x22, 0xB5, 0x22, 0xB5, 0x22, 0xB5, 0x11, 0xD0, 0x22, 0xB5,
    0x22, 0xB5, 0x22, 0xB5, 0xB7, 0x1E, 0xE6, 0x51, 0xE6, 0x51, 0xE6, 0x51, 0xE6, 0x51, 0xE6, 0x51,
    0x22, 0xB5, 0x22, 0xB5, 0x22, 0xB5, 0x22, 0xB5, 0x22, 0xB5, 0x22, 0xB5, 0x22, 0xB5, 0x22, 0xB5,
    0x22, 0xB5, 0x22, 0xB5, 0xB7, 0x1E, 0xB7, 0x1E, 0xB7, 0x1E, 0xB7, 0x1E, 0xB7, 0x1E, 0xB7, 0x1E,
    0x4C, 0x3A, 0x4C, 0x3A, 0x22, 0xB5, 0x22, 0xB5, 0x22, 0xB5, 0x22, 0xB5, 0x22, 0xB5, 0x22, 0xB5,
    0x4C, 0x3A, 0x4C, 0x3A, 0x22, 0xB5, 0x22, 0xB5, 0x22, 0xB5, 0x22, 0xB5, 0x22, 0xB5, 0x22, 0xB5,
    0x22, 0xB5, 0x22, 0xB5, 0x22, 0xB5, 0x22, 0xB5, 0x22, 0xB5, 0x22, 0xB5, 0x22, 0xB5, 0x22, 0xB5,
    0x22, 0xB5, 0x22, 0xB5, 0x22, 0xB5, 0x22, 0xB5, 0x22, 0xB5, 0x22, 0xB5, 0x22, 0xB5, 0x22, 0xB5,
    0x22, 0xB5, 0x22, 0xB5, 0x11, 0xD0, 0x22, 0xB5, 0x22, 0xB5, 0x22, 0xB5, 0x11, 0xD0, 0x22, 0xB5,
    0x22, 0xB5, 0x22, 0xB5, 0x11, 0xD0, 0x22, 0xB5, 0x22, 0xB5, 0x22, 0xB5, 0x11, 0xD0, 0x22, 0xB5,
    0x22, 0xB5, 0x22, 0xB5, 0x22, 0xB5, 0x22, 0xB5, 0x22, 0xB5, 0x22, 0xB5, 0x22, 0xB5, 0x22, 0xB5,
    0x22, 0xB5, 0x22, 0xB5, 0x22, 0xB5, 0x22, 0xB5, 0x22, 0xB5, 0x22, 0xB5, 0x22, 0xB5, 0x22, 0xB5,
    0x22, 0xB5, 0x22, 0xB5, 0x22, 0xB5, 0x22, 0xB5, 0x4C, 0x3A, 0x4C, 0x3A, 0x22, 0xB5, 0x22, 0xB5,
    0x22, 0xB5, 0x22, 0xB5, 0x22, 0xB5, 0x22, 0xB5, 0x4C, 0x3A, 0x4C, 0x3A, 0x22, 0xB5, 0x22, 0xB5,
    0x22, 0xB5, 0x22, 0xB5, 0x22, 0xB5, 0x22, 0xB5, 0x22, 0xB5, 0x22, 0xB5, 0x22, 0xB5, 0x22, 0xB5,
    0x22, 0xB5, 0x22, 0xB5, 0x22, 0xB5, 0x22, 0xB5, 0x22, 0xB5, 0x22, 0xB5, 0x22, 0xB5, 0x22, 0xB5,
    0x22, 0xB5, 0x22, 0xB5, 0x11, 0xD0, 0x22, 0xB5, 0x22, 0xB5, 0x22, 0xB5, 0x11, 0xD0, 0x22, 0xB5,
    0x22, 0xB5, 0x22, 0xB5, 0x11, 0xD0, 0x22, 0xB5, 0x22, 0xB5, 0x22, 0xB5, 0x11, 0xD0, 0x22, 0xB5,
    0x22, 0xB5, 0x22, 0xB5, 0x22, 0xB5, 0x22, 0xB5, 0x22, 0xB5, 0x22, 0xB5, 0x22, 0xB5, 0xB7, 0x1E,
    0xE6, 0x51, 0xBC, 0xEC, 0x4C, 0x87, 0x4C, 0x87, 0x4C, 0x87, 0x4C, 0x87, 0x4C, 0x87, 0x4C, 0x87,
    0x4C, 0x3A, 0x4C, 0x3A, 0x22, 0xB5, 0x22, 0xB5, 0x22, 0xB5, 0x22, 0xB5, 0x22, 0xB5, 0xB7, 0x1E,
    0xE6, 0x51, 0xBC, 0xEC, 0xBC, 0xEC, 0xBC, 0xEC, 0x4C, 0x87, 0x4C, 0x87, 0x4C, 0x87, 0x4C, 0x87,
    0x22, 0xB5, 0x22, 0xB5, 0x22, 0xB5, 0x22, 0xB5, 0x22, 0xB5, 0x22, 0xB5, 0x22, 0xB5, 0xB7, 0x1E,
    0xE6, 0x51, 0xE6, 0x51, 0xE6, 0x51, 0xBC, 0xEC, 0x4C, 0x87, 0x2B, 0x65, 0x4C, 0x87, 0x4C, 0x87,
    0x22, 0xB5, 0x22, 0xB5, 0x11, 0xD0, 0x22, 0xB5, 0x22, 0xB5, 0x22, 0xB5, 0x11, 0xD0, 0xB7, 0x1E,
    0xE6, 0x51, 0xB7, 0x1E, 0xE6, 0x51, 0xBC, 0xEC, 0x4C, 0x87, 0x7D, 0xC9, 0x4C, 0x87, 0x4C, 0x87,
    0x22, 0xB5, 0x22, 0xB5, 0x22, 0xB5, 0x22, 0xB5, 0x22, 0xB5, 0x22, 0xB5, 0x22, 0xB5, 0xB7, 0x1E,
    0xE6, 0x51, 0xE6, 0x51, 0xE6, 0x51, 0xBC, 0xEC, 0xBC, 0xEC, 0xBC, 0xEC, 0xBC, 0xEC, 0x4C, 0x87,
    0x22, 0xB5, 0x22, 0xB5, 0x22, 0xB5, 0x22, 0xB5, 0x4C, 0x3A, 0x4C, 0x3A, 0x22, 0xB5, 0xB7, 0x1E,
    0xB7, 0x1E, 0xE6, 0x51, 0xE6, 0x51, 0xE6, 0x51, 0xE6, 0x51, 0xE6, 0x51, 0xBC, 0xEC, 0x4C, 0x87,
    0x22, 0xB5, 0x22, 0xB5, 0x22, 0xB5, 0x22, 0xB5, 0x22, 0xB5, 0x22, 0xB5, 0x22, 0xB5, 0x22, 0xB5,
    0xB7, 0x1E, 0xB7, 0x1E, 0xE6, 0x51, 0xB7, 0x1E, 0xB7, 0x1E, 0xE6, 0x51, 0xBC, 0xEC, 0xBC, 0xEC,
    0xB7, 0x1E, 0xB7, 0x1E, 0xB7, 0x1E, 0xB7, 0x1E, 0xB7, 0x1E, 0xB7, 0x1E, 0x11, 0xD0, 0x22, 0xB5,
    0x22, 0xB5, 0xB7, 0x1E, 0xB7, 0x1E, 0xB7, 0x1E, 0xB7, 0x1E, 0xE6, 0x51, 0xE6, 0x51, 0xE6, 0x51,
    0xE6, 0x51, 0xE6, 0x51, 0xE6, 0x51, 0xB7, 0x1E, 0xE6, 0x51, 0xB7, 0x1E, 0xB7, 0x1E, 0x22, 0xB5,
    0x22, 0xB5, 0x22, 0xB5, 0x22, 0xB5, 0x22, 0xB5, 0xB7, 0x1E, 0xB7, 0x1E, 0xB7, 0x1E, 0xB7, 0x1E,
    0xBC, 0xEC, 0xBC, 0xEC, 0xE6, 0x51, 0xB7, 0x1E, 0xE6, 0x51, 0xE6, 0x51, 0xB7, 0x1E, 0xB7, 0x1E,
    0x4C, 0x3A, 0x4C, 0x3A, 0x22, 0xB5, 0x22, 0xB5, 0x22, 0xB5, 0x22, 0xB5, 0x22, 0xB5, 0x22, 0xB5,
    0x4C, 0x87, 0xBC, 0xEC, 0xE6, 0x51, 0xE6, 0x51, 0xE6, 0x51, 0xE6, 0x51, 0xE6, 0x51, 0xB7, 0x1E,
    0x22, 0xB5, 0x22, 0xB5, 0x22, 0xB5, 0x22, 0xB5, 0x22, 0xB5, 0x22, 0xB5, 0x22, 0xB5, 0x22, 0xB5,
    0x4C, 0x87, 0xBC, 0xEC, 0xBC, 0xEC, 0xBC, 0xEC, 0xBC, 0xEC, 0xE6, 0x51, 0xE6, 0x51, 0xB7, 0x1E,
    0xB7, 0x1E, 0x22, 0xB5, 0x11, 0xD0, 0x22, 0xB5, 0x22, 0xB5, 0x22, 0xB5, 0x11, 0xD0, 0x22, 0xB5,
    0x4C, 0x87, 0x4C, 0x87, 0x4C, 0x87, 0x4C, 0x87, 0xBC, 0xEC, 0xE6, 0x51, 0xB7, 0x1E, 0xE6, 0x51,
    0xB7, 0x1E, 0x22, 0xB5, 0x22, 0xB5, 0x22, 0xB5, 0x22, 0xB5, 0x22, 0xB5, 0x22, 0xB5, 0x22, 0xB5,
    0x4C, 0x87, 0x4C, 0x87, 0x4C, 0x87, 0x4C, 0x87, 0xBC, 0xEC, 0xE6, 0x51, 0xE6, 0x51, 0xE6, 0x51,
    0xB7, 0x1E, 0x22, 0xB5, 0x22, 0xB5, 0x22, 0xB5, 0x4C, 0x3A, 0x4C, 0x3A, 0x22, 0xB5, 0x22, 0xB5,
    0x4C, 0x87, 0x2B, 0x65, 0x4C, 0x87, 0x4C, 0x87, 0xBC, 0xEC, 0xBC, 0xEC, 0xBC, 0xEC, 0xE6, 0x51,
    0xB7, 0x1E, 0x22, 0xB5, 0x22, 0xB5, 0x22, 0xB5, 0x22, 0xB5, 0x22, 0xB5, 0x22, 0xB5, 0x22, 0xB5,
    0x4C, 0x87, 0x4C, 0x87, 0x4C, 0x87, 0x4C, 0x87, 0x4C, 0x87, 0x4C, 0x87, 0xBC, 0xEC, 0xE6, 0x51,
    0xB7, 0x1E, 0x22, 0xB5, 0x11, 0xD0, 0x22, 0xB5, 0x22, 0xB5, 0x22, 0xB5, 0x11, 0xD0, 0x22, 0xB5,
    0x22, 0xB5, 0x22, 0xB5, 0x22, 0xB5, 0x22, 0xB5, 0x22, 0xB5, 0x22, 0xB5, 0x22, 0xB5, 0xB7, 0x1E,
    0xE6, 0x51, 0xBC, 0xEC, 0x4C, 0x87, 0x4C, 0x87, 0x4C, 0x87, 0x4C, 0x87, 0x4C, 0x87, 0x4C, 0x87,
    0x4C, 0x3A, 0x4C, 0x3A, 0x22, 0xB5, 0x22, 0xB5, 0x22, 0xB5, 0x22, 0xB5, 0x22, 0xB5, 0xB7, 0x1E,
    0xE6, 0x51, 0xBC, 0xEC, 0xBC, 0xEC, 0x4C, 0x87, 0x4C, 0x87, 0x4C, 0x87, 0x4C, 0x87, 0x4C, 0x87,
    0x22, 0xB5, 0x22, 0xB5, 0x22, 0xB5, 0x22, 0xB5, 0x22, 0xB5, 0x22, 0xB5, 0x22, 0xB5, 0xB7, 0x1E,
    0xE6, 0x51, 0xE6, 0x51, 0xBC, 0xEC, 0x4C, 0x87, 0x4C, 0x87, 0x2B, 0x65, 0x4C, 0x87, 0x4C, 0x87,
    0x22, 0xB5, 0x22, 0xB5, 0x11, 0xD0, 0x22, 0xB5, 0x22, 0xB5, 0x22, 0xB5, 0x11, 0xD0, 0xB7, 0x1E,
    0xB7, 0x1E, 0xE6, 0x51, 0xBC, 0xEC, 0xBC, 0xEC, 0x4C, 0x87, 0x7D, 0xC9, 0x4C, 0x87, 0x4C, 0x87,
    0x22, 0xB5, 0x22, 0xB5, 0x22, 0xB5, 0x22, 0xB5, 0x22, 0xB5, 0x22, 0xB5, 0x22, 0xB5, 0x22, 0xB5,
    0xB7, 0x1E, 0xE6, 0x51, 0xE6, 0x51, 0xBC, 0xEC, 0x4C, 0x87, 0x4C, 0x87, 0x4C, 0x87, 0x4C, 0x87,
    0x22, 0xB5, 0x22, 0xB5, 0x22, 0xB5, 0x22, 0xB5, 0x4C, 0x3A, 0x4C, 0x3A, 0x22, 0xB5, 0x22, 0xB5,
    0xB7, 0x1E, 0xB7, 0x1E, 0xE6, 0x51, 0xBC, 0xEC, 0x4C, 0x87, 0x4C, 0x87, 0x4C, 0x87, 0x4C, 0x87,
    0x22, 0xB5, 0x22, 0xB5, 0x22, 0xB5, 0x22, 0xB5, 0x22, 0xB5, 0x22, 0xB5, 0x22, 0xB5, 0x22, 0xB5,
    0xB7, 0x1E, 0xB7, 0x1E, 0xE6, 0x51, 0xBC, 0xEC, 0x4C, 0x87, 0x2B, 0x65, 0x4C, 0x87, 0x4C, 0x87,
    0x22, 0xB5, 0x22, 0xB5, 0x11, 0xD0, 0x22, 0xB5, 0x22, 0xB5, 0x22, 0xB5, 0x11, 0xD0, 0x22, 0xB5,
    0xB7, 0x1E, 0xE6, 0x51, 0xE6, 0x51, 0xBC, 0xEC, 0x4C, 0x87, 0x4C, 0x87, 0x4C, 0x87, 0x4C, 0x87,
    0x22, 0xB5, 0x22, 0xB5, 0x22, 0xB5, 0x22, 0xB5, 0x22, 0xB5, 0x22, 0xB5, 0x22, 0xB5, 0xB7, 0x1E,
    0xB7, 0x1E, 0xE6, 0x51, 0xE6, 0x51, 0xBC, 0xEC, 0x4C, 0x87, 0x4C, 0x87, 0x4C, 0x87, 0x4C, 0x87,
    0x4C, 0x3A, 0x4C, 0x3A, 0x22, 0xB5, 0x22, 0xB5, 0x22, 0xB5, 0x22, 0xB5, 0x22, 0xB5, 0xB7, 0x1E,
    0xE6, 0x51, 0xB7, 0x1E, 0xE6, 0x51, 0xBC, 0xEC, 0x4C, 0x87, 0x4C, 0x87, 0x4C, 0x87, 0x4C, 0x87,
    0x22, 0xB5, 0x22, 0xB5, 0x22, 0xB5, 0x22, 0xB5, 0x22, 0xB5, 0x22, 0xB5, 0x22, 0xB5, 0xB7, 0x1E,
    0xB7, 0x1E, 0xB7, 0x1E, 0xE6, 0x51, 0xBC, 0xEC, 0x4C, 0x87, 0x2B, 0x65, 0x4C, 0x87, 0x4C, 0x87,
    0x22, 0xB5, 0x22, 0xB5, 0x11, 0xD0, 0x22, 0xB5, 0x22, 0xB5, 0x22, 0xB5, 0x11, 0xD0, 0x22, 0xB5,
    0xB7, 0x1E, 0xE6, 0x51, 0xE6, 0x51, 0xBC, 0xEC, 0x4C, 0x87, 0x7D, 0xC9, 0x4C, 0x87, 0x4C, 0x87,
    0x22, 0xB5, 0x22, 0xB5, 0x22, 0xB5, 0x22, 0xB5, 0x22, 0xB5, 0x22, 0xB5, 0x22, 0xB5, 0xB7, 0x1E,
    0xB7, 0x1E, 0xE6, 0x51, 0xBC, 0xEC, 0xBC, 0xEC, 0x4C, 0x87, 0x4C, 0x87, 0x4C, 0x87, 0x4C, 0x87,
    0x22, 0xB5, 0x22, 0xB5, 0x22, 0xB5, 0x22, 0xB5, 0x4C, 0x3A, 0x4C, 0x3A, 0x22, 0xB5, 0xB7, 0x1E,
    0xE6, 0x51, 0xE6, 0x51, 0xBC, 0xEC, 0x4C, 0x87, 0x4C, 0x87, 0x4C, 0x87, 0x4C, 0x87, 0x4C, 0x87,
    0x22, 0xB5, 0x22, 0xB5, 0x22, 0xB5, 0x22, 0xB5, 0x22, 0xB5, 0x22, 0xB5, 0x22, 0xB5, 0xB7, 0x1E,
    0xE6, 0x51, 0xBC, 0xEC, 0xBC, 0xEC, 0x4C, 0x87, 0x4C, 0x87, 0x2B, 0x65, 0x4C, 0x87, 0x4C, 0x87,
    0x22, 0xB5, 0x22, 0xB5, 0x11, 0xD0, 0x22, 0xB5, 0x22, 0xB5, 0x22, 0xB5, 0x11, 0xD0, 0xB7, 0x1E,
    0xE6, 0x51, 0xBC, 0xEC, 0x4C, 0x87, 0x4C, 0x87, 0x4C, 0x87, 0x4C, 0x87, 0x4C, 0x87, 0x4C, 0x87,
    0x22, 0xB5, 0x22, 0xB5, 0x22, 0xB5, 0x22, 0xB5, 0x22, 0xB5, 0x22, 0xB5, 0x22, 0xB5, 0xB7, 0x1E,
    0xE6, 0x51, 0xBC, 0xEC, 0x4C, 0x87, 0x4C, 0x87, 0x4C, 0x87, 0x4C, 0x87, 0x4C, 0x87, 0x4C, 0x87,
    0x4C, 0x3A, 0x4C, 0x3A, 0x22, 0xB5, 0x22, 0xB5, 0x22, 0xB5, 0x22, 0xB5, 0x22, 0xB5, 0xB7, 0x1E,
    0xE6, 0x51, 0xBC, 0xEC, 0xBC, 0xEC, 0x4C, 0x87, 0x4C, 0x87, 0x4C, 0x87, 0x4C, 0x87, 0x4C, 0x87,
    0x22, 0xB5, 0x22, 0xB5, 0x22, 0xB5, 0x22, 0xB5, 0x22, 0xB5, 0x22, 0xB5, 0x22, 0xB5, 0xB7, 0x1E,
    0xE6, 0x51, 0xE6, 0x51, 0xBC, 0xEC, 0xBC, 0xEC, 0x4C, 0x87, 0x2B, 0x65, 0x4C, 0x87, 0x4C, 0x87,
    0x22, 0xB5, 0x22, 0xB5, 0x11, 0xD0, 0x22, 0xB5, 0x22, 0xB5, 0x22, 0xB5, 0x11, 0xD0, 0xB7, 0x1E,
    0xB7, 0x1E, 0xE6, 0x51, 0xE6, 0x51, 0xBC, 0xEC, 0x4C, 0x87, 0x7D, 0xC9, 0x4C, 0x87, 0x4C, 0x87,
    0x22, 0xB5, 0x22, 0xB5, 0x22, 0xB5, 0x22, 0xB5, 0x22, 0xB5, 0x22, 0xB5, 0x22, 0xB5, 0xB7, 0x1E,
    0xE6, 0x51, 0xB7, 0x1E, 0xE6, 0x51, 0xBC, 0xEC, 0x4C, 0x87, 0x4C, 0x87, 0x4C, 0x87, 0x4C, 0x87,
    0x22, 0xB5, 0x22, 0xB5, 0x22, 0xB5, 0x22, 0xB5, 0x4C, 0x3A, 0x4C, 0x3A, 0xB7, 0x1E, 0xB7, 0x1E,
    0xE6, 0x51, 0xE6, 0x51, 0xE6, 0x51, 0xBC, 0xEC, 0x4C, 0x87, 0x4C, 0x87, 0x4C, 0x87, 0x4C, 0x87,
    0x22, 0xB5, 0x22, 0xB5, 0x22, 0xB5, 0x22, 0xB5, 0x22, 0xB5, 0xB7, 0x1E, 0xB7, 0x1E, 0xE6, 0x51,
    0xB7, 0x1E, 0xE6, 0x51, 0xBC, 0xEC, 0xBC, 0xEC, 0x4C, 0x87, 0x2B, 0x65, 0x4C, 0x87, 0x4C, 0x87,
    0xB7, 0x1E, 0xB7, 0x1E, 0xB7, 0x1E, 0xB7, 0x1E, 0xB7, 0x1E, 0xB7, 0x1E, 0xE6, 0x51, 0xE6, 0x51,
    0xE6, 0x51, 0xE6, 0x51, 0xBC, 0xEC, 0x4C, 0x87, 0x4C, 0x87, 0x4C, 0x87, 0x4C, 0x87, 0x4C, 0x87,
    0xE6, 0x51, 0xE6, 0x51, 0xE6, 0x51, 0xB7, 0x1E, 0xE6, 0x51, 0xB7, 0x1E, 0xB7, 0x1E, 0xE6, 0x51,
    0xBC, 0xEC, 0xBC, 0xEC, 0xBC, 0xEC, 0x4C, 0x87, 0x4C, 0x87, 0x4C, 0x87, 0x4C, 0x87, 0x4C, 0x87,
    0xBC, 0xEC, 0xBC, 0xEC, 0xE6, 0x51, 0xE6, 0x51, 0xE6, 0x51, 0xE6, 0x51, 0xE6, 0x51, 0xE6, 0x51,
    0xBC, 0xEC, 0x4C, 0x87, 0x4C, 0x87, 0x4C, 0x87, 0x4C, 0x87, 0x4C, 0x87, 0x4C, 0x87, 0x4C, 0x87,
    0x4C, 0x87, 0xBC, 0xEC, 0xBC, 0xEC, 0xBC, 0xEC, 0xBC, 0xEC, 0xBC, 0xEC, 0xBC, 0xEC, 0xBC, 0xEC,
    0xBC, 0xEC, 0x2B, 0x65, 0x4C, 0x87, 0x4C, 0x87, 0x4C, 0x87, 0x2B, 0x65, 0x4C, 0x87, 0x4C, 0x87,
    0x4C, 0x87, 0x4C, 0x87, 0x4C, 0x87, 0x4C, 0x87, 0x4C, 0x87, 0x7D, 0xC9, 0x4C, 0x87, 0x4C, 0x87,
    0x4C, 0x87, 0x4C, 0x87, 0x4C, 0x87, 0x4C, 0x87, 0x4C, 0x87, 0x7D, 0xC9, 0x4C, 0x87, 0x4C, 0x87,
    0x4C, 0x87, 0x4C, 0x87, 0x4C, 0x87, 0x4C, 0x87, 0x4C, 0x87, 0x4C, 0x87, 0x4C, 0x87, 0x4C, 0x87,
    0x4C, 0x87, 0x4C, 0x87, 0x4C, 0x87, 0x4C, 0x87, 0x4C, 0x87, 0x4C, 0x87, 0x4C, 0x87, 0x4C, 0x87,
    0x4C, 0x87, 0x4C, 0x87, 0x4C, 0x87, 0x4C, 0x87, 0x4C, 0x87, 0x4C, 0x87, 0x4C, 0x87, 0x4C, 0x87,
    0x4C, 0x87, 0x4C, 0x87, 0x4C, 0x87, 0x4C, 0x87, 0x4C, 0x87, 0x4C, 0x87, 0x4C, 0x87, 0x4C, 0x87,
    0x4C, 0x87, 0x2B, 0x65, 0x4C, 0x87, 0x4C, 0x87, 0x4C, 0x87, 0x2B, 0x65, 0x4C, 0x87, 0x4C, 0x87,
    0x4C, 0x87, 0x2B, 0x65, 0x4C, 0x87, 0x4C, 0x87, 0x4C, 0x87, 0x2B, 0x65, 0x4C, 0x87, 0x4C, 0x87,
    0x4C, 0x87, 0x4C, 0x87, 0x4C, 0x87, 0x4C, 0x87, 0x4C, 0x87, 0x4C, 0x87, 0x4C, 0x87, 0x4C, 0x87,
    0x4C, 0x87, 0x4C, 0x87, 0x4C, 0x87, 0x4C, 0x87, 0x4C, 0x87, 0x4C, 0x87, 0x4C, 0x87, 0x4C, 0x87,
    0x4C, 0x87, 0x4C, 0x87, 0x4C, 0x87, 0x4C, 0x87, 0x4C, 0x87, 0x4C, 0x87, 0xBC, 0xEC, 0xE6, 0x51,
    0xB7, 0x1E, 0x22, 0xB5, 0x22, 0xB5, 0x22, 0xB5, 0x22, 0xB5, 0x22, 0xB5, 0x22, 0xB5, 0x22, 0xB5,
    0x4C, 0x87, 0x4C, 0x87, 0x4C, 0x87, 0x4C, 0x87, 0xBC, 0xEC, 0xBC, 0xEC, 0xBC, 0xEC, 0xE6, 0x51,
    0xB7, 0x1E, 0x4C, 0x3A, 0x22, 0xB5, 0x22, 0xB5, 0x22, 0xB5, 0x22, 0xB5, 0x22, 0xB5, 0x22, 0xB5,
    0x4C, 0x87, 0x2B, 0x65, 0x4C, 0x87, 0x4C, 0x87, 0xBC, 0xEC, 0xE6, 0x51, 0xE6, 0x51, 0xE6, 0x51,
    0xB7, 0x1E, 0x22, 0xB5, 0x22, 0xB5, 0x22, 0xB5, 0x22, 0xB5, 0x22, 0xB5, 0x22, 0xB5, 0x22, 0xB5,
    0x4C, 0x87, 0x4C, 0x87, 0x4C, 0x87, 0xBC, 0xEC, 0xBC, 0xEC, 0xE6, 0x51, 0xB7, 0x1E, 0xB7, 0x1E,
    0xB7, 0x1E, 0x22, 0xB5, 0x11, 0xD0, 0x22, 0xB5, 0x22, 0xB5, 0x22, 0xB5, 0x11, 0xD0, 0x22, 0xB5,
    0x4C, 0x87, 0x4C, 0x87, 0xBC, 0xEC, 0xBC, 0xEC, 0xE6, 0x51, 0xE6, 0x51, 0xB7, 0x1E, 0xE6, 0x51,
    0xB7, 0x1E, 0x22, 0xB5, 0x22, 0xB5, 0x22, 0xB5, 0x22, 0xB5, 0x22, 0xB5, 0x22, 0xB5, 0x22, 0xB5,
    0x4C, 0x87, 0xBC, 0xEC, 0xBC, 0xEC, 0xE6, 0x51, 0xE6, 0x51, 0xB7, 0x1E, 0xB7, 0x1E, 0xB7, 0x1E,
    0xB7, 0x1E, 0x22, 0xB5, 0x22, 0xB5, 0x22, 0xB5, 0x4C, 0x3A, 0x4C, 0x3A, 0x22, 0xB5, 0x22, 0xB5,
    0xBC, 0xEC, 0xBC, 0xEC, 0xE6, 0x51, 0xE6, 0x51, 0xB7, 0x1E, 0xE6, 0x51, 0xB7, 0x1E, 0x22, 0xB5,
    0x22, 0xB5, 0x22, 0xB5, 0x22, 0xB5, 0x22, 0xB5, 0x22, 0xB5, 0x22, 0xB5, 0x22, 0xB5, 0x22, 0xB5,
    0xE6, 0x51, 0xE6, 0x51, 0xE6, 0x51, 0xB7, 0x1E, 0xB7, 0x1E, 0xB7, 0x1E, 0xB7, 0x1E, 0x22, 0xB5,
    0x22, 0xB5, 0x22, 0xB5, 0x11, 0xD0, 0x22, 0xB5, 0x22, 0xB5, 0x22, 0xB5, 0x11, 0xD0, 0x22, 0xB5,
    0xB7, 0x1E, 0xB7, 0x1E, 0xB7, 0x1E, 0xB7, 0x1E, 0x22, 0xB5, 0x22, 0xB5, 0x22, 0xB5, 0x22, 0xB5,
    0x22, 0xB5, 0x22, 0xB5, 0x22, 0xB5, 0x22, 0xB5, 0x22, 0xB5, 0x22, 0xB5, 0x22, 0xB5, 0x22, 0xB5,
    0x4C, 0x3A, 0x4C, 0x3A, 0x22, 0xB5, 0x22, 0xB5, 0x22, 0xB5, 0x22, 0xB5, 0x22, 0xB5, 0x22, 0xB5,
    0x4C, 0x3A, 0x4C, 0x3A, 0x22, 0xB5, 0x22, 0xB5, 0x22, 0xB5, 0x22, 0xB5, 0x22, 0xB5, 0x22, 0xB5,
    0x22, 0xB5, 0x22, 0xB5, 0x22, 0xB5, 0x22, 0xB5, 0x22, 0xB5, 0x22, 0xB5, 0x22, 0xB5, 0x22, 0xB5,
    0x22, 0xB5, 0x22, 0xB5, 0x22, 0xB5, 0x22, 0xB5, 0x22, 0xB5, 0x22, 0xB5, 0x22, 0xB5, 0x22, 0xB5,
    0x22, 0xB5, 0x22, 0xB5, 0x11, 0xD0, 0x22, 0xB5, 0x22, 0xB5, 0x22, 0xB5, 0x11, 0xD0, 0x22, 0xB5,
    0x22, 0xB5, 0x22, 0xB5, 0x11, 0xD0, 0x22, 0xB5, 0x22, 0xB5, 0x22, 0xB5, 0x11, 0xD0, 0x22, 0xB5,
    0x22, 0xB5, 0x22, 0xB5, 0x22, 0xB5, 0x22, 0xB5, 0x22, 0xB5, 0x22, 0xB5, 0x22, 0xB5, 0x22, 0xB5,
    0x22, 0xB5, 0x22, 0xB5, 0x22, 0xB5, 0x22, 0xB5, 0x22, 0xB5, 0x22, 0xB5, 0x22, 0xB5, 0x22, 0xB5,
    0x22, 0xB5, 0x22, 0xB5, 0x22, 0xB5, 0x22, 0xB5, 0x4C, 0x3A, 0x4C, 0x3A, 0x22, 0xB5, 0x22, 0xB5,
    0x22, 0xB5, 0x22, 0xB5, 0x22, 0xB5, 0x22, 0xB5, 0x4C, 0x3A, 0x4C, 0x3A, 0x22, 0xB5, 0x22, 0xB5,
    0x22, 0xB5, 0x22, 0xB5, 0x22, 0xB5, 0x22, 0xB5, 0x22, 0xB5, 0x22, 0xB5, 0x22, 0xB5, 0x22, 0xB5,
    0x22, 0xB5, 0x22, 0xB5, 0x22, 0xB5, 0x22, 0xB5, 0x22, 0xB5, 0x22, 0xB5, 0x22, 0xB5, 0x22, 0xB5,
    0x22, 0xB5, 0x22, 0xB5, 0x11, 0xD0, 0x22, 0xB5, 0x22, 0xB5, 0x22, 0xB5, 0x11, 0xD0, 0x22, 0xB5,
    0x22, 0xB5, 0x22, 0xB5, 0x11, 0xD0, 0x22, 0xB5, 0x22, 0xB5, 0x22, 0xB5, 0x11, 0xD0, 0x22, 0xB5,
    0x4C, 0x87, 0x4C, 0x87, 0x4C, 0x87, 0x4C, 0x87, 0x4C, 0x87, 0x4C, 0x87, 0xBC, 0xEC, 0xE6, 0x51,
    0xB7, 0x1E, 0x22, 0xB5, 0x22, 0xB5, 0x22, 0xB5, 0x22, 0xB5, 0x22, 0xB5, 0x22, 0xB5, 0x22, 0xB5,
    0x4C, 0x87, 0x4C, 0x87, 0x4C, 0x87, 0x4C, 0x87, 0xBC, 0xEC, 0xBC, 0xEC, 0xBC, 0xEC, 0xE6, 0x51,
    0xB7, 0x1E, 0x4C, 0x3A, 0x22, 0xB5, 0x22, 0xB5, 0x22, 0xB5, 0x22, 0xB5, 0x22, 0xB5, 0x22, 0xB5,
    0x4C, 0x87, 0x2B, 0x65, 0x4C, 0x87, 0x4C, 0x87, 0xBC, 0xEC, 0xE6, 0x51, 0xE6, 0x51, 0xE6, 0x51,
    0xB7, 0x1E, 0x22, 0xB5, 0x22, 0xB5, 0x22, 0xB5, 0x22, 0xB5, 0x22, 0xB5, 0x22, 0xB5, 0x22, 0xB5,
    0x4C, 0x87, 0x4C, 0x87, 0x4C, 0x87, 0x4C, 0x87, 0xBC, 0xEC, 0xE6, 0x51, 0xB7, 0x1E, 0xE6, 0x51,
    0xB7, 0x1E, 0x22, 0xB5, 0x11, 0xD0, 0x22, 0xB5, 0x22, 0xB5, 0x22, 0xB5, 0x11, 0xD0, 0x22, 0xB5,
    0x4C, 0x87, 0x4C, 0x87, 0x4C, 0x87, 0x4C, 0x87, 0xBC, 0xEC, 0xE6, 0x51, 0xE6, 0x51, 0xB7, 0x1E,
    0xB7, 0x1E, 0x22, 0xB5, 0x22, 0xB5, 0x22, 0xB5, 0x22, 0xB5, 0x22, 0xB5, 0x22, 0xB5, 0x22, 0xB5,
    0x4C, 0x87, 0x4C, 0x87, 0x4C, 0x87, 0x4C, 0x87, 0xBC, 0xEC, 0xE6, 0x51, 0xE6, 0x51, 0xB7, 0x1E,
    0xB7, 0x1E, 0x22, 0xB5, 0x22, 0xB5, 0x22, 0xB5, 0x4C, 0x3A, 0x4C, 0x3A, 0x22, 0xB5, 0x22, 0xB5,
    0x4C, 0x87, 0x2B, 0x65, 0x4C, 0x87, 0x4C, 0x87, 0xBC, 0xEC, 0xE6, 0x51, 0xB7, 0x1E, 0xE6, 0x51,
    0xB7, 0x1E, 0xB7, 0x1E, 0x22, 0xB5, 0x22, 0xB5, 0x22, 0xB5, 0x22, 0xB5, 0x22, 0xB5, 0x22, 0xB5,
    0x4C, 0x87, 0x4C, 0x87, 0x4C, 0x87, 0x4C, 0x87, 0xBC, 0xEC, 0xE6, 0x51, 0xE6, 0x51, 0xB7, 0x1E,
    0xE6, 0x51, 0xB7, 0x1E, 0x11, 0xD0, 0x22, 0xB5, 0x22, 0xB5, 0x22, 0xB5, 0x11, 0xD0, 0x22, 0xB5,
    0x4C, 0x87, 0x4C, 0x87, 0x4C, 0x87, 0x4C, 0x87, 0xBC, 0xEC, 0xBC, 0xEC, 0xE6, 0x51, 0xE6, 0x51,
    0xE6, 0x51, 0xB7, 0x1E, 0x22, 0xB5, 0x22, 0xB5, 0x22, 0xB5, 0x22, 0xB5, 0x22, 0xB5, 0x22, 0xB5,
    0x4C, 0x87, 0x4C, 0x87, 0x4C, 0x87, 0x4C, 0x87, 0xBC, 0xEC, 0xBC, 0xEC, 0xE6, 0x51, 0xB7, 0x1E,
    0xB7, 0x1E, 0xB7, 0x1E, 0x22, 0xB5, 0x22, 0xB5, 0x22, 0xB5, 0x22, 0xB5, 0x22, 0xB5, 0x22, 0xB5,
    0x4C, 0x87, 0x2B, 0x65, 0x4C, 0x87, 0x4C, 0x87, 0xBC, 0xEC, 0xE6, 0x51, 0xE6, 0x51, 0xE6, 0x51,
    0xB7, 0x1E, 0x22, 0xB5, 0x22, 0xB5, 0x22, 0xB5, 0x22, 0xB5, 0x22, 0xB5, 0x22, 0xB5, 0x22, 0xB5,
    0x4C, 0x87, 0x4C, 0x87, 0x4C, 0x87, 0x4C, 0x87, 0xBC, 0xEC, 0xE6, 0x51, 0xB7, 0x1E, 0xE6, 0x51,
    0xB7, 0x1E, 0x22, 0xB5, 0x11, 0xD0, 0x22, 0xB5, 0x22, 0xB5, 0x22, 0xB5, 0x11, 0xD0, 0x22, 0xB5,
    0x4C, 0x87, 0x4C, 0x87, 0x4C, 0x87, 0x4C, 0x87, 0xBC, 0xEC, 0xE6, 0x51, 0xE6, 0x51, 0xB7, 0x1E,
    0xB7, 0x1E, 0x22, 0xB5, 0x22, 0xB5, 0x22, 0xB5, 0x22, 0xB5, 0x22, 0xB5, 0x22, 0xB5, 0x22, 0xB5,
    0x4C, 0x87, 0x4C, 0x87, 0x4C, 0x87, 0x4C, 0x87, 0xBC, 0xEC, 0xBC, 0xEC, 0xE6, 0x51, 0xE6, 0x51,
    0xB7, 0x1E, 0x22, 0xB5, 0x22, 0xB5, 0x22, 0xB5, 0x4C, 0x3A, 0x4C, 0x3A, 0x22, 0xB5, 0x22, 0xB5,
    0x4C, 0x87, 0x2B, 0x65, 0x4C, 0x87, 0x4C, 0x87, 0x4C, 0x87, 0xBC, 0xEC, 0xBC, 0xEC, 0xE6, 0x51,
    0xB7, 0x1E, 0x22, 0xB5, 0x22, 0xB5, 0x22, 0xB5, 0x22, 0xB5, 0x22, 0xB5, 0x22, 0xB5, 0x22, 0xB5,
    0x4C, 0x87, 0x4C, 0x87, 0x4C, 0x87, 0x4C, 0x87, 0x4C, 0x87, 0x4C, 0x87, 0xBC, 0xEC, 0xE6, 0x51,
    0xB7, 0x1E, 0x22, 0xB5, 0x11, 0xD0, 0x22, 0xB5, 0x22, 0xB5, 0x22, 0xB5, 0x11, 0xD0, 0x22, 0xB5,
    0x4C, 0x87, 0x4C, 0x87, 0x4C, 0x87, 0x4C, 0x87, 0x4C, 0x87, 0x4C, 0x87, 0xBC, 0xEC, 0xE6, 0x51,
    0xB7, 0x1E, 0x22, 0xB5, 0x22, 0xB5, 0x22, 0xB5, 0x22, 0xB5, 0x22, 0xB5, 0x22, 0xB5, 0x22, 0xB5,
    0x4C, 0x87, 0x4C, 0x87, 0x4C, 0x87, 0x4C, 0x87, 0x4C, 0x87, 0x4C, 0x87, 0xBC, 0xEC, 0xE6, 0x51,
    0xB7, 0x1E, 0x4C, 0x3A, 0x22, 0xB5, 0x22, 0xB5, 0x22, 0xB5, 0x22, 0xB5, 0x22, 0xB5, 0x22, 0xB5,
    0x4C, 0x87, 0x2B, 0x65, 0x4C, 0x87, 0x4C, 0x87, 0x4C, 0x87, 0x2B, 0x65, 0xBC, 0xEC, 0xE6, 0x51,
    0xB7, 0x1E, 0x22, 0xB5, 0x22, 0xB5, 0x22, 0xB5, 0x22, 0xB5, 0x22, 0xB5, 0x22, 0xB5, 0x22, 0xB5,
    0x4C, 0x87, 0x4C, 0x87, 0x4C, 0x87, 0x4C, 0x87, 0xBC, 0xEC, 0xBC, 0xEC, 0xBC, 0xEC, 0xE6, 0x51,
    0xB7, 0x1E, 0x22, 0xB5, 0x11, 0xD0, 0x22, 0xB5, 0x22, 0xB5, 0x22, 0xB5, 0x11, 0xD0, 0x22, 0xB5,
    0x4C, 0x87, 0xBC, 0xEC, 0xBC, 0xEC, 0xBC, 0xEC, 0xBC, 0xEC, 0xE6, 0x51, 0xE6, 0x51, 0xE6, 0x51,
    0xB7, 0x1E, 0x22, 0xB5, 0x22, 0xB5, 0x22, 0xB5, 0x22, 0xB5, 0x22, 0xB5, 0x22, 0xB5, 0x22, 0xB5,
    0x4C, 0x87, 0xBC, 0xEC, 0xE6, 0x51, 0xE6, 0x51, 0xE6, 0x51, 0xE6, 0x51, 0xB7, 0x1E, 0xB7, 0x1E,
    0xB7, 0x1E, 0x22, 0xB5, 0x22, 0xB5, 0x22, 0xB5, 0x4C, 0x3A, 0x4C, 0x3A, 0x22, 0xB5, 0x22, 0xB5,
    0xBC, 0xEC, 0xBC, 0xEC, 0xE6, 0x51, 0xB7, 0x1E, 0xE6, 0x51, 0xE6, 0x51, 0xB7, 0x1E, 0x22, 0xB5,
    0x22, 0xB5, 0x22, 0xB5, 0x22, 0xB5, 0x22, 0xB5, 0x22, 0xB5, 0x22, 0xB5, 0x22, 0xB5, 0x22, 0xB5,
    0xE6, 0x51, 0xE6, 0x51, 0xE6, 0x51, 0xE6, 0x51, 0xB7, 0x1E, 0xB7, 0x1E, 0xB7, 0x1E, 0x22, 0xB5,
    0x22, 0xB5, 0x22, 0xB5, 0x11, 0xD0, 0xB7, 0x1E, 0xB7, 0x1E, 0xB7, 0x1E, 0xB7, 0x1E, 0xB7, 0x1E,
    0xB7, 0x1E, 0xB7, 0x1E, 0xB7, 0x1E, 0xB7, 0x1E, 0xB7, 0x1E, 0x22, 0xB5, 0x22, 0xB5, 0x22, 0xB5,
    0x22, 0xB5, 0xB7, 0x1E, 0xB7, 0x1E, 0xB7, 0x1E, 0xE6, 0x51, 0xE6, 0x51, 0xE6, 0x51, 0xE6, 0x51,
    0x4C, 0x3A, 0x4C, 0x3A, 0x22, 0xB5, 0x22, 0xB5, 0x22, 0xB5, 0x22, 0xB5, 0x22, 0xB5, 0x22, 0xB5,
    0x4C, 0x3A, 0xB7, 0x1E, 0xE6, 0x51, 0xB7, 0x1E, 0xE6, 0x51, 0xBC, 0xEC, 0xBC, 0xEC, 0xBC, 0xEC,
    0x22, 0xB5, 0x22, 0xB5, 0x22, 0xB5, 0x22, 0xB5, 0x22, 0xB5, 0x22, 0xB5, 0x22, 0xB5, 0xB7, 0x1E,
    0xB7, 0x1E, 0xB7, 0x1E, 0xE6, 0x51, 0xE6, 0x51, 0xE6, 0x51, 0xBC, 0xEC, 0x4C, 0x87, 0x4C, 0x87,
    0x22, 0xB5, 0x22, 0xB5, 0x11, 0xD0, 0x22, 0xB5, 0x22, 0xB5, 0x22, 0xB5, 0x11, 0xD0, 0xB7, 0x1E,
    0xE6, 0x51, 0xB7, 0x1E, 0xE6, 0x51, 0xBC, 0xEC, 0xBC, 0xEC, 0xBC, 0xEC, 0x4C, 0x87, 0x4C, 0x87,
    0x22, 0xB5, 0x22, 0xB5, 0x22, 0xB5, 0x22, 0xB5, 0x22, 0xB5, 0x22, 0xB5, 0x22, 0xB5, 0xB7, 0x1E,
    0xE6, 0x51, 0xB7, 0x1E, 0xE6, 0x51, 0xBC, 0xEC, 0x4C, 0x87, 0x4C, 0x87, 0x4C, 0x87, 0x4C, 0x87,
    0x22, 0xB5, 0x22, 0xB5, 0x22, 0xB5, 0x22, 0xB5, 0x4C, 0x3A, 0x4C, 0x3A, 0x22, 0xB5, 0xB7, 0x1E,
    0xE6, 0x51, 0xE6, 0x51, 0xE6, 0x51, 0xBC, 0xEC, 0x4C, 0x87, 0x4C, 0x87, 0x4C, 0x87, 0x4C, 0x87,
    0x22, 0xB5, 0x22, 0xB5, 0x22, 0xB5, 0x22, 0xB5, 0x22, 0xB5, 0x22, 0xB5, 0x22, 0xB5, 0xB7, 0x1E,
    0xE6, 0x51, 0xBC, 0xEC, 0xBC, 0xEC, 0xBC, 0xEC, 0x4C, 0x87, 0x2B, 0x65, 0x4C, 0x87, 0x4C, 0x87,
    0x22, 0xB5, 0x22, 0xB5, 0x11, 0xD0, 0x22, 0xB5, 0x22, 0xB5, 0x22, 0xB5, 0x11, 0xD0, 0xB7, 0x1E,
    0xE6, 0x51, 0xBC, 0xEC, 0x4C, 0x87, 0x4C, 0x87, 0x4C, 0x87, 0x4C, 0x87, 0x4C, 0x87, 0x4C, 0x87,
    0x4C, 0x87, 0x4C, 0x87, 0x4C, 0x87, 0x4C, 0x87, 0x4C, 0x87, 0x4C, 0x87, 0xBC, 0xEC, 0xE6, 0x51,
    0xB7, 0x1E, 0x22, 0xB5, 0x22, 0xB5, 0x22, 0xB5, 0x22, 0xB5, 0x22, 0xB5, 0x22, 0xB5, 0x22, 0xB5,
    0x4C, 0x87, 0x4C, 0x87, 0x4C, 0x87, 0x4C, 0x87, 0x4C, 0x87, 0xBC, 0xEC, 0xBC, 0xEC, 0xE6, 0x51,
    0xB7, 0x1E, 0x4C, 0x3A, 0x22, 0xB5, 0x22, 0xB5, 0x22, 0xB5, 0x22, 0xB5, 0x22, 0xB5, 0x22, 0xB5,
    0x4C, 0x87, 0x2B, 0x65, 0x4C, 0x87, 0x4C, 0x87, 0xBC, 0xEC, 0xBC, 0xEC, 0xE6, 0x51, 0xE6, 0x51,
    0xB7, 0x1E, 0x22, 0xB5, 0x22, 0xB5, 0x22, 0xB5, 0x22, 0xB5, 0x22, 0xB5, 0x22, 0xB5, 0x22, 0xB5,
    0x4C, 0x87, 0x4C, 0x87, 0x4C, 0x87, 0x4C, 0x87, 0xBC, 0xEC, 0xE6, 0x51, 0xE6, 0x51, 0xB7, 0x1E,
    0xB7, 0x1E, 0x22, 0xB5, 0x11, 0xD0, 0x22, 0xB5, 0x22, 0xB5, 0x22, 0xB5, 0x11, 0xD0, 0x22, 0xB5,
    0x4C, 0x87, 0x4C, 0x87, 0x4C, 0x87, 0x4C, 0x87, 0xBC, 0xEC, 0xE6, 0x51, 0xB7, 0x1E, 0xB7, 0x1E,
    0x22, 0xB5, 0x22, 0xB5, 0x22, 0xB5, 0x22, 0xB5, 0x22, 0xB5, 0x22, 0xB5, 0x22, 0xB5, 0x22, 0xB5,
    0x4C, 0x87, 0x4C, 0x87, 0x4C, 0x87, 0x4C, 0x87, 0xBC, 0xEC, 0xE6, 0x51, 0xE6, 0x51, 0xB7, 0x1E,
    0xB7, 0x1E, 0xB7, 0x1E, 0x22, 0xB5, 0x22, 0xB5, 0x4C, 0x3A, 0x4C, 0x3A, 0x22, 0xB5, 0x22, 0xB5,
    0x4C, 0x87, 0x2B, 0x65, 0x4C, 0x87, 0x4C, 0x87, 0xBC, 0xEC, 0xBC, 0xEC, 0xE6, 0x51, 0xE6, 0x51,
    0xE6, 0x51, 0xB7, 0x1E, 0xB7, 0x1E, 0x22, 0xB5, 0x22, 0xB5, 0x22, 0xB5, 0x22, 0xB5, 0x22, 0xB5,
    0x4C, 0x87, 0x4C, 0x87, 0x4C, 0x87, 0x4C, 0x87, 0x4C, 0x87, 0xBC, 0xEC, 0xBC, 0xEC, 0xBC, 0xEC,
    0xE6, 0x51, 0xE6, 0x51, 0xB7, 0x1E, 0xB7, 0x1E, 0xB7, 0x1E, 0xB7, 0x1E, 0xB7, 0x1E, 0xB7, 0x1E,
    0x4C, 0x87, 0x4C, 0x87, 0x4C, 0x87, 0x4C, 0x87, 0x4C, 0x87, 0x4C, 0x87, 0x4C, 0x87, 0xBC, 0xEC,
    0xBC, 0xEC, 0xE6, 0x51, 0xE6, 0x51, 0xB7, 0x1E, 0xB7, 0x1E, 0xE6, 0x51, 0xE6, 0x51, 0xE6, 0x51,
    0x4C, 0x87, 0x4C, 0x87, 0x4C, 0x87, 0x4C, 0x87, 0x4C, 0x87, 0x4C, 0x87, 0x4C, 0x87, 0x4C, 0x87,
    0xBC, 0xEC, 0xE6, 0x51, 0xB7, 0x1E, 0xE6, 0x51, 0xB7, 0x1E, 0xE6, 0x51, 0xBC, 0xEC, 0xBC, 0xEC,
    0x4C, 0x87, 0x2B, 0x65, 0x4C, 0x87, 0x4C, 0x87, 0x4C, 0x87, 0x2B, 0x65, 0x4C, 0x87, 0x4C, 0x87,
    0xBC, 0xEC, 0xE6, 0x51, 0xE6, 0x51, 0xE6, 0x51, 0xE6, 0x51, 0xE6, 0x51, 0xBC, 0xEC, 0x4C, 0x87,
    0x4C, 0x87, 0x4C, 0x87, 0x4C, 0x87, 0x4C, 0x87, 0x4C, 0x87, 0x7D, 0xC9, 0x4C, 0x87, 0x4C, 0x87,
    0xBC, 0xEC, 0xBC, 0xEC, 0xBC, 0xEC, 0xBC, 0xEC, 0xBC, 0xEC, 0xBC, 0xEC, 0xBC, 0xEC, 0x4C, 0x87,
    0x4C, 0x87, 0x4C, 0x87, 0x4C, 0x87, 0x4C, 0x87, 0x4C, 0x87, 0x4C, 0x87, 0x4C, 0x87, 0x4C, 0x87,
    0x4C, 0x87, 0x4C, 0x87, 0x4C, 0x87, 0x4C, 0x87, 0x4C, 0x87, 0x4C, 0x87, 0x4C, 0x87, 0x4C, 0x87,
    0x4C, 0x87, 0x4C, 0x87, 0x4C, 0x87, 0x4C, 0x87, 0x4C, 0x87, 0x4C, 0x87, 0x4C, 0x87, 0x4C, 0x87,
    0x4C, 0x87, 0x4C, 0x87, 0x4C, 0x87, 0x4C, 0x87, 0x4C, 0x87, 0x4C, 0x87, 0x4C, 0x87, 0x4C, 0x87,
    0x4C, 0x87, 0x2B, 0x65, 0x4C, 0x87, 0x4C, 0x87, 0x4C, 0x87, 0x2B, 0x65, 0x4C, 0x87, 0x4C, 0x87,
    0x4C, 0x87, 0x2B, 0x65, 0x4C, 0x87, 0x4C, 0x87, 0x4C, 0x87, 0x2B, 0x65, 0x4C, 0x87, 0x4C, 0x87,
    0x4C, 0x87, 0x4C, 0x87, 0x4C, 0x87, 0x4C, 0x87, 0x4C, 0x87, 0x4C, 0x87, 0x4C, 0x87, 0x4C, 0x87,
    0x4C, 0x87, 0x4C, 0x87, 0x4C, 0x87, 0x4C, 0x87, 0x4C, 0x87, 0x4C, 0x87, 0x4C, 0x87, 0x4C, 0x87,
    0x4C, 0x87, 0x4C, 0x87, 0x4C, 0x87, 0x4C, 0x87, 0x4C, 0x87, 0x4C, 0x87, 0x4C, 0x87, 0x4C, 0x87,
    0x4C, 0x87, 0x4C, 0x87, 0x4C, 0x87, 0x4C, 0x87, 0x4C, 0x87, 0x4C, 0x87, 0x4C, 0x87, 0x4C, 0x87,
    0x4C, 0x87, 0x4C, 0x87, 0x4C, 0x87, 0x4C, 0x87, 0x4C, 0x87, 0x4C, 0x87, 0x4C, 0x87, 0x4C, 0x87,
    0x4C, 0x87, 0x4C, 0x87, 0x4C, 0x87, 0x4C, 0x87, 0x4C, 0x87, 0x4C, 0x87, 0x4C, 0x87, 0x4C, 0x87,
    0x4C, 0x87, 0x2B, 0x65, 0x4C, 0x87, 0x4C, 0x87, 0x4C, 0x87, 0x2B, 0x65, 0x4C, 0x87, 0x4C, 0x87,
    0x4C, 0x87, 0x2B, 0x65, 0x4C, 0x87, 0x4C, 0x87, 0x4C, 0x87, 0x2B, 0x65, 0x4C, 0x87, 0x4C, 0x87,
    0x4C, 0x87, 0x4C, 0x87, 0x4C, 0x87, 0x4C, 0x87, 0x4C, 0x87, 0x7D, 0xC9, 0x4C, 0x87, 0x4C, 0x87,
    0x4C, 0x87, 0x4C, 0x87, 0x4C, 0x87, 0x4C, 0x87, 0x4C, 0x87, 0x7D, 0xC9, 0x4C, 0x87, 0x4C, 0x87,
    0x4C, 0x87, 0xBC, 0xEC, 0xBC, 0xEC, 0xBC, 0xEC, 0xBC, 0xEC, 0xBC, 0xEC, 0x4C, 0x87, 0xBC, 0xEC,
    0xBC, 0xEC, 0xBC, 0xEC, 0xBC, 0xEC, 0xBC, 0xEC, 0xBC, 0xEC, 0xBC, 0xEC, 0x4C, 0x87, 0x4C, 0x87,
    0x4C, 0x87, 0xBC, 0xEC, 0xE6, 0x51, 0xE6, 0x51, 0xE6, 0x51, 0xBC, 0xEC, 0xBC, 0xEC, 0xBC, 0xEC,
    0xE6, 0x51, 0xE6, 0x51, 0xE6, 0x51, 0xE6, 0x51, 0xE6, 0x51, 0xBC, 0xEC, 0x4C, 0x87, 0x4C, 0x87,
    0xBC, 0xEC, 0xBC, 0xEC, 0xE6, 0x51, 0xB7, 0x1E, 0xE6, 0x51, 0xE6, 0x51, 0xE6, 0x51, 0xE6, 0x51,
    0xE6, 0x51, 0xB7, 0x1E, 0xE6, 0x51, 0xB7, 0x1E, 0xE6, 0x51, 0xBC, 0xEC, 0xBC, 0xEC, 0xBC, 0xEC,
    0xE6, 0x51, 0xE6, 0x51, 0xE6, 0x51, 0xE6, 0x51, 0xE6, 0x51, 0xB7, 0x1E, 0xE6, 0x51, 0xB7, 0x1E,
    0xB7, 0x1E, 0xB7, 0x1E, 0xE6, 0x51, 0xE6, 0x51, 0xE6, 0x51, 0xE6, 0x51, 0xE6, 0x51, 0xE6, 0x51,
    0xB7, 0x1E, 0xB7, 0x1E, 0xB7, 0x1E, 0xB7, 0x1E, 0xB7, 0x1E, 0xB7, 0x1E, 0xB7, 0x1E, 0xB7, 0x1E,
    0x22, 0xB5, 0xB7, 0x1E, 0xB7, 0x1E, 0xB7, 0x1E, 0xB7, 0x1E, 0xB7, 0x1E, 0xB7, 0x1E, 0xB7, 0x1E,
    0x4C, 0x3A, 0x4C, 0x3A, 0x22, 0xB5, 0x22, 0xB5, 0x22, 0xB5, 0x22, 0xB5, 0x22, 0xB5, 0x22, 0xB5,
    0x4C, 0x3A, 0x4C, 0x3A, 0x22, 0xB5, 0x22, 0xB5, 0x22, 0xB5, 0x22, 0xB5, 0x22, 0xB5, 0x22, 0xB5,
    0x22, 0xB5, 0x22, 0xB5, 0x22, 0xB5, 0x22, 0xB5, 0x22, 0xB5, 0x22, 0xB5, 0x22, 0xB5, 0x22, 0xB5,
    0x22, 0xB5, 0x22, 0xB5, 0x22, 0xB5, 0x22, 0xB5, 0x22, 0xB5, 0x22, 0xB5, 0x22, 0xB5, 0x22, 0xB5,
    0x22, 0xB5, 0x22, 0xB5, 0x11, 0xD0, 0x22, 0xB5, 0x22, 0xB5, 0x22, 0xB5, 0x11, 0xD0, 0x22, 0xB5,
    0x22, 0xB5, 0x22, 0xB5, 0x11, 0xD0, 0x22, 0xB5, 0x22, 0xB5, 0x22, 0xB5, 0x11, 0xD0, 0x22, 0xB5,
    0x22, 0xB5, 0x22, 0xB5, 0x22, 0xB5, 0x22, 0xB5, 0x22, 0xB5, 0x22, 0xB5, 0x22, 0xB5, 0x22, 0xB5,
    0x22, 0xB5, 0x22, 0xB5, 0x22, 0xB5, 0x22, 0xB5, 0x22, 0xB5, 0x22, 0xB5, 0x22, 0xB5, 0x22, 0xB5,
    0x22, 0xB5, 0x22, 0xB5, 0x22, 0xB5, 0x22, 0xB5, 0x4C, 0x3A, 0x4C, 0x3A, 0x22, 0xB5, 0x22, 0xB5,
    0x22, 0xB5, 0x22, 0xB5, 0x22, 0xB5, 0x22, 0xB5, 0x4C, 0x3A, 0x4C, 0x3A, 0x22, 0xB5, 0x22, 0xB5,
    0x22, 0xB5, 0x22, 0xB5, 0x22, 0xB5, 0x22, 0xB5, 0x22, 0xB5, 0x22, 0xB5, 0x22, 0xB5, 0x22, 0xB5,
    0x22, 0xB5, 0x22, 0xB5, 0x22, 0xB5, 0x22, 0xB5, 0x22, 0xB5, 0x22, 0xB5, 0x22, 0xB5, 0x22, 0xB5,
    0x22, 0xB5, 0x22, 0xB5, 0x11, 0xD0, 0x22, 0xB5, 0x22, 0xB5, 0x22, 0xB5, 0x11, 0xD0, 0x22, 0xB5,
    0x22, 0xB5, 0x22, 0xB5, 0x11, 0xD0, 0x22, 0xB5, 0x22, 0xB5, 0x22, 0xB5, 0x11, 0xD0, 0x22, 0xB5,
    0x4C, 0x87, 0x4C, 0x87, 0x4C, 0x87, 0x4C, 0x87, 0x4C, 0x87, 0x4C, 0x87, 0x4C, 0x87, 0x4C, 0x87,
    0x4C, 0x87, 0x4C, 0x87, 0x4C, 0x87, 0x4C, 0x87, 0x4C, 0x87, 0x4C, 0x87, 0x4C, 0x87, 0x4C, 0x87,
    0x4C, 0x87, 0x4C, 0x87, 0x4C, 0x87, 0x4C, 0x87, 0x4C, 0x87, 0x4C, 0x87, 0x4C, 0x87, 0x4C, 0x87,
    0x4C, 0x87, 0x4C, 0x87, 0x4C, 0x87, 0x4C, 0x87, 0x4C, 0x87, 0x4C, 0x87, 0x4C, 0x87, 0x4C, 0x87,
    0x4C, 0x87, 0x2B, 0x65, 0x4C, 0x87, 0x4C, 0x87, 0x4C, 0x87, 0x2B, 0x65, 0x4C, 0x87, 0x4C, 0x87,
    0x4C, 0x87, 0x2B, 0x65, 0x4C, 0x87, 0x4C, 0x87, 0x4C, 0x87, 0x2B, 0x65, 0x4C, 0x87, 0x4C, 0x87,
    0x4C, 0x87, 0x4C, 0x87, 0x4C, 0x87, 0x4C, 0x87, 0x4C, 0x87, 0x7D, 0xC9, 0x4C, 0x87, 0x4C, 0x87,
    0x4C, 0x87, 0x4C, 0x87, 0x4C, 0x87, 0x4C, 0x87, 0x4C, 0x87, 0x7D, 0xC9, 0x4C, 0x87, 0x4C, 0x87,
    0x4C, 0x87, 0x4C, 0x87, 0x4C, 0x87, 0x4C, 0x87, 0x4C, 0x87, 0x4C, 0x87, 0x4C, 0x87, 0x4C, 0x87,
    0xBC, 0xEC, 0xBC, 0xEC, 0xBC, 0xEC, 0xBC, 0xEC, 0xBC, 0xEC, 0xBC, 0xEC, 0xBC, 0xEC, 0x4C, 0x87,
    0x4C, 0x87, 0x4C, 0x87, 0x4C, 0x87, 0x4C, 0x87, 0x4C, 0x87, 0x4C, 0x87, 0x4C, 0x87, 0xBC, 0xEC,
    0xBC, 0xEC, 0xE6, 0x51, 0xE6, 0x51, 0xE6, 0x51, 0xE6, 0x51, 0xE6, 0x51, 0xBC, 0xEC, 0x4C, 0x87,
    0x4C, 0x87, 0x2B, 0x65, 0x4C, 0x87, 0x4C, 0x87, 0x4C, 0x87, 0x2B, 0x65, 0x4C, 0x87, 0xBC, 0xEC,
    0xE6, 0x51, 0xE6, 0x51, 0xB7, 0x1E, 0xB7, 0x1E, 0xB7, 0x1E, 0xE6, 0x51, 0xBC, 0xEC, 0xBC, 0xEC,
    0x4C, 0x87, 0x4C, 0x87, 0x4C, 0x87, 0x4C, 0x87, 0x4C, 0x87, 0xBC, 0xEC, 0xBC, 0xEC, 0xBC, 0xEC,
    0xE6, 0x51, 0xB7, 0x1E, 0xE6, 0x51, 0xB7, 0x1E, 0xB7, 0x1E, 0xE6, 0x51, 0xE6, 0x51, 0xE6, 0x51,
    0x4C, 0x87, 0x4C, 0x87, 0x4C, 0x87, 0x4C, 0x87, 0xBC, 0xEC, 0xBC, 0xEC, 0xE6, 0x51, 0xE6, 0x51,
    0xE6, 0x51, 0xE6, 0x51, 0xE6, 0x51, 0xB7, 0x1E, 0xB7, 0x1E, 0xB7, 0x1E, 0xB7, 0x1E, 0xB7, 0x1E,
    0x4C, 0x87, 0x4C, 0x87, 0x4C, 0x87, 0x4C, 0x87, 0xBC, 0xEC, 0xE6, 0x51, 0xE6, 0x51, 0xB7, 0x1E,
    0xE6, 0x51, 0xE6, 0x51, 0xB7, 0x1E, 0xB7, 0x1E, 0x22, 0xB5, 0x22, 0xB5, 0x22, 0xB5, 0x22, 0xB5,
    0x4C, 0x87, 0x2B, 0x65, 0x4C, 0x87, 0x4C, 0x87, 0xBC, 0xEC, 0xE6, 0x51, 0xB7, 0x1E, 0xB7, 0x1E,
    0xE6, 0x51, 0xB7, 0x1E, 0xB7, 0x1E, 0x22, 0xB5, 0x22, 0xB5, 0x22, 0xB5, 0x22, 0xB5, 0x22, 0xB5,
    0x4C, 0x87, 0x4C, 0x87, 0x4C, 0x87, 0x4C, 0x87, 0xBC, 0xEC, 0xE6, 0x51, 0xE6, 0x51, 0xB7, 0x1E,
    0xB7, 0x1E, 0xB7, 0x1E, 0x11, 0xD0, 0x22, 0xB5, 0x22, 0xB5, 0x22, 0xB5, 0x11, 0xD0, 0x22, 0xB5,
    0x4C, 0x87, 0x4C, 0x87, 0x4C, 0x87, 0x4C, 0x87, 0xBC, 0xEC, 0xE6, 0x51, 0xB7, 0x1E, 0xE6, 0x51,
    0xB7, 0x1E, 0x22, 0xB5, 0x22, 0xB5, 0x22, 0xB5, 0x22, 0xB5, 0x22, 0xB5, 0x22, 0xB5, 0x22, 0xB5,
    0x4C, 0x87, 0x4C, 0x87, 0x4C, 0x87, 0x4C, 0x87, 0xBC, 0xEC, 0xE6, 0x51, 0xE6, 0x51, 0xE6, 0x51,
    0xB7, 0x1E, 0x22, 0xB5, 0x22, 0xB5, 0x22, 0xB5, 0x4C, 0x3A, 0x4C, 0x3A, 0x22, 0xB5, 0x22, 0xB5,
    0x4C, 0x87, 0x2B, 0x65, 0x4C, 0x87, 0x4C, 0x87, 0xBC, 0xEC, 0xBC, 0xEC, 0xBC, 0xEC, 0xE6, 0x51,
    0xB7, 0x1E, 0x22, 0xB5, 0x22, 0xB5, 0x22, 0xB5, 0x22, 0xB5, 0x22, 0xB5, 0x22, 0xB5, 0x22, 0xB5,
    0x4C, 0x87, 0x4C, 0x87, 0x4C, 0x87, 0x4C, 0x87, 0x4C, 0x87, 0x4C, 0x87, 0xBC, 0xEC, 0xE6, 0x51,
    0xB7, 0x1E, 0x22, 0xB5, 0x11, 0xD0, 0x22, 0xB5, 0x22, 0xB5, 0x22, 0xB5, 0x11, 0xD0, 0x22, 0xB5,
    0x4C, 0x87, 0x4C, 0x87, 0x4C, 0x87, 0x4C, 0x87, 0x4C, 0x87, 0x4C, 0x87, 0x4C, 0x87, 0x4C, 0x87,
    0x4C, 0x87, 0x4C, 0x87, 0x4C, 0x87, 0x4C, 0x87, 0x4C, 0x87, 0x4C, 0x87, 0x4C, 0x87, 0x4C, 0x87,
    0x4C, 0x87, 0x4C, 0x87, 0x4C, 0x87, 0x4C, 0x87, 0x4C, 0x87, 0x4C, 0x87, 0x4C, 0x87, 0x4C, 0x87,
    0x4C, 0x87, 0x4C, 0x87, 0x4C, 0x87, 0x4C, 0x87, 0x4C, 0x87, 0x4C, 0x87, 0x4C, 0x87, 0x4C, 0x87,
    0x4C, 0x87, 0x2B, 0x65, 0x4C, 0x87, 0x4C, 0x87, 0x4C, 0x87, 0x2B, 0x65, 0x4C, 0x87, 0x4C, 0x87,
    0x4C, 0x87, 0x2B, 0x65, 0x4C, 0x87, 0x4C, 0x87, 0x4C, 0x87, 0x2B, 0x65, 0x4C, 0x87, 0x4C, 0x87,
    0x4C, 0x87, 0x4C, 0x87, 0x4C, 0x87, 0x4C, 0x87, 0x4C, 0x87, 0x7D, 0xC9, 0x4C, 0x87, 0x4C, 0x87,
    0x4C, 0x87, 0x4C, 0x87, 0x4C, 0x87, 0x4C, 0x87, 0x4C, 0x87, 0x7D, 0xC9, 0x4C, 0x87, 0x4C, 0x87,
    0x4C, 0x87, 0x4C, 0x87, 0x4C, 0x87, 0x4C, 0x87, 0x4C, 0x87, 0x4C, 0x87, 0x4C, 0x87, 0x4C, 0x87,
    0x4C, 0x87, 0x4C, 0x87, 0x4C, 0x87, 0x4C, 0x87, 0x4C, 0x87, 0x4C, 0x87, 0x4C, 0x87, 0x4C, 0x87,
    0x4C, 0x87, 0xBC, 0xEC, 0xBC, 0xEC, 0xBC, 0xEC, 0xBC, 0xEC, 0xBC, 0xEC, 0xBC, 0xEC, 0xBC, 0xEC,
    0x4C, 0x87, 0x4C, 0x87, 0x4C, 0x87, 0x4C, 0x87, 0x4C, 0x87, 0x4C, 0x87, 0x4C, 0x87, 0x4C, 0x87,
    0xBC, 0xEC, 0xBC, 0xEC, 0xE6, 0x51, 0xE6, 0x51, 0xE6, 0x51, 0xE6, 0x51, 0xE6, 0x51, 0xBC, 0xEC,
    0x4C, 0x87, 0x2B, 0x65, 0x4C, 0x87, 0x4C, 0x87, 0x4C, 0x87, 0x2B, 0x65, 0x4C, 0x87, 0x4C, 0x87,
    0xE6, 0x51, 0xE6, 0x51, 0xE6, 0x51, 0xB7, 0x1E, 0xE6, 0x51, 0xB7, 0x1E, 0xE6, 0x51, 0xBC, 0xEC,
    0xBC, 0xEC, 0xBC, 0xEC, 0xBC, 0xEC, 0x4C, 0x87, 0x4C, 0x87, 0x4C, 0x87, 0x4C, 0x87, 0x4C, 0x87,
    0xB7, 0x1E, 0xB7, 0x1E, 0xB7, 0x1E, 0xB7, 0x1E, 0xB7, 0x1E, 0xE6, 0x51, 0xE6, 0x51, 0xE6, 0x51,
    0xE6, 0x51, 0xE6, 0x51, 0xBC, 0xEC, 0xBC, 0xEC, 0x4C, 0x87, 0x4C, 0x87, 0x4C, 0x87, 0x4C, 0x87,
    0x4C, 0x3A, 0x4C, 0x3A, 0x22, 0xB5, 0x22, 0xB5, 0xB7, 0x1E, 0xB7, 0x1E, 0xB7, 0x1E, 0xE6, 0x51,
    0xB7, 0x1E, 0xE6, 0x51, 0xE6, 0x51, 0xBC, 0xEC, 0x4C, 0x87, 0x4C, 0x87, 0x4C, 0x87, 0x4C, 0x87,
    0x22, 0xB5, 0x22, 0xB5, 0x22, 0xB5, 0x22, 0xB5, 0x22, 0xB5, 0x22, 0xB5, 0xB7, 0x1E, 0xE6, 0x51,
    0xB7, 0x1E, 0xB7, 0x1E, 0xE6, 0x51, 0xBC, 0xEC, 0x4C, 0x87, 0x2B, 0x65, 0x4C, 0x87, 0x4C, 0x87,
    0x22, 0xB5, 0x22, 0xB5, 0x11, 0xD0, 0x22, 0xB5, 0x22, 0xB5, 0x22, 0xB5, 0xB7, 0x1E, 0xB7, 0x1E,
    0xB7, 0x1E, 0xE6, 0x51, 0xE6, 0x51, 0xBC, 0xEC, 0x4C, 0x87, 0x7D, 0xC9, 0x4C, 0x87, 0x4C, 0x87,
    0x22, 0xB5, 0x22, 0xB5, 0x22, 0xB5, 0x22, 0xB5, 0x22, 0xB5, 0x22, 0xB5, 0x22, 0xB5, 0xB7, 0x1E,
    0xB7, 0x1E, 0xE6, 0x51, 0xBC, 0xEC, 0xBC, 0xEC, 0x4C, 0x87, 0x4C, 0x87, 0x4C, 0x87, 0x4C, 0x87,
    0x22, 0xB5, 0x22, 0xB5, 0x22, 0xB5, 0x22, 0xB5, 0x4C, 0x3A, 0x4C, 0x3A, 0x22, 0xB5, 0xB7, 0x1E,
    0xE6, 0x51, 0xE6, 0x51, 0xBC, 0xEC, 0x4C, 0x87, 0x4C, 0x87, 0x4C, 0x87, 0x4C, 0x87, 0x4C, 0x87,
    0x22, 0xB5, 0x22, 0xB5, 0x22, 0xB5, 0x22, 0xB5, 0x22, 0xB5, 0x22, 0xB5, 0x22, 0xB5, 0xB7, 0x1E,
    0xE6, 0x51, 0xBC, 0xEC, 0xBC, 0xEC, 0x4C, 0x87, 0x4C, 0x87, 0x2B, 0x65, 0x4C, 0x87, 0x4C, 0x87,
    0x22, 0xB5, 0x22, 0xB5, 0x11, 0xD0, 0x22, 0xB5, 0x22, 0xB5, 0x22, 0xB5, 0x11, 0xD0, 0xB7, 0x1E,
    0xE6, 0x51, 0xBC, 0xEC, 0x4C, 0x87, 0x4C, 0x87, 0x4C, 0x87, 0x4C, 0x87, 0x4C, 0x87, 0x4C, 0x87,
    0x4C, 0x87, 0x4C, 0x87, 0x4C, 0x87, 0x4C, 0x87, 0x4C, 0x87, 0x4C, 0x87, 0x4C, 0x87, 0x4C, 0x87,
    0x4C, 0x87, 0x4C, 0x87, 0x4C, 0x87, 0x4C, 0x87, 0x4C, 0x87, 0x4C, 0x87, 0x4C, 0x87, 0x4C, 0x87,
    0x4C, 0x87, 0x4C, 0x87, 0x4C, 0x87, 0x4C, 0x87, 0x4C, 0x87, 0x4C, 0x87, 0x4C, 0x87, 0x4C, 0x87,
    0x4C, 0x87, 0x4C, 0x87, 0x4C, 0x87, 0x4C, 0x87, 0x4C, 0x87, 0x4C, 0x87, 0x4C, 0x87, 0x4C, 0x87,
    0x4C, 0x87, 0x2B, 0x65, 0x4C, 0x87, 0x4C, 0x87, 0x4C, 0x87, 0x2B, 0x65, 0x4C, 0x87, 0x4C, 0x87,
    0x4C, 0x87, 0x2B, 0x65, 0x4C, 0x87, 0x4C, 0x87, 0x4C, 0x87, 0x2B, 0x65, 0x4C, 0x87, 0x4C, 0x87,
    0x4C, 0x87, 0x4C, 0x87, 0x4C, 0x87, 0x4C, 0x87, 0x4C, 0x87, 0x7D, 0xC9, 0x4C, 0x87, 0x4C, 0x87,
    0x4C, 0x87, 0x4C, 0x87, 0x4C, 0x87, 0x4C, 0x87, 0x4C, 0x87, 0x7D, 0xC9, 0x4C, 0x87, 0x4C, 0x87,
    0x4C, 0x87, 0x4C, 0x87, 0x4C, 0x87, 0x4C, 0x87, 0x4C, 0x87, 0x4C, 0x87, 0x4C, 0x87, 0x4C, 0x87,
    0x4C, 0x87, 0x4C, 0x87, 0x4C, 0x87, 0x4C, 0x87, 0x4C, 0x87, 0x4C, 0x87, 0x4C, 0x87, 0x4C, 0x87,
    0x4C, 0x87, 0x4C, 0x87, 0x4C, 0x87, 0x4C, 0x87, 0x4C, 0x87, 0x4C, 0x87, 0x4C, 0x87, 0x4C, 0x87,
    0x4C, 0x87, 0x4C, 0x87, 0x4C, 0x87, 0x4C, 0x87, 0x4C, 0x87, 0x4C, 0x87, 0x4C, 0x87, 0x4C, 0x87,
    0x4C, 0x87, 0x2B, 0x65, 0x4C, 0x87, 0x4C, 0x87, 0x4C, 0x87, 0x2B, 0x65, 0x4C, 0x87, 0x4C, 0x87,
    0x4C, 0x87, 0x2B, 0x65, 0x4C, 0x87, 0x4C, 0x87, 0x4C, 0x87, 0x2B, 0x65, 0x4C, 0x87, 0x4C, 0x87,
    0x4C, 0x87, 0x4C, 0x87, 0x4C, 0x87, 0x4C, 0x87, 0x4C, 0x87, 0x4C, 0x87, 0x4C, 0x87, 0x4C, 0x87,
    0x4C, 0x87, 0x4C, 0x87, 0x4C, 0x87, 0x4C, 0x87, 0x4C, 0x87, 0x4C, 0x87, 0x4C, 0x87, 0x4C, 0x87,
    0x4C, 0x87, 0x4C, 0x87, 0x4C, 0x87, 0x4C, 0x87, 0x4C, 0x87, 0x4C, 0x87, 0x4C, 0x87, 0x4C, 0x87,
    0x4C, 0x87, 0x4C, 0x87, 0x4C, 0x87, 0x4C, 0x87, 0x4C, 0x87, 0x4C, 0x87, 0x4C, 0x87, 0x4C, 0x87,
    0x4C, 0x87, 0x4C, 0x87, 0x4C, 0x87, 0x4C, 0x87, 0x4C, 0x87, 0x4C, 0x87, 0x4C, 0x87, 0x4C, 0x87,
    0x4C, 0x87, 0x4C, 0x87, 0x4C, 0x87, 0x4C, 0x87, 0x4C, 0x87, 0x4C, 0x87, 0x4C, 0x87, 0x4C, 0x87,
    0x4C, 0x87, 0x2B, 0x65, 0x4C, 0x87, 0x4C, 0x87, 0x4C, 0x87, 0x2B, 0x65, 0x4C, 0x87, 0x4C, 0x87,
    0x4C, 0x87, 0x2B, 0x65, 0x4C, 0x87, 0x4C, 0x87, 0x4C, 0x87, 0x2B, 0x65, 0x4C, 0x87, 0x4C, 0x87,
    0x4C, 0x87, 0x4C, 0x87, 0x4C, 0x87, 0x4C, 0x87, 0x4C, 0x87, 0x7D, 0xC9, 0x4C, 0x87, 0x4C, 0x87,
    0x4C, 0x87, 0x4C, 0x87, 0x4C, 0x87, 0x4C, 0x87, 0x4C, 0x87, 0x7D, 0xC9, 0x4C, 0x87, 0x4C, 0x87,
    0x4C, 0x87, 0x4C, 0x87, 0x4C, 0x87, 0x4C, 0x87, 0x4C, 0x87, 0x4C, 0x87, 0x4C, 0x87, 0x4C, 0x87,
    0x4C, 0x87, 0x4C, 0x87, 0x4C, 0x87, 0x4C, 0x87, 0x4C, 0x87, 0x4C, 0x87, 0x4C, 0x87, 0x4C, 0x87,
    0x4C, 0x87, 0x4C, 0x87, 0x4C, 0x87, 0x4C, 0x87, 0x4C, 0x87, 0x4C, 0x87, 0x4C, 0x87, 0x4C, 0x87,
    0x4C, 0x87, 0x4C, 0x87, 0x4C, 0x87, 0x4C, 0x87, 0x4C, 0x87, 0x4C, 0x87, 0x4C, 0x87, 0x4C, 0x87,
    0x4C, 0x87, 0x2B, 0x65, 0x4C, 0x87, 0x4C, 0x87, 0x4C, 0x87, 0x2B, 0x65, 0x4C, 0x87, 0x4C, 0x87,
    0x4C, 0x87, 0x2B, 0x65, 0x4C, 0x87, 0x4C, 0x87, 0x4C, 0x87, 0x2B, 0x65, 0x4C, 0x87, 0x4C, 0x87,
    0x4C, 0x87, 0x4C, 0x87, 0x4C, 0x87, 0x4C, 0x87, 0x4C, 0x87, 0x4C, 0x87, 0x4C, 0x87, 0x4C, 0x87,
    0x4C, 0x87, 0x4C, 0x87, 0x4C, 0x87, 0x4C, 0x87, 0x4C, 0x87, 0x4C, 0x87, 0x4C, 0x87, 0x4C, 0x87,
    0x4C, 0x87, 0x4C, 0x87, 0x4C, 0x87, 0x4C, 0x87, 0x4C, 0x87, 0x4C, 0x87, 0x4C, 0x87, 0x4C, 0x87,
    0x4C, 0x87, 0x4C, 0x87, 0x4C, 0x87, 0x4C, 0x87, 0x4C, 0x87, 0x4C, 0x87, 0x4C, 0x87, 0x4C, 0x87,
    0x4C, 0x87, 0x4C, 0x87, 0x4C, 0x87, 0x4C, 0x87, 0x4C, 0x87, 0x4C, 0x87, 0x4C, 0x87, 0x4C, 0x87,
    0x4C, 0x87, 0x4C, 0x87, 0x4C, 0x87, 0x4C, 0x87, 0x4C, 0x87, 0x4C, 0x87, 0x4C, 0x87, 0x4C, 0x87,
    0x4C, 0x87, 0x2B, 0x65, 0x4C, 0x87, 0x4C, 0x87, 0x4C, 0x87, 0x2B, 0x65, 0x4C, 0x87, 0x4C, 0x87,
    0x4C, 0x87, 0x2B, 0x65, 0x4C, 0x87, 0x4C, 0x87, 0x4C, 0x87, 0x2B, 0x65, 0x4C, 0x87, 0x4C, 0x87,
    0x4C, 0x87, 0x4C, 0x87, 0x4C, 0x87, 0x4C, 0x87, 0x44, 0xC7, 0x44, 0xC7, 0x1A, 0xA4, 0x4C, 0x87,
    0x4C, 0x87, 0x4C, 0x87, 0x4C, 0x87, 0x4C, 0x87, 0x4C, 0x87, 0x7D, 0xC9, 0x4C, 0x87, 0x4C, 0x87,
    0x4C, 0x87, 0x4C, 0x87, 0x4C, 0x87, 0x44, 0xC7, 0x44, 0xC7, 0x1A, 0xA4, 0x1A, 0xA4, 0x1A, 0xA4,
    0x4C, 0x87, 0x4C, 0x87, 0x4C, 0x87, 0x4C, 0x87, 0x4C, 0x87, 0x4C, 0x87, 0x4C, 0x87, 0x4C, 0x87,
    0x4C, 0x87, 0x4C, 0x87, 0x4C, 0x87, 0x44, 0xC7, 0x1A, 0xA4, 0x1A, 0xA4, 0x11, 0xC3, 0x11, 0xC3,
    0x4C, 0x87, 0x4C, 0x87, 0x4C, 0x87, 0x4C, 0x87, 0x4C, 0x87, 0x4C, 0x87, 0x4C, 0x87, 0x4C, 0x87,
    0x4C, 0x87, 0x2B, 0x65, 0x4C, 0x87, 0x4C, 0x87, 0x1A, 0xA4, 0x1A, 0xA4, 0x11, 0xC3, 0x4C, 0x87,
    0x4C, 0x87, 0x44, 0xC7, 0x44, 0xC7, 0x1A, 0xA4, 0x4C, 0x87, 0x2B, 0x65, 0x4C, 0x87, 0x4C, 0x87,
    0x4C, 0x87, 0x4C, 0x87, 0x4C, 0x87, 0x4C, 0x87, 0x4C, 0x87, 0x59, 0xC4, 0x4C, 0x87, 0x4C, 0x87,
    0x44, 0xC7, 0x44, 0xC7, 0x1A, 0xA4, 0x1A, 0xA4, 0x1A, 0xA4, 0x4C, 0x87, 0x4C, 0x87, 0x4C, 0x87,
    0x4C, 0x87, 0x4C, 0x87, 0x4C, 0x87, 0x4C, 0x87, 0x4C, 0x87, 0x59, 0xC4, 0x4C, 0x87, 0x4C, 0x87,
    0x44, 0xC7, 0x1A, 0xA4, 0x1A, 0xA4, 0x11, 0xC3, 0x11, 0xC3, 0x4C, 0x87, 0x4C, 0x87, 0x4C, 0x87,
    0x4C, 0x87, 0x4C, 0x87, 0x4C, 0x87, 0x4C, 0x87, 0x4C, 0x87, 0x4C, 0x87, 0x4C, 0x87, 0x4C, 0x87,
    0x4C, 0x87, 0x1A, 0xA4, 0x1A, 0xA4, 0x11, 0xC3, 0x4C, 0x87, 0x4C, 0x87, 0x4C, 0x87, 0x4C, 0x87,
    0x4C, 0x87, 0x2B, 0x65, 0x4C, 0x87, 0x4C, 0x87, 0x4C, 0x87, 0x2B, 0x65, 0x4C, 0x87, 0x4C, 0x87,
    0x4C, 0x87, 0x2B, 0x65, 0x59, 0xC4, 0x4C, 0x87, 0x4C, 0x87, 0x2B, 0x65, 0x4C, 0x87, 0x4C, 0x87,
    0x4C, 0x87, 0x4C, 0x87, 0x4C, 0x87, 0x4C, 0x87, 0x4C, 0x87, 0x7D, 0xC9, 0x4C, 0x87, 0x4C, 0x87,
    0x4C, 0x87, 0x4C, 0x87, 0x59, 0xC4, 0x4C, 0x87, 0x4C, 0x87, 0x7D, 0xC9, 0x4C, 0x87, 0x4C, 0x87,
    0x4C, 0x87, 0x4C, 0x87, 0x4C, 0x87, 0x4C, 0x87, 0x4C, 0x87, 0x4C, 0x87, 0x4C, 0x87, 0x4C, 0x87,
    0x4C, 0x87, 0x4C, 0x87, 0x4C, 0x87, 0x4C, 0x87, 0x4C, 0x87, 0x4C, 0x87, 0x4C, 0x87, 0x4C, 0x87,
    0x4C, 0x87, 0x4C, 0x87, 0x4C, 0x87, 0x4C, 0x87, 0x4C, 0x87, 0x4C, 0x87, 0x4C, 0x87, 0x4C, 0x87,
    0x4C, 0x87, 0x4C, 0x87, 0x4C, 0x87, 0x4C, 0x87, 0x4C, 0x87, 0x4C, 0x87, 0x4C, 0x87, 0x4C, 0x87,
    0x4C, 0x87, 0x2B, 0x65, 0x4C, 0x87, 0x4C, 0x87, 0x4C, 0x87, 0x2B, 0x65, 0x4C, 0x87, 0x4C, 0x87,
    0x4C, 0x87, 0x2B, 0x65, 0x4C, 0x87, 0x4C, 0x87, 0x4C, 0x87, 0x2B, 0x65, 0x4C, 0x87, 0x4C, 0x87,
    0x4C, 0x87, 0x4C, 0x87, 0x4C, 0x87, 0x4C, 0x87, 0x4C, 0x87, 0x4C, 0x87, 0x4C, 0x87, 0x4C, 0x87,
    0x4C, 0x87, 0x4C, 0x87, 0x4C, 0x87, 0x4C, 0x87, 0x4C, 0x87, 0x4C, 0x87, 0x4C, 0x87, 0x4C, 0x87,
    0x4C, 0x87, 0x4C, 0x87, 0x4C, 0x87, 0x4C, 0x87, 0x4C, 0x87, 0x4C, 0x87, 0x4C, 0x87, 0x4C, 0x87,
    0x4C, 0x87, 0x4C, 0x87, 0x4C, 0x87, 0x4C, 0x87, 0x4C, 0x87, 0x4C, 0x87, 0x4C, 0x87, 0x4C, 0x87,
    0x4C, 0x87, 0x4C, 0x87, 0x4C, 0x87, 0x4C, 0x87, 0x4C, 0x87, 0x4C, 0x87, 0x4C, 0x87, 0x4C, 0x87,
    0x4C, 0x87, 0x4C, 0x87, 0x4C, 0x87, 0x4C, 0x87, 0x4C, 0x87, 0x4C, 0x87, 0x4C, 0x87, 0x4C, 0x87,
    0x4C, 0x87, 0x2B, 0x65, 0x4C, 0x87, 0x4C, 0x87, 0x4C, 0x87, 0x2B, 0x65, 0x4C, 0x87, 0x4C, 0x87,
    0x4C, 0x87, 0x2B, 0x65, 0x4C, 0x87, 0x4C, 0x87, 0x4C, 0x87, 0x2B, 0x65, 0x4C, 0x87, 0x4C, 0x87,
    0x4C, 0x87, 0x4C, 0x87, 0x4C, 0x87, 0x4C, 0x87, 0x4C, 0x87, 0x7D, 0xC9, 0x4C, 0x87, 0x4C, 0x87,
    0x4C, 0x87, 0x4C, 0x87, 0x4C, 0x87, 0x4C, 0x87, 0x4C, 0x87, 0x7D, 0xC9, 0x4C, 0x87, 0x4C, 0x87,
    0x4C, 0x87, 0x4C, 0x87, 0x4C, 0x87, 0x4C, 0x87, 0x4C, 0x87, 0x4C, 0x87, 0x4C, 0x87, 0xC3, 0x08,
    0x91, 0xE5, 0x4C, 0x87, 0x4C, 0x87, 0x4C, 0x87, 0x4C, 0x87, 0x4C, 0x87, 0x4C, 0x87, 0x4C, 0x87,
    0x4C, 0x87, 0x4C, 0x87, 0x4C, 0x87, 0x4C, 0x87, 0x4C, 0x87, 0x4C, 0x87, 0xC3, 0x08, 0xC3, 0x08,
    0x91, 0xE5, 0x91, 0xE5, 0x4C, 0x87, 0x4C, 0x87, 0x4C, 0x87, 0x4C, 0x87, 0x4C, 0x87, 0x4C, 0x87,
    0x4C, 0x87, 0x2B, 0x65, 0x4C, 0x87, 0x4C, 0x87, 0x4C, 0x87, 0xC3, 0x08, 0xC3, 0x08, 0xC3, 0x08,
    0x91, 0xE5, 0x91, 0xE5, 0x91, 0xE5, 0x4C, 0x87, 0x4C, 0x87, 0x2B, 0x65, 0x4C, 0x87, 0x4C, 0x87,
    0x4C, 0x87, 0x4C, 0x87, 0x4C, 0x87, 0x4C, 0x87, 0xC3, 0x08, 0xC3, 0x08, 0xC3, 0x08, 0xC3, 0x08,
    0x91, 0xE5, 0x91, 0xE5, 0x91, 0xE5, 0x91, 0xE5, 0x4C, 0x87, 0x4C, 0x87, 0x4C, 0x87, 0x4C, 0x87,
    0x4C, 0x87, 0x4C, 0x87, 0x4C, 0x87, 0x4C, 0x87, 0x4C, 0x87, 0xB4, 0x4B, 0xB4, 0x4B, 0xB4, 0x4B,
    0x83, 0x27, 0x83, 0x27, 0x83, 0x27, 0x4C, 0x87, 0x4C, 0x87, 0x4C, 0x87, 0x4C, 0x87, 0x4C, 0x87,
    0x4C, 0x87, 0x4C, 0x87, 0x4C, 0x87, 0x4C, 0x87, 0x4C, 0x87, 0xB4, 0x4B, 0xB4, 0x4B, 0x41, 0x63,
    0x41, 0x63, 0x83, 0x27, 0x83, 0x27, 0x4C, 0x87, 0x4C, 0x87, 0x4C, 0x87, 0x4C, 0x87, 0x4C, 0x87,
    0x4C, 0x87, 0x2B, 0x65, 0x4C, 0x87, 0x4C, 0x87, 0x4C, 0x87, 0xB4, 0x4B, 0xB4, 0x4B, 0x41, 0x63,
    0x41, 0x63, 0x83, 0x27, 0x83, 0x27, 0x4C, 0x87, 0x4C, 0x87, 0x2B, 0x65, 0x4C, 0x87, 0x4C, 0x87,
    0x4C, 0x87, 0x4C, 0x87, 0x4C, 0x87, 0x4C, 0x87, 0x4C, 0x87, 0xB4, 0x4B, 0xB4, 0x4B, 0x41, 0x63,
    0x41, 0x63, 0x83, 0x27, 0x83, 0x27, 0x4C, 0x87, 0x4C, 0x87, 0x7D, 0xC9, 0x4C, 0x87, 0x4C, 0x87,
    0x4C, 0x87, 0x4C, 0x87, 0x4C, 0x87, 0x4C, 0x87, 0x4C, 0x87, 0x4C, 0x87, 0x4C, 0x87, 0x4C, 0x87,
    0x4C, 0x87, 0x4C, 0x87, 0x4C, 0x87, 0x4C, 0x87, 0x4C, 0x87, 0x4C, 0x87, 0x4C, 0x87, 0x4C, 0x87,
    0x4C, 0x87, 0x4C, 0x87, 0x4C, 0x87, 0x4C, 0x87, 0x4C, 0x87, 0x4C, 0x87, 0x4C, 0x87, 0x4C, 0x87,
    0x4C, 0x87, 0x4C, 0x87, 0x4C, 0x87, 0x4C, 0x87, 0x4C, 0x87, 0x4C, 0x87, 0x4C, 0x87, 0x4C, 0x87,
    0x4C, 0x87, 0x2B, 0x65, 0x4C, 0x87, 0x4C, 0x87, 0x4C, 0x87, 0x2B, 0x65, 0x4C, 0x87, 0x4C, 0x87,
    0x4C, 0x87, 0x2B, 0x65, 0x4C, 0x87, 0x4C, 0x87, 0x4C, 0x87, 0x2B, 0x65, 0x4C, 0x87, 0x4C, 0x87,
    0x4C, 0x87, 0x4C, 0x87, 0x4C, 0x87, 0x4C, 0x87, 0x4C, 0x87, 0x4C, 0x87, 0x4C, 0x87, 0x4C, 0x87,
    0x4C, 0x87, 0x4C, 0x87, 0x4C, 0x87, 0x4C, 0x87, 0x4C, 0x87, 0x4C, 0x87, 0x4C, 0x87, 0x4C, 0x87,
};

const wfc_tileset_blob_t wfc_tilesets[WFC_TILESET_N] = {
    { "circuit", 12u, wfc_tile_circuit },
    { "pipes", 12u, wfc_tile_pipes },
    { "dungeon", 25u, wfc_tile_dungeon },
    { "island", 18u, wfc_tile_island },
};
